Feb. 1 2018,-3.76%
Jan. 31 2018,-3.80%
Jan. 30 2018,-3.79%
Jan. 29 2018,-3.73%
Jan. 26 2018,-3.72%
Jan. 25 2018,-3.75%
Jan. 24 2018,-3.75%
Jan. 23 2018,-3.79%
Jan. 22 2018,-3.79%
Jan. 19 2018,-3.81%
Jan. 18 2018,-3.85%
Jan. 17 2018,-3.85%
Jan. 16 2018,-3.86%
Jan. 12 2018,-3.88%
Jan. 11 2018,-3.94%
Jan. 10 2018,-3.94%
Jan. 9 2018,-3.96%
Jan. 8 2018,-4.00%
Jan. 5 2018,-3.95%
Jan. 4 2018,-3.95%
Jan. 3 2018,-4.00%
Jan. 2 2018,-4.01%
Dec. 29 2017,6.97%
Dec. 28 2017,6.91%
Dec. 27 2017,6.93%
Dec. 26 2017,6.94%
Dec. 22 2017,6.88%
Dec. 21 2017,6.85%
Dec. 20 2017,6.95%
Dec. 19 2017,6.95%
Dec. 18 2017,6.86%
Dec. 15 2017,6.94%
Dec. 14 2017,7.02%
Dec. 13 2017,6.91%
Dec. 12 2017,6.82%
Dec. 11 2017,6.84%
Dec. 8 2017,6.86%
Dec. 7 2017,6.92%
Dec. 6 2017,6.88%
Dec. 5 2017,6.78%
Dec. 4 2017,6.73%
Dec. 1 2017,6.87%
Nov. 30 2017,6.87%
Nov. 29 2017,6.92%
Nov. 28 2017,7.04%
Nov. 27 2017,7.27%
Nov. 24 2017,7.21%
Nov. 22 2017,7.18%
Nov. 21 2017,7.17%
Nov. 20 2017,7.20%
Nov. 17 2017,7.28%
Nov. 16 2017,7.24%
Nov. 15 2017,7.24%
Nov. 14 2017,7.26%
Nov. 13 2017,7.21%
Nov. 10 2017,7.18%
Nov. 9 2017,7.17%
Nov. 8 2017,7.17%
Nov. 7 2017,7.14%
Nov. 6 2017,7.03%
Nov. 3 2017,7.01%
Nov. 2 2017,6.94%
Nov. 1 2017,7.01%
Oct. 31 2017,7.06%
Oct. 30 2017,7.03%
Oct. 27 2017,7.03%
Oct. 26 2017,7.03%
Oct. 25 2017,7.05%
Oct. 24 2017,6.99%
Oct. 23 2017,7.06%
Oct. 20 2017,7.06%
Oct. 19 2017,7.12%
Oct. 18 2017,7.10%
Oct. 17 2017,7.19%
Oct. 16 2017,7.23%
Oct. 13 2017,7.20%
Oct. 12 2017,7.17%
Oct. 11 2017,6.93%
Oct. 10 2017,6.90%
Oct. 9 2017,6.88%
Oct. 6 2017,6.86%
Oct. 5 2017,6.85%
Oct. 4 2017,7.01%
Oct. 3 2017,7.00%
Oct. 2 2017,7.03%
Sept. 29 2017,6.89%
Sept. 28 2017,6.90%
Sept. 27 2017,6.93%
Sept. 26 2017,7.06%
Sept. 25 2017,7.07%
Sept. 22 2017,7.02%
Sept. 21 2017,6.98%
Sept. 20 2017,7.01%
Sept. 19 2017,7.04%
Sept. 18 2017,7.10%
Sept. 15 2017,7.26%
Sept. 14 2017,7.24%
Sept. 13 2017,7.22%
Sept. 12 2017,7.28%
Sept. 11 2017,7.40%
Sept. 8 2017,7.57%
Sept. 7 2017,7.58%
Sept. 6 2017,7.44%
Sept. 5 2017,7.46%
Sept. 1 2017,7.31%
Aug. 31 2017,7.36%
Aug. 30 2017,7.37%
Aug. 29 2017,7.42%
Aug. 28 2017,7.39%
Aug. 25 2017,7.38%
Aug. 24 2017,7.40%
Aug. 23 2017,7.45%
Aug. 22 2017,7.49%
Aug. 21 2017,7.60%
Aug. 18 2017,7.52%
Aug. 17 2017,7.52%
Aug. 16 2017,7.40%
Aug. 15 2017,7.37%
Aug. 14 2017,7.38%
Aug. 11 2017,7.50%
Aug. 10 2017,7.45%
Aug. 9 2017,7.32%
Aug. 8 2017,7.27%
Aug. 7 2017,7.26%
Aug. 4 2017,7.26%
Aug. 3 2017,7.35%
Aug. 2 2017,7.22%
Aug. 1 2017,7.20%
July 31 2017,7.32%
July 28 2017,7.43%
July 27 2017,7.41%
July 26 2017,7.37%
July 25 2017,7.36%
July 24 2017,7.58%
July 21 2017,7.59%
July 20 2017,7.55%
July 19 2017,7.51%
July 18 2017,7.49%
July 17 2017,7.50%
July 14 2017,7.51%
July 13 2017,7.48%
July 12 2017,7.49%
July 11 2017,7.50%
July 10 2017,7.41%
July 7 2017,7.38%
July 6 2017,7.41%
July 5 2017,7.32%
July 3 2017,7.34%
June 30 2017,7.49%
June 29 2017,7.42%
June 28 2017,7.62%
June 27 2017,7.74%
June 26 2017,7.79%
June 23 2017,7.84%
June 22 2017,7.81%
June 21 2017,7.79%
June 20 2017,7.78%
June 19 2017,7.71%
June 16 2017,7.78%
June 15 2017,7.75%
June 14 2017,7.68%
June 13 2017,7.68%
June 12 2017,7.73%
June 9 2017,7.71%
June 8 2017,7.86%
June 7 2017,8.03%
June 6 2017,8.15%
June 5 2017,8.11%
June 2 2017,8.13%
June 1 2017,8.14%
May 31 2017,8.21%
May 30 2017,8.06%
May 26 2017,8.01%
May 25 2017,8.02%
May 24 2017,7.98%
May 23 2017,8.05%
May 22 2017,8.14%
May 19 2017,8.13%
May 18 2017,8.27%
May 17 2017,8.29%
May 16 2017,7.95%
May 15 2017,8.09%
May 12 2017,8.14%
May 11 2017,8.19%
May 10 2017,8.23%
May 9 2017,8.25%
May 8 2017,8.21%
May 5 2017,8.25%
May 4 2017,8.25%
May 3 2017,8.25%
May 2 2017,8.32%
May 1 2017,8.36%
April 28 2017,8.41%
April 27 2017,8.37%
April 26 2017,8.27%
April 25 2017,8.25%
April 24 2017,8.36%
April 21 2017,8.61%
April 20 2017,8.51%
April 19 2017,8.61%
April 18 2017,8.51%
April 17 2017,8.43%
April 13 2017,8.56%
April 12 2017,8.49%
April 11 2017,8.42%
April 10 2017,8.38%
April 7 2017,8.36%
April 6 2017,8.30%
April 5 2017,8.34%
April 4 2017,8.33%
April 3 2017,8.33%
March 31 2017,8.31%
March 30 2017,7.80%
March 29 2017,7.95%
March 28 2017,7.94%
March 27 2017,8.09%
March 24 2017,8.13%
March 23 2017,8.13%
March 22 2017,8.17%
March 21 2017,8.13%
March 20 2017,7.92%
March 17 2017,7.82%
March 16 2017,7.72%
March 15 2017,7.76%
March 14 2017,7.68%
March 13 2017,7.67%
March 10 2017,7.68%
March 9 2017,7.67%
March 8 2017,7.72%
March 7 2017,7.80%
March 6 2017,7.83%
March 3 2017,7.74%
March 2 2017,7.78%
March 1 2017,7.67%
Feb. 28 2017,7.89%
Feb. 27 2017,7.86%
Feb. 24 2017,7.92%
Feb. 23 2017,7.79%
Feb. 22 2017,7.79%
Feb. 21 2017,7.80%
Feb. 17 2017,7.84%
Feb. 16 2017,7.82%
Feb. 15 2017,7.80%
Feb. 14 2017,7.89%
Feb. 13 2017,8.01%
Feb. 10 2017,8.19%
Feb. 9 2017,8.24%
Feb. 8 2017,8.38%
Feb. 7 2017,8.25%
Feb. 6 2017,8.19%
Feb. 3 2017,8.17%
Feb. 2 2017,8.43%
Feb. 1 2017,8.42%
Jan. 31 2017,8.45%
Jan. 30 2017,8.34%
Jan. 27 2017,8.26%
Jan. 26 2017,8.23%
Jan. 25 2017,8.18%
Jan. 24 2017,8.32%
Jan. 23 2017,8.48%
Jan. 20 2017,8.41%
Jan. 19 2017,8.33%
Jan. 18 2017,8.22%
Jan. 17 2017,8.08%
Jan. 13 2017,7.92%
Jan. 12 2017,7.97%
Jan. 11 2017,7.87%
Jan. 10 2017,7.84%
Jan. 9 2017,7.84%
Jan. 6 2017,7.80%
Jan. 5 2017,7.82%
Jan. 4 2017,7.69%
Jan. 3 2017,7.79%
Dec. 30 2016,7.74%
Dec. 29 2016,7.75%
Dec. 28 2016,7.66%
Dec. 27 2016,7.53%
Dec. 23 2016,7.54%
Dec. 22 2016,7.60%
Dec. 21 2016,7.57%
Dec. 20 2016,7.57%
Dec. 19 2016,7.71%
Dec. 16 2016,7.70%
Dec. 15 2016,7.64%
Dec. 14 2016,7.74%
Dec. 13 2016,7.69%
Dec. 12 2016,7.72%
Dec. 9 2016,7.66%
Dec. 8 2016,7.65%
Dec. 7 2016,7.79%
Dec. 6 2016,7.94%
Dec. 5 2016,8.03%
Dec. 2 2016,8.21%
Dec. 1 2016,8.03%
Nov. 30 2016,8.16%
Nov. 29 2016,8.29%
Nov. 28 2016,8.29%
Nov. 25 2016,8.10%
Nov. 23 2016,8.11%
Nov. 22 2016,8.20%
Nov. 21 2016,8.28%
Nov. 18 2016,8.29%
Nov. 17 2016,8.30%
Nov. 16 2016,8.42%
Nov. 15 2016,8.30%
Nov. 14 2016,8.41%
Nov. 11 2016,8.71%
Nov. 10 2016,8.58%
Nov. 9 2016,8.92%
Nov. 8 2016,9.22%
Nov. 7 2016,9.23%
Nov. 4 2016,9.55%
Nov. 3 2016,9.55%
Nov. 2 2016,9.48%
Nov. 1 2016,9.40%
Oct. 31 2016,9.36%
Oct. 28 2016,9.28%
Oct. 27 2016,9.21%
Oct. 26 2016,9.20%
Oct. 25 2016,9.28%
Oct. 24 2016,9.28%
Oct. 21 2016,9.28%
Oct. 20 2016,9.28%
Oct. 19 2016,9.30%
Oct. 18 2016,9.39%
Oct. 17 2016,9.46%
Oct. 14 2016,9.46%
Oct. 13 2016,9.49%
Oct. 12 2016,9.45%
Oct. 11 2016,9.39%
Oct. 10 2016,9.28%
Oct. 7 2016,9.33%
Oct. 6 2016,9.37%
Oct. 5 2016,9.46%
Oct. 4 2016,9.63%
Oct. 3 2016,9.78%
Sept. 30 2016,9.74%
Sept. 29 2016,10.28%
Sept. 28 2016,10.05%
Sept. 27 2016,10.16%
Sept. 26 2016,10.26%
Sept. 23 2016,9.99%
Sept. 22 2016,10.00%
Sept. 21 2016,10.04%
Sept. 20 2016,10.12%
Sept. 19 2016,10.11%
Sept. 16 2016,10.15%
Sept. 15 2016,10.00%
Sept. 14 2016,10.07%
Sept. 13 2016,10.04%
Sept. 12 2016,9.86%
Sept. 9 2016,9.99%
Sept. 8 2016,9.86%
Sept. 7 2016,9.92%
Sept. 6 2016,9.96%
Sept. 2 2016,9.91%
Sept. 1 2016,9.95%
Aug. 31 2016,9.87%
Aug. 30 2016,9.83%
Aug. 29 2016,9.97%
Aug. 26 2016,10.00%
Aug. 25 2016,10.08%
Aug. 24 2016,10.09%
Aug. 23 2016,10.11%
Aug. 22 2016,10.09%
Aug. 19 2016,10.12%
Aug. 18 2016,10.13%
Aug. 17 2016,10.10%
Aug. 16 2016,10.10%
Aug. 15 2016,10.15%
Aug. 12 2016,10.33%
Aug. 11 2016,10.30%
Aug. 10 2016,10.36%
Aug. 9 2016,10.26%
Aug. 8 2016,10.25%
Aug. 5 2016,10.30%
Aug. 4 2016,10.74%
Aug. 3 2016,10.73%
Aug. 2 2016,10.96%
Aug. 1 2016,10.85%
July 29 2016,10.75%
July 28 2016,10.69%
July 27 2016,10.63%
July 26 2016,10.67%
July 25 2016,10.69%
July 22 2016,10.63%
July 21 2016,10.67%
July 20 2016,10.59%
July 19 2016,10.62%
July 18 2016,10.57%
July 15 2016,10.62%
July 14 2016,10.60%
July 13 2016,10.87%
July 12 2016,10.84%
July 11 2016,11.14%
July 8 2016,11.22%
July 7 2016,11.41%
July 6 2016,11.47%
July 5 2016,11.55%
July 1 2016,11.17%
June 30 2016,11.11%
June 29 2016,11.82%
June 28 2016,12.31%
June 27 2016,12.94%
June 24 2016,12.36%
June 23 2016,11.20%
June 22 2016,11.67%
June 21 2016,11.60%
June 20 2016,11.64%
June 17 2016,11.72%
June 16 2016,11.82%
June 15 2016,11.85%
June 14 2016,11.87%
June 13 2016,11.54%
June 10 2016,11.34%
June 9 2016,11.06%
June 8 2016,10.93%
June 7 2016,10.94%
June 6 2016,10.89%
June 3 2016,10.97%
June 2 2016,10.60%
June 1 2016,10.61%
May 31 2016,10.69%
May 27 2016,10.69%
May 26 2016,10.80%
May 25 2016,10.61%
May 24 2016,10.86%
May 23 2016,11.04%
May 20 2016,11.09%
May 19 2016,11.05%
May 18 2016,10.86%
May 17 2016,11.40%
May 16 2016,11.54%
May 13 2016,11.55%
May 12 2016,11.32%
May 11 2016,11.20%
May 10 2016,11.11%
May 9 2016,11.35%
May 6 2016,11.21%
May 5 2016,11.26%
May 4 2016,11.15%
May 3 2016,10.93%
May 2 2016,10.67%
April 29 2016,10.76%
April 28 2016,10.66%
April 27 2016,10.52%
April 26 2016,10.57%
April 25 2016,10.67%
April 22 2016,10.60%
April 21 2016,10.69%
April 20 2016,10.65%
April 19 2016,10.91%
April 18 2016,11.04%
April 15 2016,11.09%
April 14 2016,11.07%
April 13 2016,11.25%
April 12 2016,11.89%
April 11 2016,12.11%
April 8 2016,12.31%
April 7 2016,12.37%
April 6 2016,11.90%
April 5 2016,12.00%
April 4 2016,11.84%
April 1 2016,11.73%
March 31 2016,11.93%
March 30 2016,12.87%
March 29 2016,12.92%
March 28 2016,12.86%
March 24 2016,12.85%
March 23 2016,12.72%
March 22 2016,12.43%
March 21 2016,12.36%
March 18 2016,12.38%
March 17 2016,12.58%
March 16 2016,12.76%
March 15 2016,12.66%
March 14 2016,12.63%
March 11 2016,12.54%
March 10 2016,13.03%
March 9 2016,13.10%
March 8 2016,13.13%
March 7 2016,12.65%
March 4 2016,12.58%
March 3 2016,12.58%
March 2 2016,12.77%
March 1 2016,13.06%
Feb. 29 2016,13.87%
Feb. 26 2016,13.65%
Feb. 25 2016,13.96%
Feb. 24 2016,14.15%
Feb. 23 2016,14.10%
Feb. 22 2016,13.64%
Feb. 19 2016,13.82%
Feb. 18 2016,13.85%
Feb. 17 2016,13.55%
Feb. 16 2016,13.86%
Feb. 12 2016,14.36%
Feb. 11 2016,15.41%
Feb. 10 2016,14.41%
Feb. 9 2016,14.37%
Feb. 8 2016,14.26%
Feb. 5 2016,13.52%
Feb. 4 2016,13.21%
Feb. 3 2016,13.35%
Feb. 2 2016,13.34%
Feb. 1 2016,12.69%
Jan. 29 2016,12.66%
Jan. 28 2016,13.34%
Jan. 27 2016,13.29%
Jan. 26 2016,13.31%
Jan. 25 2016,13.63%
Jan. 22 2016,13.13%
Jan. 21 2016,13.42%
Jan. 20 2016,13.31%
Jan. 19 2016,12.85%
Jan. 15 2016,12.69%
Jan. 14 2016,11.88%
Jan. 13 2016,11.93%
Jan. 12 2016,11.50%
Jan. 11 2016,11.50%
Jan. 8 2016,11.68%
Jan. 7 2016,11.33%
Jan. 6 2016,10.75%
Jan. 5 2016,10.60%
Jan. 4 2016,10.54%
Dec. 31 2015,10.42%
Dec. 30 2015,8.47%
Dec. 29 2015,8.36%
Dec. 28 2015,8.46%
Dec. 24 2015,8.40%
Dec. 23 2015,8.42%
Dec. 22 2015,8.52%
Dec. 21 2015,8.55%
Dec. 18 2015,8.65%
Dec. 17 2015,8.38%
Dec. 16 2015,8.22%
Dec. 15 2015,8.43%
Dec. 14 2015,8.67%
Dec. 11 2015,8.67%
Dec. 10 2015,8.41%
Dec. 9 2015,8.39%
Dec. 8 2015,8.30%
Dec. 7 2015,8.14%
Dec. 4 2015,8.04%
Dec. 3 2015,8.28%
Dec. 2 2015,8.18%
Dec. 1 2015,8.07%
Nov. 30 2015,8.19%
Nov. 27 2015,8.17%
Nov. 25 2015,8.19%
Nov. 24 2015,8.18%
Nov. 23 2015,8.16%
Nov. 20 2015,8.09%
Nov. 19 2015,8.05%
Nov. 18 2015,8.06%
Nov. 17 2015,8.28%
Nov. 16 2015,8.25%
Nov. 13 2015,8.33%
Nov. 12 2015,8.29%
Nov. 11 2015,8.07%
Nov. 10 2015,7.94%
Nov. 9 2015,7.95%
Nov. 6 2015,7.93%
Nov. 5 2015,8.18%
Nov. 4 2015,8.23%
Nov. 3 2015,8.18%
Nov. 2 2015,8.23%
Oct. 30 2015,8.33%
Oct. 29 2015,8.26%
Oct. 28 2015,8.09%
Oct. 27 2015,8.42%
Oct. 26 2015,8.34%
Oct. 23 2015,8.26%
Oct. 22 2015,8.44%
Oct. 21 2015,8.55%
Oct. 20 2015,8.38%
Oct. 19 2015,8.38%
Oct. 16 2015,8.41%
Oct. 15 2015,8.36%
Oct. 14 2015,8.73%
Oct. 13 2015,8.65%
Oct. 12 2015,8.64%
Oct. 9 2015,8.62%
Oct. 8 2015,8.58%
Oct. 7 2015,8.63%
Oct. 6 2015,8.68%
Oct. 5 2015,8.66%
Oct. 2 2015,8.88%
Oct. 1 2015,8.88%
Sept. 30 2015,8.93%
Sept. 29 2015,8.08%
Sept. 28 2015,8.08%
Sept. 25 2015,7.83%
Sept. 24 2015,8.06%
Sept. 23 2015,7.90%
Sept. 22 2015,7.86%
Sept. 21 2015,7.81%
Sept. 18 2015,7.87%
Sept. 17 2015,7.67%
Sept. 16 2015,7.53%
Sept. 15 2015,7.62%
Sept. 14 2015,7.77%
Sept. 11 2015,7.75%
Sept. 10 2015,7.75%
Sept. 9 2015,7.78%
Sept. 8 2015,7.67%
Sept. 4 2015,7.83%
Sept. 3 2015,7.65%
Sept. 2 2015,7.65%
Sept. 1 2015,7.77%
Aug. 31 2015,7.40%
Aug. 28 2015,7.43%
Aug. 27 2015,7.41%
Aug. 26 2015,7.57%
Aug. 25 2015,7.94%
Aug. 24 2015,7.87%
Aug. 21 2015,7.39%
Aug. 20 2015,7.16%
Aug. 19 2015,6.95%
Aug. 18 2015,6.88%
Aug. 17 2015,6.85%
Aug. 14 2015,6.88%
Aug. 13 2015,6.91%
Aug. 12 2015,6.96%
Aug. 11 2015,6.87%
Aug. 10 2015,6.74%
Aug. 7 2015,6.84%
Aug. 6 2015,6.82%
Aug. 5 2015,6.74%
Aug. 4 2015,6.77%
Aug. 3 2015,6.78%
July 31 2015,6.77%
July 30 2015,6.73%
July 29 2015,6.72%
July 28 2015,6.78%
July 27 2015,6.83%
July 24 2015,6.75%
July 23 2015,6.61%
July 22 2015,6.56%
July 21 2015,6.70%
July 20 2015,6.73%
July 17 2015,6.74%
July 16 2015,6.76%
July 15 2015,7.01%
July 14 2015,7.08%
July 13 2015,7.13%
July 10 2015,7.26%
July 9 2015,7.37%
July 8 2015,7.50%
July 7 2015,7.27%
July 6 2015,7.19%
July 2 2015,7.15%
July 1 2015,7.11%
June 30 2015,7.17%
June 29 2015,4.52%
June 26 2015,4.40%
June 25 2015,4.41%
June 24 2015,4.38%
June 23 2015,4.32%
June 22 2015,4.35%
June 19 2015,4.41%
June 18 2015,4.37%
June 17 2015,4.39%
June 16 2015,4.35%
June 15 2015,4.38%
June 12 2015,4.34%
June 11 2015,4.33%
June 10 2015,4.35%
June 9 2015,4.43%
June 8 2015,4.46%
June 5 2015,4.41%
June 4 2015,4.48%
June 3 2015,4.46%
June 2 2015,4.53%
June 1 2015,4.55%
May 29 2015,4.59%
May 28 2015,4.55%
May 27 2015,4.52%
May 26 2015,4.57%
May 22 2015,4.51%
May 21 2015,4.52%
May 20 2015,4.52%
May 19 2015,4.48%
May 18 2015,4.54%
May 15 2015,4.57%
May 14 2015,4.54%
May 13 2015,4.58%
May 12 2015,4.61%
May 11 2015,4.60%
May 8 2015,4.59%
May 7 2015,4.65%
May 6 2015,4.70%
May 5 2015,4.65%
May 4 2015,4.58%
May 1 2015,4.61%
April 30 2015,4.65%
April 29 2015,4.61%
April 28 2015,4.68%
April 27 2015,4.70%
April 24 2015,4.69%
April 23 2015,4.66%
April 22 2015,4.67%
April 21 2015,4.73%
April 20 2015,4.66%
April 17 2015,4.67%
April 16 2015,4.59%
April 15 2015,4.66%
April 14 2015,4.70%
April 13 2015,4.71%
April 10 2015,4.73%
April 9 2015,4.76%
April 8 2015,4.78%
April 7 2015,4.81%
April 6 2015,4.80%
April 2 2015,4.78%
April 1 2015,4.80%
March 31 2015,4.81%
March 30 2015,4.26%
March 27 2015,4.31%
March 26 2015,4.30%
March 25 2015,4.28%
March 24 2015,4.24%
March 23 2015,4.19%
March 20 2015,4.15%
March 19 2015,4.20%
March 18 2015,4.10%
March 17 2015,4.09%
March 16 2015,4.10%
March 13 2015,4.11%
March 12 2015,4.07%
March 11 2015,4.20%
March 10 2015,4.29%
March 9 2015,4.15%
March 6 2015,4.15%
March 5 2015,4.11%
March 4 2015,4.10%
March 3 2015,4.09%
March 2 2015,4.11%
Feb. 27 2015,4.20%
Feb. 26 2015,4.20%
Feb. 25 2015,4.22%
Feb. 24 2015,4.24%
Feb. 23 2015,4.29%
Feb. 20 2015,4.25%
Feb. 19 2015,4.30%
Feb. 18 2015,4.28%
Feb. 17 2015,4.26%
Feb. 13 2015,4.30%
Feb. 12 2015,4.32%
Feb. 11 2015,4.43%
Feb. 10 2015,4.45%
Feb. 9 2015,4.47%
Feb. 6 2015,4.48%
Feb. 5 2015,4.53%
Feb. 4 2015,4.55%
Feb. 3 2015,4.50%
Feb. 2 2015,4.61%
Jan. 30 2015,4.69%
Jan. 29 2015,4.62%
Jan. 28 2015,4.67%
Jan. 27 2015,4.55%
Jan. 26 2015,4.50%
Jan. 23 2015,4.52%
Jan. 22 2015,4.44%
Jan. 21 2015,4.61%
Jan. 20 2015,4.66%
Jan. 16 2015,4.62%
Jan. 15 2015,4.66%
Jan. 14 2015,4.49%
Jan. 13 2015,4.40%
Jan. 12 2015,4.37%
Jan. 9 2015,4.33%
Jan. 8 2015,4.24%
Jan. 7 2015,4.30%
Jan. 6 2015,4.34%
Jan. 5 2015,4.19%
Jan. 2 2015,4.05%
Dec. 31 2014,4.07%
Dec. 30 2014,5.31%
Dec. 29 2014,5.32%
Dec. 26 2014,5.35%
Dec. 24 2014,5.34%
Dec. 23 2014,5.35%
Dec. 22 2014,5.39%
Dec. 19 2014,5.39%
Dec. 18 2014,5.38%
Dec. 17 2014,5.55%
Dec. 16 2014,5.69%
Dec. 15 2014,5.51%
Dec. 12 2014,5.45%
Dec. 11 2014,5.34%
Dec. 10 2014,5.34%
Dec. 9 2014,5.21%
Dec. 8 2014,5.16%
Dec. 5 2014,5.19%
Dec. 4 2014,5.27%
Dec. 3 2014,5.27%
Dec. 2 2014,5.35%
Dec. 1 2014,5.45%
Nov. 28 2014,5.39%
Nov. 26 2014,5.38%
Nov. 25 2014,5.36%
Nov. 24 2014,5.35%
Nov. 21 2014,5.42%
Nov. 20 2014,5.44%
Nov. 19 2014,5.42%
Nov. 18 2014,5.41%
Nov. 17 2014,5.43%
Nov. 14 2014,5.45%
Nov. 13 2014,5.45%
Nov. 12 2014,5.45%
Nov. 11 2014,5.41%
Nov. 10 2014,5.40%
Nov. 7 2014,5.41%
Nov. 6 2014,5.39%
Nov. 5 2014,5.39%
Nov. 4 2014,5.47%
Nov. 3 2014,5.44%
Oct. 31 2014,5.44%
Oct. 30 2014,5.48%
Oct. 29 2014,5.53%
Oct. 28 2014,5.55%
Oct. 27 2014,5.64%
Oct. 24 2014,5.62%
Oct. 23 2014,5.66%
Oct. 22 2014,5.74%
Oct. 21 2014,5.68%
Oct. 20 2014,5.76%
Oct. 17 2014,5.81%
Oct. 16 2014,5.85%
Oct. 15 2014,5.86%
Oct. 14 2014,5.65%
Oct. 13 2014,5.83%
Oct. 10 2014,5.81%
Oct. 9 2014,5.69%
Oct. 8 2014,5.54%
Oct. 7 2014,5.68%
Oct. 6 2014,5.57%
Oct. 3 2014,5.56%
Oct. 2 2014,5.68%
Oct. 1 2014,5.69%
Sept. 30 2014,5.62%
Sept. 29 2014,5.82%
Sept. 26 2014,5.77%
Sept. 25 2014,5.83%
Sept. 24 2014,5.69%
Sept. 23 2014,5.73%
Sept. 22 2014,5.71%
Sept. 19 2014,5.67%
Sept. 18 2014,5.65%
Sept. 17 2014,5.78%
Sept. 16 2014,5.79%
Sept. 15 2014,5.79%
Sept. 12 2014,5.78%
Sept. 11 2014,5.80%
Sept. 10 2014,5.85%
Sept. 9 2014,5.91%
Sept. 8 2014,5.82%
Sept. 5 2014,5.79%
Sept. 4 2014,5.77%
Sept. 3 2014,5.80%
Sept. 2 2014,5.83%
Aug. 29 2014,5.87%
Aug. 28 2014,5.90%
Aug. 27 2014,5.84%
Aug. 26 2014,5.81%
Aug. 25 2014,5.87%
Aug. 22 2014,5.95%
Aug. 21 2014,5.93%
Aug. 20 2014,6.08%
Aug. 19 2014,6.10%
Aug. 18 2014,6.12%
Aug. 15 2014,6.22%
Aug. 14 2014,6.17%
Aug. 13 2014,6.22%
Aug. 12 2014,6.26%
Aug. 11 2014,6.26%
Aug. 8 2014,6.25%
Aug. 7 2014,6.30%
Aug. 6 2014,6.29%
Aug. 5 2014,6.33%
Aug. 4 2014,6.27%
Aug. 1 2014,6.30%
July 31 2014,6.20%
July 30 2014,6.06%
July 29 2014,6.13%
July 28 2014,6.10%
July 25 2014,6.06%
July 24 2014,6.05%
July 23 2014,6.04%
July 22 2014,6.11%
July 21 2014,6.14%
July 18 2014,6.11%
July 17 2014,6.16%
July 16 2014,6.08%
July 15 2014,6.15%
July 14 2014,6.26%
July 11 2014,6.45%
July 10 2014,6.46%
July 9 2014,6.40%
July 8 2014,6.39%
July 7 2014,6.32%
July 3 2014,6.28%
July 2 2014,6.31%
July 1 2014,6.38%
June 30 2014,6.43%
June 27 2014,9.21%
June 26 2014,9.19%
June 25 2014,9.08%
June 24 2014,9.08%
June 23 2014,9.03%
June 20 2014,9.17%
June 19 2014,9.13%
June 18 2014,9.05%
June 17 2014,9.08%
June 16 2014,9.11%
June 13 2014,9.12%
June 12 2014,8.99%
June 11 2014,8.89%
June 10 2014,8.80%
June 9 2014,8.75%
June 6 2014,8.87%
June 5 2014,8.92%
June 4 2014,9.06%
June 3 2014,9.01%
June 2 2014,9.09%
May 30 2014,9.12%
May 29 2014,9.18%
May 28 2014,9.17%
May 27 2014,9.12%
May 23 2014,9.18%
May 22 2014,9.21%
May 21 2014,9.26%
May 20 2014,9.32%
May 19 2014,9.28%
May 16 2014,9.35%
May 15 2014,9.33%
May 14 2014,9.21%
May 13 2014,9.15%
May 12 2014,9.18%
May 9 2014,9.24%
May 8 2014,9.21%
May 7 2014,9.29%
May 6 2014,9.36%
May 5 2014,9.20%
May 2 2014,9.09%
May 1 2014,9.09%
April 30 2014,9.06%
April 29 2014,9.01%
April 28 2014,9.18%
April 25 2014,9.09%
April 24 2014,8.98%
April 23 2014,8.97%
April 22 2014,9.04%
April 21 2014,9.07%
April 17 2014,9.00%
April 16 2014,9.01%
April 15 2014,8.98%
April 14 2014,9.10%
April 11 2014,9.50%
April 10 2014,9.39%
April 9 2014,9.20%
April 8 2014,9.31%
April 7 2014,9.32%
April 4 2014,9.21%
April 3 2014,9.10%
April 2 2014,9.00%
April 1 2014,9.08%
March 31 2014,9.12%
March 28 2014,9.19%
March 27 2014,9.15%
March 26 2014,8.65%
March 25 2014,8.63%
March 24 2014,8.67%
March 21 2014,8.67%
March 20 2014,8.64%
March 19 2014,8.87%
March 18 2014,9.02%
March 17 2014,9.09%
March 14 2014,9.26%
March 13 2014,9.17%
March 12 2014,9.05%
March 11 2014,8.96%
March 10 2014,8.76%
March 7 2014,8.75%
March 6 2014,8.73%
March 5 2014,8.78%
March 4 2014,8.89%
March 3 2014,9.12%
Feb. 28 2014,8.92%
Feb. 27 2014,8.91%
Feb. 26 2014,8.98%
Feb. 25 2014,8.97%
Feb. 24 2014,8.86%
Feb. 21 2014,8.99%
Feb. 20 2014,9.02%
Feb. 19 2014,9.01%
Feb. 18 2014,8.79%
Feb. 14 2014,8.76%
Feb. 13 2014,8.70%
Feb. 12 2014,8.69%
Feb. 11 2014,8.74%
Feb. 10 2014,8.80%
Feb. 7 2014,8.80%
Feb. 6 2014,8.99%
Feb. 5 2014,9.22%
Feb. 4 2014,9.28%
Feb. 3 2014,9.37%
Jan. 31 2014,9.15%
Jan. 30 2014,8.99%
Jan. 29 2014,9.03%
Jan. 28 2014,8.75%
Jan. 27 2014,8.89%
Jan. 24 2014,8.80%
Jan. 23 2014,8.56%
Jan. 22 2014,8.36%
Jan. 21 2014,8.37%
Jan. 17 2014,8.30%
Jan. 16 2014,8.25%
Jan. 15 2014,7.89%
Jan. 14 2014,8.04%
Jan. 13 2014,8.08%
Jan. 10 2014,7.93%
Jan. 9 2014,7.86%
Jan. 8 2014,7.92%
Jan. 7 2014,8.01%
Jan. 6 2014,8.07%
Jan. 3 2014,8.13%
Jan. 2 2014,8.30%
Dec. 31 2013,8.33%
Dec. 30 2013,7.61%
Dec. 27 2013,7.56%
Dec. 26 2013,7.55%
Dec. 24 2013,7.53%
Dec. 23 2013,7.54%
Dec. 20 2013,7.57%
Dec. 19 2013,7.61%
Dec. 18 2013,7.60%
Dec. 17 2013,7.79%
Dec. 16 2013,7.76%
Dec. 13 2013,7.75%
Dec. 12 2013,7.76%
Dec. 11 2013,7.79%
Dec. 10 2013,7.63%
Dec. 9 2013,7.58%
Dec. 6 2013,7.67%
Dec. 5 2013,7.74%
Dec. 4 2013,7.59%
Dec. 3 2013,7.58%
Dec. 2 2013,7.51%
Nov. 29 2013,7.46%
Nov. 27 2013,7.45%
Nov. 26 2013,7.45%
Nov. 25 2013,7.41%
Nov. 22 2013,7.54%
Nov. 21 2013,7.64%
Nov. 20 2013,7.78%
Nov. 19 2013,7.72%
Nov. 18 2013,7.78%
Nov. 15 2013,7.84%
Nov. 14 2013,7.87%
Nov. 13 2013,7.90%
Nov. 12 2013,7.98%
Nov. 11 2013,7.87%
Nov. 8 2013,7.91%
Nov. 7 2013,8.17%
Nov. 6 2013,8.12%
Nov. 5 2013,8.16%
Nov. 4 2013,8.12%
Nov. 1 2013,8.10%
Oct. 31 2013,8.10%
Oct. 30 2013,7.92%
Oct. 29 2013,7.87%
Oct. 28 2013,7.88%
Oct. 25 2013,7.89%
Oct. 24 2013,7.88%
Oct. 23 2013,7.87%
Oct. 22 2013,7.78%
Oct. 21 2013,7.74%
Oct. 18 2013,7.72%
Oct. 17 2013,7.73%
Oct. 16 2013,7.77%
Oct. 15 2013,8.08%
Oct. 14 2013,7.96%
Oct. 11 2013,8.03%
Oct. 10 2013,8.02%
Oct. 9 2013,8.24%
Oct. 8 2013,8.29%
Oct. 7 2013,8.20%
Oct. 4 2013,8.04%
Oct. 3 2013,8.16%
Oct. 2 2013,8.11%
Oct. 1 2013,8.13%
Sept. 30 2013,8.14%
Sept. 27 2013,6.34%
Sept. 26 2013,6.34%
Sept. 25 2013,6.29%
Sept. 24 2013,6.33%
Sept. 23 2013,6.25%
Sept. 20 2013,6.05%
Sept. 19 2013,5.97%
Sept. 18 2013,5.94%
Sept. 17 2013,6.05%
Sept. 16 2013,6.08%
Sept. 13 2013,6.14%
Sept. 12 2013,6.17%
Sept. 11 2013,6.11%
Sept. 10 2013,6.07%
Sept. 9 2013,6.19%
Sept. 6 2013,6.30%
Sept. 5 2013,6.22%
Sept. 4 2013,6.25%
Sept. 3 2013,6.28%
Aug. 30 2013,6.41%
Aug. 29 2013,6.40%
Aug. 28 2013,6.42%
Aug. 27 2013,6.43%
Aug. 26 2013,6.25%
Aug. 23 2013,6.22%
Aug. 22 2013,6.21%
Aug. 21 2013,6.31%
Aug. 20 2013,6.21%
Aug. 19 2013,6.28%
Aug. 16 2013,6.16%
Aug. 15 2013,6.10%
Aug. 14 2013,6.01%
Aug. 13 2013,5.99%
Aug. 12 2013,6.09%
Aug. 9 2013,6.04%
Aug. 8 2013,5.99%
Aug. 7 2013,6.02%
Aug. 6 2013,6.02%
Aug. 5 2013,5.86%
Aug. 2 2013,5.85%
Aug. 1 2013,5.86%
July 31 2013,5.95%
July 30 2013,5.99%
July 29 2013,6.00%
July 26 2013,5.94%
July 25 2013,5.89%
July 24 2013,5.94%
July 23 2013,5.86%
July 22 2013,5.85%
July 19 2013,5.92%
July 18 2013,5.88%
July 17 2013,5.99%
July 16 2013,5.98%
July 15 2013,5.98%
July 12 2013,6.10%
July 11 2013,6.20%
July 10 2013,6.25%
July 9 2013,6.17%
July 8 2013,6.26%
July 5 2013,6.39%
July 3 2013,6.50%
July 2 2013,6.44%
July 1 2013,6.42%
June 28 2013,5.65%
June 27 2013,5.61%
June 26 2013,5.69%
June 25 2013,5.77%
June 24 2013,5.96%
June 21 2013,5.78%
June 20 2013,5.66%
June 19 2013,5.47%
June 18 2013,5.42%
June 17 2013,5.49%
June 14 2013,5.51%
June 13 2013,5.39%
June 12 2013,5.48%
June 11 2013,5.43%
June 10 2013,5.22%
June 7 2013,5.25%
June 6 2013,5.33%
June 5 2013,5.42%
June 4 2013,5.29%
June 3 2013,5.22%
May 31 2013,5.21%
May 30 2013,5.09%
May 29 2013,5.18%
May 28 2013,5.23%
May 24 2013,5.36%
May 23 2013,5.36%
May 22 2013,5.31%
May 21 2013,5.25%
May 20 2013,5.25%
May 17 2013,5.27%
May 16 2013,5.35%
May 15 2013,5.28%
May 14 2013,5.41%
May 13 2013,5.54%
May 10 2013,5.56%
May 9 2013,5.58%
May 8 2013,5.50%
May 7 2013,5.63%
May 6 2013,5.71%
May 3 2013,5.77%
May 2 2013,5.82%
May 1 2013,5.91%
April 30 2013,5.81%
April 29 2013,5.79%
April 26 2013,5.78%
April 25 2013,5.75%
April 24 2013,5.75%
April 23 2013,5.83%
April 22 2013,6.00%
April 19 2013,6.02%
April 18 2013,6.01%
April 17 2013,5.92%
April 16 2013,5.81%
April 15 2013,6.04%
April 12 2013,6.05%
April 11 2013,6.04%
April 10 2013,6.01%
April 9 2013,6.17%
April 8 2013,6.22%
April 5 2013,6.30%
April 4 2013,6.34%
April 3 2013,6.38%
April 2 2013,6.14%
April 1 2013,6.19%
March 28 2013,5.49%
March 27 2013,5.47%
March 26 2013,5.42%
March 25 2013,5.46%
March 22 2013,5.37%
March 21 2013,5.37%
March 20 2013,5.27%
March 19 2013,5.31%
March 18 2013,5.26%
March 15 2013,5.14%
March 14 2013,5.12%
March 13 2013,5.17%
March 12 2013,5.18%
March 11 2013,5.10%
March 8 2013,5.21%
March 7 2013,5.40%
March 6 2013,5.45%
March 5 2013,5.57%
March 4 2013,5.66%
March 1 2013,5.77%
Feb. 28 2013,5.79%
Feb. 27 2013,5.76%
Feb. 26 2013,5.89%
Feb. 25 2013,5.91%
Feb. 22 2013,5.68%
Feb. 21 2013,5.74%
Feb. 20 2013,5.62%
Feb. 19 2013,5.46%
Feb. 15 2013,5.54%
Feb. 14 2013,5.48%
Feb. 13 2013,5.52%
Feb. 12 2013,5.48%
Feb. 11 2013,5.63%
Feb. 8 2013,5.69%
Feb. 7 2013,5.67%
Feb. 6 2013,5.64%
Feb. 5 2013,5.66%
Feb. 4 2013,5.76%
Feb. 1 2013,5.65%
Jan. 31 2013,5.76%
Jan. 30 2013,5.79%
Jan. 29 2013,5.76%
Jan. 28 2013,5.74%
Jan. 25 2013,5.66%
Jan. 24 2013,5.68%
Jan. 23 2013,5.78%
Jan. 22 2013,5.82%
Jan. 18 2013,5.83%
Jan. 17 2013,5.89%
Jan. 16 2013,5.72%
Jan. 15 2013,5.71%
Jan. 14 2013,5.76%
Jan. 11 2013,5.74%
Jan. 10 2013,5.67%
Jan. 9 2013,5.78%
Jan. 8 2013,5.72%
Jan. 7 2013,5.72%
Jan. 4 2013,5.73%
Jan. 3 2013,5.87%
Jan. 2 2013,5.89%
Dec. 31 2012,6.14%
Dec. 28 2012,6.05%
Dec. 27 2012,6.01%
Dec. 26 2012,5.97%
Dec. 24 2012,5.99%
Dec. 21 2012,5.98%
Dec. 20 2012,5.88%
Dec. 19 2012,5.98%
Dec. 18 2012,5.98%
Dec. 17 2012,6.03%
Dec. 14 2012,6.28%
Dec. 13 2012,6.33%
Dec. 12 2012,6.29%
Dec. 11 2012,6.38%
Dec. 10 2012,6.35%
Dec. 7 2012,6.27%
Dec. 6 2012,6.37%
Dec. 5 2012,6.47%
Dec. 4 2012,6.88%
Dec. 3 2012,6.90%
Nov. 30 2012,6.83%
Nov. 29 2012,6.70%
Nov. 28 2012,6.73%
Nov. 27 2012,6.74%
Nov. 26 2012,6.63%
Nov. 23 2012,6.55%
Nov. 21 2012,6.60%
Nov. 20 2012,6.56%
Nov. 19 2012,6.54%
Nov. 16 2012,6.75%
Nov. 15 2012,6.70%
Nov. 14 2012,6.74%
Nov. 13 2012,6.53%
Nov. 12 2012,6.48%
Nov. 9 2012,6.57%
Nov. 8 2012,6.56%
Nov. 7 2012,6.55%
Nov. 6 2012,6.13%
Nov. 5 2012,6.32%
Nov. 2 2012,6.28%
Nov. 1 2012,6.22%
Oct. 31 2012,6.31%
Oct. 26 2012,6.45%
Oct. 25 2012,6.31%
Oct. 24 2012,6.33%
Oct. 23 2012,6.40%
Oct. 22 2012,6.26%
Oct. 19 2012,6.35%
Oct. 18 2012,6.14%
Oct. 17 2012,6.14%
Oct. 16 2012,6.34%
Oct. 15 2012,6.44%
Oct. 12 2012,6.79%
Oct. 11 2012,6.64%
Oct. 10 2012,6.72%
Oct. 9 2012,6.82%
Oct. 8 2012,6.79%
Oct. 5 2012,6.79%
Oct. 4 2012,6.75%
Oct. 3 2012,6.93%
Oct. 2 2012,7.10%
Oct. 1 2012,7.21%
Sept. 28 2012,10.51%
Sept. 27 2012,10.43%
Sept. 26 2012,10.58%
Sept. 25 2012,10.47%
Sept. 24 2012,10.27%
Sept. 21 2012,10.22%
Sept. 20 2012,10.17%
Sept. 19 2012,10.06%
Sept. 18 2012,10.14%
Sept. 17 2012,10.10%
Sept. 14 2012,9.89%
Sept. 13 2012,9.99%
Sept. 12 2012,10.41%
Sept. 11 2012,10.53%
Sept. 10 2012,10.81%
Sept. 7 2012,10.73%
Sept. 6 2012,11.05%
Sept. 5 2012,11.56%
Sept. 4 2012,11.58%
Aug. 31 2012,11.58%
Aug. 30 2012,11.60%
Aug. 29 2012,11.50%
Aug. 28 2012,11.72%
Aug. 27 2012,11.59%
Aug. 24 2012,11.53%
Aug. 23 2012,11.63%
Aug. 22 2012,11.28%
Aug. 21 2012,11.19%
Aug. 20 2012,11.47%
Aug. 17 2012,11.85%
Aug. 16 2012,11.94%
Aug. 15 2012,11.97%
Aug. 14 2012,11.96%
Aug. 13 2012,11.95%
Aug. 10 2012,11.90%
Aug. 9 2012,11.92%
Aug. 8 2012,11.92%
Aug. 7 2012,11.91%
Aug. 6 2012,12.04%
Aug. 3 2012,12.55%
Aug. 2 2012,13.14%
Aug. 1 2012,12.85%
July 31 2012,12.68%
July 30 2012,12.68%
July 27 2012,12.60%
July 26 2012,13.09%
July 25 2012,13.34%
July 24 2012,13.63%
July 23 2012,13.58%
July 20 2012,13.30%
July 19 2012,12.94%
July 18 2012,12.69%
July 17 2012,12.56%
July 16 2012,12.83%
July 13 2012,12.91%
July 12 2012,13.61%
July 11 2012,13.30%
July 10 2012,13.29%
July 9 2012,13.18%
July 6 2012,13.05%
July 5 2012,12.82%
July 3 2012,12.44%
July 2 2012,12.53%
June 29 2012,13.06%
June 28 2012,13.57%
June 27 2012,13.21%
June 26 2012,13.39%
June 25 2012,13.38%
June 22 2012,12.79%
June 21 2012,12.86%
June 20 2012,12.40%
June 19 2012,12.56%
June 18 2012,12.99%
June 15 2012,12.65%
June 14 2012,12.83%
June 13 2012,12.94%
June 12 2012,12.96%
June 11 2012,13.52%
June 8 2012,12.89%
June 7 2012,13.30%
June 6 2012,13.19%
June 5 2012,13.90%
June 4 2012,14.42%
June 1 2012,14.10%
May 31 2012,13.50%
May 30 2012,13.77%
May 29 2012,13.25%
May 25 2012,13.52%
May 24 2012,13.43%
May 23 2012,13.30%
May 22 2012,13.30%
May 21 2012,13.64%
May 18 2012,13.76%
May 17 2012,13.56%
May 16 2012,13.30%
May 15 2012,12.88%
May 14 2012,12.72%
May 11 2012,12.20%
May 10 2012,11.68%
May 9 2012,11.76%
May 8 2012,11.43%
May 7 2012,11.30%
May 4 2012,11.33%
May 3 2012,11.02%
May 2 2012,10.95%
May 1 2012,10.65%
April 30 2012,10.83%
April 27 2012,10.69%
April 26 2012,10.57%
April 25 2012,10.63%
April 24 2012,10.71%
April 23 2012,10.77%
April 20 2012,10.56%
April 19 2012,10.27%
April 18 2012,10.21%
April 17 2012,10.21%
April 16 2012,10.53%
April 13 2012,10.72%
April 12 2012,10.34%
April 11 2012,10.66%
April 10 2012,10.89%
April 9 2012,10.54%
April 5 2012,10.29%
April 4 2012,10.22%
April 3 2012,9.84%
April 2 2012,9.71%
March 30 2012,9.90%
March 29 2012,9.92%
March 28 2012,9.77%
March 27 2012,9.84%
March 26 2012,9.67%
March 23 2012,9.75%
March 22 2012,9.81%
March 21 2012,9.58%
March 20 2012,9.51%
March 19 2012,9.74%
March 16 2012,9.87%
March 15 2012,9.98%
March 14 2012,10.28%
March 13 2012,9.93%
March 12 2012,10.56%
March 9 2012,10.58%
March 8 2012,10.65%
March 7 2012,10.89%
March 6 2012,11.27%
March 5 2012,10.75%
March 2 2012,10.62%
March 1 2012,10.61%
Feb. 29 2012,10.86%
Feb. 28 2012,10.81%
Feb. 27 2012,10.99%
Feb. 24 2012,11.19%
Feb. 23 2012,11.07%
Feb. 22 2012,11.19%
Feb. 21 2012,10.85%
Feb. 17 2012,11.00%
Feb. 16 2012,11.07%
Feb. 15 2012,11.41%
Feb. 14 2012,11.28%
Feb. 13 2012,11.01%
Feb. 10 2012,10.99%
Feb. 9 2012,10.75%
Feb. 8 2012,10.58%
Feb. 7 2012,10.95%
Feb. 6 2012,10.87%
Feb. 3 2012,10.79%
Feb. 2 2012,11.32%
Feb. 1 2012,11.46%
Jan. 31 2012,11.78%
Jan. 30 2012,11.97%
Jan. 27 2012,11.73%
Jan. 26 2012,11.92%
Jan. 25 2012,12.08%
Jan. 24 2012,12.11%
Jan. 23 2012,12.13%
Jan. 20 2012,12.21%
Jan. 19 2012,12.34%
Jan. 18 2012,12.47%
Jan. 17 2012,12.83%
Jan. 13 2012,11.78%
Jan. 12 2012,11.46%
Jan. 11 2012,11.58%
Jan. 10 2012,12.07%
Jan. 9 2012,12.45%
Jan. 6 2012,12.68%
Jan. 5 2012,12.70%
Jan. 4 2012,12.85%
Jan. 3 2012,12.78%
Dec. 30 2011,14.22%
Dec. 29 2011,13.98%
Dec. 28 2011,14.31%
Dec. 27 2011,13.90%
Dec. 23 2011,13.62%
Dec. 22 2011,13.53%
Dec. 21 2011,14.33%
Dec. 20 2011,14.41%
Dec. 19 2011,15.07%
Dec. 16 2011,14.37%
Dec. 15 2011,14.43%
Dec. 14 2011,14.36%
Dec. 13 2011,13.90%
Dec. 12 2011,13.74%
Dec. 9 2011,13.00%
Dec. 8 2011,13.48%
Dec. 7 2011,12.54%
Dec. 6 2011,12.57%
Dec. 5 2011,12.54%
Dec. 2 2011,13.28%
Dec. 1 2011,13.86%
Nov. 30 2011,13.61%
Nov. 29 2011,14.82%
Nov. 28 2011,14.93%
Nov. 25 2011,15.83%
Nov. 23 2011,15.91%
Nov. 22 2011,15.29%
Nov. 21 2011,14.96%
Nov. 18 2011,14.23%
Nov. 17 2011,14.38%
Nov. 16 2011,13.92%
Nov. 15 2011,13.35%
Nov. 14 2011,13.18%
Nov. 11 2011,12.75%
Nov. 10 2011,13.06%
Nov. 9 2011,12.96%
Nov. 8 2011,11.90%
Nov. 7 2011,12.24%
Nov. 4 2011,12.33%
Nov. 3 2011,12.15%
Nov. 2 2011,12.54%
Nov. 1 2011,12.82%
Oct. 31 2011,11.84%
Oct. 28 2011,10.95%
Oct. 27 2011,11.07%
Oct. 26 2011,12.01%
Oct. 25 2011,12.10%
Oct. 24 2011,11.84%
Oct. 21 2011,12.34%
Oct. 20 2011,12.43%
Oct. 19 2011,12.73%
Oct. 18 2011,12.52%
Oct. 17 2011,13.39%
Oct. 14 2011,13.17%
Oct. 13 2011,13.53%
Oct. 12 2011,12.81%
Oct. 11 2011,13.43%
Oct. 10 2011,14.12%
Oct. 7 2011,15.18%
Oct. 6 2011,14.37%
Oct. 5 2011,15.14%
Oct. 4 2011,15.33%
Oct. 3 2011,16.18%
Sept. 30 2011,14.60%
Sept. 29 2011,12.01%
Sept. 28 2011,12.46%
Sept. 27 2011,11.97%
Sept. 26 2011,12.09%
Sept. 23 2011,12.93%
Sept. 22 2011,13.48%
Sept. 21 2011,12.66%
Sept. 20 2011,11.99%
Sept. 19 2011,11.66%
Sept. 16 2011,11.14%
Sept. 15 2011,11.30%
Sept. 14 2011,11.79%
Sept. 13 2011,11.94%
Sept. 12 2011,11.98%
Sept. 9 2011,12.08%
Sept. 8 2011,11.54%
Sept. 7 2011,11.15%
Sept. 6 2011,11.66%
Sept. 2 2011,11.37%
Sept. 1 2011,10.77%
Aug. 31 2011,10.40%
Aug. 30 2011,10.44%
Aug. 29 2011,10.32%
Aug. 26 2011,10.82%
Aug. 25 2011,10.83%
Aug. 24 2011,11.35%
Aug. 23 2011,11.82%
Aug. 22 2011,12.39%
Aug. 19 2011,12.07%
Aug. 18 2011,11.54%
Aug. 17 2011,10.82%
Aug. 16 2011,10.79%
Aug. 15 2011,10.33%
Aug. 12 2011,10.82%
Aug. 11 2011,10.66%
Aug. 10 2011,11.34%
Aug. 9 2011,10.15%
Aug. 8 2011,11.56%
Aug. 5 2011,9.66%
Aug. 4 2011,9.28%
Aug. 3 2011,8.67%
Aug. 2 2011,8.72%
Aug. 1 2011,8.39%
July 29 2011,8.42%
July 28 2011,8.46%
July 27 2011,8.44%
July 26 2011,8.13%
July 25 2011,8.09%
July 22 2011,8.02%
July 21 2011,8.01%
July 20 2011,8.36%
July 19 2011,8.50%
July 18 2011,8.56%
July 15 2011,8.42%
July 14 2011,8.28%
July 13 2011,8.18%
July 12 2011,8.27%
July 11 2011,8.12%
July 8 2011,7.68%
July 7 2011,7.58%
July 6 2011,7.69%
July 5 2011,7.59%
July 1 2011,7.53%
June 30 2011,7.76%
June 29 2011,7.33%
June 28 2011,7.57%
June 27 2011,7.60%
June 24 2011,7.68%
June 23 2011,7.71%
June 22 2011,7.69%
June 21 2011,7.73%
June 20 2011,7.97%
June 17 2011,7.94%
June 16 2011,8.08%
June 15 2011,8.00%
June 14 2011,7.84%
June 13 2011,7.76%
June 10 2011,8.02%
June 9 2011,8.05%
June 8 2011,8.26%
June 7 2011,8.09%
June 6 2011,7.99%
June 3 2011,7.63%
June 2 2011,7.60%
June 1 2011,7.67%
May 31 2011,7.39%
May 27 2011,7.42%
May 26 2011,7.56%
May 25 2011,7.54%
May 24 2011,7.50%
May 23 2011,7.57%
May 20 2011,7.41%
May 19 2011,7.35%
May 18 2011,7.37%
May 17 2011,7.32%
May 16 2011,7.38%
May 13 2011,7.32%
May 12 2011,7.17%
May 11 2011,7.08%
May 10 2011,6.88%
May 9 2011,6.88%
May 6 2011,6.73%
May 5 2011,6.79%
May 4 2011,6.73%
May 3 2011,6.73%
May 2 2011,6.77%
April 29 2011,6.62%
April 28 2011,6.62%
April 27 2011,6.74%
April 26 2011,6.74%
April 25 2011,6.73%
April 21 2011,6.68%
April 20 2011,6.65%
April 19 2011,6.71%
April 18 2011,6.88%
April 15 2011,6.88%
April 14 2011,6.86%
April 13 2011,6.76%
April 12 2011,6.68%
April 11 2011,6.71%
April 8 2011,6.67%
April 7 2011,6.64%
April 6 2011,6.62%
April 5 2011,6.80%
April 4 2011,6.86%
April 1 2011,6.83%
March 31 2011,6.88%
March 30 2011,7.98%
March 29 2011,7.98%
March 28 2011,8.01%
March 25 2011,7.96%
March 24 2011,8.01%
March 23 2011,8.07%
March 22 2011,8.03%
March 21 2011,8.01%
March 18 2011,7.89%
March 17 2011,7.98%
March 16 2011,8.09%
March 15 2011,8.00%
March 14 2011,7.82%
March 11 2011,7.77%
March 10 2011,7.82%
March 9 2011,7.63%
March 8 2011,7.65%
March 7 2011,7.85%
March 4 2011,7.82%
March 3 2011,7.59%
March 2 2011,7.72%
March 1 2011,7.77%
Feb. 28 2011,7.59%
Feb. 25 2011,7.55%
Feb. 24 2011,7.57%
Feb. 23 2011,7.55%
Feb. 22 2011,7.57%
Feb. 18 2011,7.23%
Feb. 17 2011,7.19%
Feb. 16 2011,7.24%
Feb. 15 2011,7.23%
Feb. 14 2011,7.23%
Feb. 11 2011,7.27%
Feb. 10 2011,7.43%
Feb. 9 2011,7.33%
Feb. 8 2011,7.26%
Feb. 7 2011,7.24%
Feb. 4 2011,7.37%
Feb. 3 2011,7.38%
Feb. 2 2011,7.32%
Feb. 1 2011,7.24%
Jan. 31 2011,7.37%
Jan. 28 2011,7.52%
Jan. 27 2011,7.35%
Jan. 26 2011,7.38%
Jan. 25 2011,7.37%
Jan. 24 2011,7.30%
Jan. 21 2011,7.26%
Jan. 20 2011,7.40%
Jan. 19 2011,7.46%
Jan. 18 2011,7.40%
Jan. 14 2011,6.92%
Jan. 13 2011,7.04%
Jan. 12 2011,6.99%
Jan. 11 2011,7.19%
Jan. 10 2011,7.23%
Jan. 7 2011,7.19%
Jan. 6 2011,7.17%
Jan. 5 2011,7.14%
Jan. 4 2011,7.24%
Jan. 3 2011,7.24%
Dec. 31 2010,7.51%
Dec. 30 2010,-6.26%
Dec. 29 2010,-6.25%
Dec. 28 2010,-6.23%
Dec. 27 2010,-6.25%
Dec. 23 2010,-6.37%
Dec. 22 2010,-6.30%
Dec. 21 2010,-6.29%
Dec. 20 2010,-6.33%
Dec. 17 2010,-6.34%
Dec. 16 2010,-6.50%
Dec. 15 2010,-6.49%
Dec. 14 2010,-6.35%
Dec. 13 2010,-6.20%
Dec. 10 2010,-6.25%
Dec. 9 2010,-6.36%
Dec. 8 2010,-6.42%
Dec. 7 2010,-6.45%
Dec. 6 2010,-6.70%
Dec. 3 2010,-6.70%
Dec. 2 2010,-6.74%
Dec. 1 2010,-6.93%
Nov. 30 2010,-7.10%
Nov. 29 2010,-7.18%
Nov. 26 2010,-7.25%
Nov. 24 2010,-7.15%
Nov. 23 2010,-7.27%
Nov. 22 2010,-7.13%
Nov. 19 2010,-6.98%
Nov. 18 2010,-6.93%
Nov. 17 2010,-7.11%
Nov. 16 2010,-7.06%
Nov. 15 2010,-6.90%
Nov. 12 2010,-6.95%
Nov. 11 2010,-6.83%
Nov. 10 2010,-6.74%
Nov. 9 2010,-6.93%
Nov. 8 2010,-6.71%
Nov. 5 2010,-6.64%
Nov. 4 2010,-6.88%
Nov. 3 2010,-7.11%
Nov. 2 2010,-7.15%
Nov. 1 2010,-7.18%
Oct. 29 2010,-7.15%
Oct. 28 2010,-7.15%
Oct. 27 2010,-7.15%
Oct. 26 2010,-7.13%
Oct. 25 2010,-7.08%
Oct. 22 2010,-7.25%
Oct. 21 2010,-7.32%
Oct. 20 2010,-7.25%
Oct. 19 2010,-7.34%
Oct. 18 2010,-7.15%
Oct. 15 2010,-7.54%
Oct. 14 2010,-7.34%
Oct. 13 2010,-7.01%
Oct. 12 2010,-7.03%
Oct. 11 2010,-7.13%
Oct. 8 2010,-7.11%
Oct. 7 2010,-7.13%
Oct. 6 2010,-7.25%
Oct. 5 2010,-7.22%
Oct. 4 2010,-7.39%
Oct. 1 2010,-7.29%
Sept. 30 2010,-7.62%
Sept. 29 2010,-16.33%
Sept. 28 2010,-16.48%
Sept. 27 2010,-16.54%
Sept. 24 2010,-16.39%
Sept. 23 2010,-16.84%
Sept. 22 2010,-16.49%
Sept. 21 2010,-16.24%
Sept. 20 2010,-16.04%
Sept. 17 2010,-16.20%
Sept. 16 2010,-16.12%
Sept. 15 2010,-16.33%
Sept. 14 2010,-16.24%
Sept. 13 2010,-16.04%
Sept. 10 2010,-16.37%
Sept. 9 2010,-16.37%
Sept. 8 2010,-16.67%
Sept. 7 2010,-16.71%
Sept. 3 2010,-16.37%
Sept. 2 2010,-16.49%
Sept. 1 2010,-16.63%
Aug. 31 2010,-17.26%
Aug. 30 2010,-17.44%
Aug. 27 2010,-17.02%
Aug. 26 2010,-17.49%
Aug. 25 2010,-17.39%
Aug. 24 2010,-17.25%
Aug. 23 2010,-17.07%
Aug. 20 2010,-17.07%
Aug. 19 2010,-16.89%
Aug. 18 2010,-16.58%
Aug. 17 2010,-16.62%
Aug. 16 2010,-16.54%
Aug. 13 2010,-16.49%
Aug. 12 2010,-16.54%
Aug. 11 2010,-16.62%
Aug. 10 2010,-16.00%
Aug. 9 2010,-15.69%
Aug. 6 2010,-15.76%
Aug. 5 2010,-15.61%
Aug. 4 2010,-15.46%
Aug. 3 2010,-15.50%
Aug. 2 2010,-15.27%
July 30 2010,-15.61%
July 29 2010,-15.53%
July 28 2010,-15.65%
July 27 2010,-15.38%
July 26 2010,-15.42%
July 23 2010,-15.92%
July 22 2010,-15.65%
July 21 2010,-16.24%
July 20 2010,-16.04%
July 19 2010,-16.08%
July 16 2010,-16.41%
July 15 2010,-15.38%
July 14 2010,-15.20%
July 13 2010,-14.88%
July 12 2010,-15.57%
July 9 2010,-15.84%
July 8 2010,-16.12%
July 7 2010,-16.41%
July 6 2010,-16.89%
July 2 2010,-16.89%
July 1 2010,-16.93%
June 30 2010,-17.02%
June 29 2010,-6.43%
June 28 2010,-6.00%
June 25 2010,-6.09%
June 24 2010,-6.35%
June 23 2010,-6.17%
June 22 2010,-6.09%
June 21 2010,-5.97%
June 18 2010,-5.98%
June 17 2010,-6.06%
June 16 2010,-6.02%
June 15 2010,-6.02%
June 14 2010,-6.19%
June 11 2010,-6.19%
June 10 2010,-6.15%
June 9 2010,-6.20%
June 8 2010,-6.45%
June 7 2010,-6.59%
June 4 2010,-6.33%
June 3 2010,-6.06%
June 2 2010,-6.12%
June 1 2010,-6.23%
May 28 2010,-6.06%
May 27 2010,-5.97%
May 26 2010,-6.22%
May 25 2010,-6.35%
May 24 2010,-6.35%
May 21 2010,-6.40%
May 20 2010,-6.61%
May 19 2010,-6.30%
May 18 2010,-6.43%
May 17 2010,-6.22%
May 14 2010,-6.03%
May 13 2010,-5.87%
May 12 2010,-5.74%
May 11 2010,-5.76%
May 10 2010,-5.69%
May 7 2010,-6.00%
May 6 2010,-5.94%
May 5 2010,-5.74%
May 4 2010,-5.63%
May 3 2010,-5.44%
April 30 2010,-5.49%
April 29 2010,-5.26%
April 28 2010,-5.39%
April 27 2010,-5.53%
April 26 2010,-5.21%
April 23 2010,-4.94%
April 22 2010,-4.93%
April 21 2010,-4.87%
April 20 2010,-4.83%
April 19 2010,-4.92%
April 16 2010,-5.26%
April 15 2010,-4.99%
April 14 2010,-4.87%
April 13 2010,-5.19%
April 12 2010,-5.17%
April 9 2010,-5.27%
April 8 2010,-5.37%
April 7 2010,-5.50%
April 6 2010,-5.59%
April 5 2010,-5.63%
April 1 2010,-5.74%
March 31 2010,-5.93%
March 30 2010,-13.94%
March 29 2010,-13.64%
March 26 2010,-13.23%
March 25 2010,-13.35%
March 24 2010,-13.73%
March 23 2010,-13.80%
March 22 2010,-14.11%
March 19 2010,-14.62%
March 18 2010,-14.18%
March 17 2010,-14.07%
March 16 2010,-14.07%
March 15 2010,-14.65%
March 12 2010,-14.36%
March 11 2010,-13.64%
March 10 2010,-14.39%
March 9 2010,-14.92%
March 8 2010,-16.01%
March 5 2010,-16.29%
March 4 2010,-16.62%
March 3 2010,-16.76%
March 2 2010,-16.76%
March 1 2010,-16.81%
Feb. 26 2010,-16.76%
Feb. 25 2010,-16.81%
Feb. 24 2010,-16.52%
Feb. 23 2010,-17.01%
Feb. 22 2010,-16.47%
Feb. 19 2010,-16.67%
Feb. 18 2010,-16.62%
Feb. 17 2010,-16.72%
Feb. 16 2010,-17.22%
Feb. 12 2010,-17.92%
Feb. 11 2010,-17.76%
Feb. 10 2010,-17.81%
Feb. 9 2010,-17.92%
Feb. 8 2010,-18.10%
Feb. 5 2010,-17.70%
Feb. 4 2010,-17.92%
Feb. 3 2010,-16.91%
Feb. 2 2010,-16.72%
Feb. 1 2010,-17.07%
Jan. 29 2010,-17.17%
Jan. 28 2010,-17.59%
Jan. 27 2010,-17.81%
Jan. 26 2010,-18.10%
Jan. 25 2010,-17.65%
Jan. 22 2010,-17.54%
Jan. 21 2010,-17.43%
Jan. 20 2010,-16.47%
Jan. 19 2010,-16.10%
Jan. 15 2010,-16.67%
Jan. 14 2010,-16.24%
Jan. 13 2010,-16.29%
Jan. 12 2010,-16.19%
Jan. 11 2010,-15.70%
Jan. 8 2010,-15.88%
Jan. 7 2010,-15.62%
Jan. 6 2010,-15.66%
Jan. 5 2010,-16.15%
Jan. 4 2010,-16.76%
Dec. 31 2009,-17.22%
Dec. 30 2009,-103.0%
Dec. 29 2009,-101.5%
Dec. 28 2009,-100.9%
Dec. 24 2009,-102.1%
Dec. 23 2009,-104.0%
Dec. 22 2009,-102.4%
Dec. 21 2009,-100.0%
Dec. 18 2009,-100.6%
Dec. 17 2009,-106.9%
Dec. 16 2009,-99.13%
Dec. 15 2009,-96.07%
Dec. 14 2009,-92.43%
Dec. 11 2009,-86.58%
Dec. 10 2009,-88.37%
Dec. 9 2009,-88.60%
Dec. 8 2009,-87.47%
Dec. 7 2009,-84.86%
Dec. 4 2009,-84.24%
Dec. 3 2009,-84.44%
Dec. 2 2009,-83.41%
Dec. 1 2009,-83.41%
Nov. 30 2009,-83.21%
Nov. 27 2009,-84.24%
Nov. 25 2009,-82.01%
Nov. 24 2009,-81.24%
Nov. 23 2009,-79.91%
Nov. 20 2009,-81.43%
Nov. 19 2009,-80.28%
Nov. 18 2009,-79.72%
Nov. 17 2009,-80.66%
Nov. 16 2009,-81.82%
Nov. 13 2009,-84.44%
Nov. 12 2009,-84.24%
Nov. 11 2009,-82.21%
Nov. 10 2009,-81.82%
Nov. 9 2009,-81.62%
Nov. 6 2009,-84.24%
Nov. 5 2009,-84.24%
Nov. 4 2009,-86.15%
Nov. 3 2009,-84.65%
Nov. 2 2009,-85.71%
Oct. 30 2009,-83.62%
Oct. 29 2009,-79.35%
Oct. 28 2009,-83.82%
Oct. 27 2009,-80.09%
Oct. 26 2009,-80.09%
Oct. 23 2009,-76.68%
Oct. 22 2009,-76.68%
Oct. 21 2009,-77.38%
Oct. 20 2009,-77.20%
Oct. 19 2009,-75.33%
Oct. 16 2009,-74.51%
Oct. 15 2009,-72.00%
Oct. 14 2009,-68.40%
Oct. 13 2009,-70.81%
Oct. 12 2009,-71.70%
Oct. 9 2009,-73.87%
Oct. 8 2009,-73.55%
Oct. 7 2009,-73.71%
Oct. 6 2009,-73.23%
Oct. 5 2009,-73.23%
Oct. 2 2009,-75.66%
Oct. 1 2009,-75.50%
Sept. 30 2009,-70.66%
Sept. 29 2009,-80.00%
Sept. 28 2009,-82.28%
Sept. 25 2009,-85.84%
Sept. 24 2009,-84.88%
Sept. 23 2009,-83.19%
Sept. 22 2009,-80.86%
Sept. 21 2009,-84.88%
Sept. 18 2009,-88.26%
Sept. 17 2009,-85.07%
Sept. 16 2009,-89.52%
Sept. 15 2009,-91.26%
Sept. 14 2009,-83.19%
Sept. 11 2009,-81.56%
Sept. 10 2009,-79.16%
Sept. 9 2009,-80.69%
Sept. 8 2009,-80.34%
Sept. 4 2009,-77.53%
Sept. 3 2009,-78.83%
Sept. 2 2009,-82.46%
Sept. 1 2009,-82.82%
Aug. 31 2009,-75.20%
Aug. 28 2009,-71.89%
Aug. 27 2009,-74.46%
Aug. 26 2009,-81.21%
Aug. 25 2009,-79.16%
Aug. 24 2009,-78.01%
Aug. 21 2009,-80.00%
Aug. 20 2009,-83.93%
Aug. 19 2009,-91.04%
Aug. 18 2009,-90.82%
Aug. 17 2009,-94.00%
Aug. 14 2009,-93.07%
Aug. 13 2009,-92.61%
Aug. 12 2009,-94.47%
Aug. 11 2009,-101.9%
Aug. 10 2009,-95.43%
Aug. 7 2009,-97.66%
Aug. 6 2009,-98.95%
Aug. 5 2009,-105.0%
Aug. 4 2009,-115.7%
Aug. 3 2009,-118.2%
July 31 2009,-118.6%
July 30 2009,-119.7%
July 29 2009,-116.8%
July 28 2009,-126.6%
July 27 2009,-139.8%
July 24 2009,-137.7%
July 23 2009,-135.7%
July 22 2009,-134.3%
July 21 2009,-141.9%
July 20 2009,-134.8%
July 17 2009,-124.5%
July 16 2009,-124.1%
July 15 2009,-118.6%
July 14 2009,-128.8%
July 13 2009,-135.3%
July 10 2009,-145.2%
July 9 2009,-139.8%
July 8 2009,-143.5%
July 7 2009,-139.8%
July 6 2009,-134.8%
July 2 2009,-130.6%
July 1 2009,-126.6%
June 30 2009,-126.6%
June 29 2009,-158.9%
June 26 2009,-158.4%
June 25 2009,-158.4%
June 24 2009,-157.9%
June 23 2009,-159.5%
June 22 2009,-160.0%
June 19 2009,-151.4%
June 18 2009,-153.4%
June 17 2009,-155.8%
June 16 2009,-147.7%
June 15 2009,-142.4%
June 12 2009,-138.3%
June 11 2009,-137.9%
June 10 2009,-137.9%
June 9 2009,-140.8%
June 8 2009,-140.4%
June 5 2009,-138.7%
June 4 2009,-134.5%
June 3 2009,-141.6%
June 2 2009,-136.8%
June 1 2009,-130.1%
May 29 2009,-129.0%
May 28 2009,-130.8%
May 27 2009,-129.7%
May 26 2009,-127.3%
May 22 2009,-130.8%
May 21 2009,-129.0%
May 20 2009,-130.1%
May 19 2009,-127.3%
May 18 2009,-131.9%
May 15 2009,-137.9%
May 14 2009,-135.2%
May 13 2009,-140.8%
May 12 2009,-131.1%
May 11 2009,-124.4%
May 8 2009,-119.4%
May 7 2009,-126.0%
May 6 2009,-124.4%
May 5 2009,-145.0%
May 4 2009,-150.0%
May 1 2009,-161.6%
April 30 2009,-157.4%
April 29 2009,-153.8%
April 28 2009,-166.1%
April 27 2009,-156.4%
April 24 2009,-150.5%
April 23 2009,-150.0%
April 22 2009,-147.7%
April 21 2009,-148.1%
April 20 2009,-163.3%
April 17 2009,-131.5%
April 16 2009,-119.7%
April 15 2009,-120.9%
April 14 2009,-119.7%
April 13 2009,-126.3%
April 9 2009,-157.9%
April 8 2009,-177.8%
April 7 2009,-173.9%
April 6 2009,-176.5%
April 3 2009,-168.4%
April 2 2009,-175.2%
April 1 2009,-179.1%
March 31 2009,-189.7%
March 30 2009,-244.6%
March 27 2009,-215.6%
March 26 2009,-201.1%
March 25 2009,-191.5%
March 24 2009,-187.7%
March 23 2009,-180.5%
March 20 2009,-215.6%
March 19 2009,-217.3%
March 18 2009,-183.4%
March 17 2009,-225.1%
March 16 2009,-242.5%
March 13 2009,-317.4%
March 12 2009,-338.3%
March 11 2009,-366.9%
March 10 2009,-389.7%
March 9 2009,-538.1%
March 6 2009,-548.5%
March 5 2009,-553.9%
March 4 2009,-500.0%
March 3 2009,-463.1%
March 2 2009,-470.8%
Feb. 27 2009,-376.7%
Feb. 26 2009,-229.7%
Feb. 25 2009,-224.2%
Feb. 24 2009,-217.3%
Feb. 23 2009,-264.0%
Feb. 20 2009,-289.7%
Feb. 19 2009,-225.1%
Feb. 18 2009,-194.2%
Feb. 17 2009,-184.6%
Feb. 13 2009,-161.9%
Feb. 12 2009,-156.5%
Feb. 11 2009,-153.1%
Feb. 10 2009,-168.7%
Feb. 9 2009,-143.0%
Feb. 6 2009,-144.5%
Feb. 5 2009,-160.1%
Feb. 4 2009,-161.9%
Feb. 3 2009,-163.3%
Feb. 2 2009,-154.8%
Jan. 30 2009,-159.2%
Jan. 29 2009,-144.9%
Jan. 28 2009,-134.2%
Jan. 27 2009,-159.2%
Jan. 26 2009,-169.7%
Jan. 23 2009,-162.8%
Jan. 22 2009,-181.7%
Jan. 21 2009,-154.0%
Jan. 20 2009,-201.8%
Jan. 16 2009,-161.4%
Jan. 15 2009,-147.5%
Jan. 14 2009,-124.7%
Jan. 13 2009,-95.76%
Jan. 12 2009,-100.9%
Jan. 9 2009,-83.70%
Jan. 8 2009,-78.91%
Jan. 7 2009,-79.02%
Jan. 6 2009,-75.74%
Jan. 5 2009,-79.80%
Jan. 2 2009,-79.13%
Dec. 31 2008,-84.20%
Dec. 30 2008,-61.76%
Dec. 29 2008,-63.93%
Dec. 26 2008,-62.41%
Dec. 24 2008,-61.95%
Dec. 23 2008,-64.42%
Dec. 22 2008,-62.22%
Dec. 19 2008,-59.83%
Dec. 18 2008,-56.53%
Dec. 17 2008,-53.64%
Dec. 16 2008,-51.03%
Dec. 15 2008,-56.76%
Dec. 12 2008,-54.55%
Dec. 11 2008,-55.48%
Dec. 10 2008,-50.60%
Dec. 9 2008,-49.18%
Dec. 8 2008,-49.59%
Dec. 5 2008,-54.47%
Dec. 4 2008,-56.76%
Dec. 3 2008,-53.71%
Dec. 2 2008,-58.17%
Dec. 1 2008,-65.12%
Nov. 28 2008,-50.66%
Nov. 26 2008,-59.57%
Nov. 25 2008,-69.08%
Nov. 24 2008,-70.59%
Nov. 21 2008,-111.4%
Nov. 20 2008,-89.17%
Nov. 19 2008,-65.62%
Nov. 18 2008,-50.24%
Nov. 17 2008,-47.24%
Nov. 14 2008,-44.12%
Nov. 13 2008,-44.44%
Nov. 12 2008,-43.57%
Nov. 11 2008,-38.89%
Nov. 10 2008,-37.47%
Nov. 7 2008,-35.53%
Nov. 6 2008,-36.46%
Nov. 5 2008,-33.25%
Nov. 4 2008,-28.61%
Nov. 3 2008,-30.02%
Oct. 31 2008,-30.77%
Oct. 30 2008,-32.04%
Oct. 29 2008,-32.53%
Oct. 28 2008,-31.18%
Oct. 27 2008,-35.81%
Oct. 24 2008,-34.60%
Oct. 23 2008,-32.04%
Oct. 22 2008,-31.53%
Oct. 21 2008,-29.62%
Oct. 20 2008,-27.83%
Oct. 17 2008,-28.23%
Oct. 16 2008,-26.42%
Oct. 15 2008,-25.88%
Oct. 14 2008,-22.56%
Oct. 13 2008,-26.67%
Oct. 10 2008,-29.77%
Oct. 9 2008,-32.48%
Oct. 8 2008,-29.17%
Oct. 7 2008,-27.72%
Oct. 6 2008,-24.12%
Oct. 3 2008,-22.89%
Oct. 2 2008,-18.67%
Oct. 1 2008,-18.26%
Sept. 30 2008,-20.48%
Sept. 29 2008,-17.75%
Sept. 26 2008,-15.63%
Sept. 25 2008,-16.23%
Sept. 24 2008,-16.61%
Sept. 23 2008,-15.76%
Sept. 22 2008,-15.74%
Sept. 19 2008,-15.25%
Sept. 18 2008,-18.92%
Sept. 17 2008,-22.45%
Sept. 16 2008,-20.00%
Sept. 15 2008,-20.67%
Sept. 12 2008,-17.54%
Sept. 11 2008,-16.93%
Sept. 10 2008,-16.86%
Sept. 9 2008,-16.68%
Sept. 8 2008,-15.50%
Sept. 5 2008,-16.52%
Sept. 4 2008,-17.21%
Sept. 3 2008,-16.06%
Sept. 2 2008,-16.48%
Aug. 29 2008,-16.59%
Aug. 28 2008,-16.51%
Aug. 27 2008,-17.38%
Aug. 26 2008,-17.66%
Aug. 25 2008,-17.89%
Aug. 22 2008,-17.36%
Aug. 21 2008,-18.03%
Aug. 20 2008,-18.01%
Aug. 19 2008,-18.32%
Aug. 18 2008,-17.88%
Aug. 15 2008,-16.98%
Aug. 14 2008,-17.42%
Aug. 13 2008,-17.69%
Aug. 12 2008,-16.99%
Aug. 11 2008,-15.89%
Aug. 8 2008,-16.25%
Aug. 7 2008,-17.05%
Aug. 6 2008,-15.99%
Aug. 5 2008,-15.81%
Aug. 4 2008,-16.73%
Aug. 1 2008,-16.69%
July 31 2008,-16.85%
July 30 2008,-16.75%
July 29 2008,-17.07%
July 28 2008,-18.07%
July 25 2008,-16.71%
July 24 2008,-16.53%
July 23 2008,-14.91%
July 22 2008,-15.08%
July 21 2008,-16.00%
July 18 2008,-16.28%
July 17 2008,-17.53%
July 16 2008,-19.13%
July 15 2008,-21.63%
July 14 2008,-20.70%
July 11 2008,-19.46%
July 10 2008,-19.35%
July 9 2008,-19.16%
July 8 2008,-18.11%
July 7 2008,-19.21%
July 3 2008,-18.73%
July 2 2008,-18.71%
July 1 2008,-18.39%
June 30 2008,-18.79%
June 27 2008,-7.88%
June 26 2008,-7.70%
June 25 2008,-7.21%
June 24 2008,-7.21%
June 23 2008,-7.33%
June 20 2008,-7.05%
June 19 2008,-6.74%
June 18 2008,-6.67%
June 17 2008,-6.65%
June 16 2008,-6.53%
June 13 2008,-6.64%
June 12 2008,-6.84%
June 11 2008,-7.08%
June 10 2008,-6.71%
June 9 2008,-6.94%
June 6 2008,-6.78%
June 5 2008,-6.41%
June 4 2008,-6.45%
June 3 2008,-6.35%
June 2 2008,-6.34%
May 30 2008,-6.21%
May 29 2008,-6.17%
May 28 2008,-6.30%
May 27 2008,-6.28%
May 23 2008,-6.44%
May 22 2008,-6.26%
May 21 2008,-6.46%
May 20 2008,-6.15%
May 19 2008,-5.92%
May 16 2008,-5.88%
May 15 2008,-5.73%
May 14 2008,-5.85%
May 13 2008,-5.91%
May 12 2008,-5.75%
May 9 2008,-5.76%
May 8 2008,-5.64%
May 7 2008,-5.56%
May 6 2008,-5.26%
May 5 2008,-5.28%
May 2 2008,-5.15%
May 1 2008,-5.23%
April 30 2008,-5.38%
April 29 2008,-5.17%
April 28 2008,-5.07%
April 25 2008,-5.11%
April 24 2008,-5.28%
April 23 2008,-5.52%
April 22 2008,-5.41%
April 21 2008,-5.43%
April 18 2008,-5.42%
April 17 2008,-5.66%
April 16 2008,-5.80%
April 15 2008,-5.96%
April 14 2008,-6.04%
April 11 2008,-5.82%
April 10 2008,-5.74%
April 9 2008,-5.77%
April 8 2008,-5.72%
April 7 2008,-5.53%
April 4 2008,-5.65%
April 3 2008,-5.58%
April 2 2008,-5.66%
April 1 2008,-5.70%
March 31 2008,-6.35%
March 28 2008,3.26%
March 27 2008,3.12%
March 26 2008,3.08%
March 25 2008,2.90%
March 24 2008,2.92%
March 20 2008,3.02%
March 19 2008,3.33%
March 18 2008,3.28%
March 17 2008,3.65%
March 14 2008,3.44%
March 13 2008,3.23%
March 12 2008,3.21%
March 11 2008,3.16%
March 10 2008,3.45%
March 7 2008,3.25%
March 6 2008,3.21%
March 5 2008,3.07%
March 4 2008,3.08%
March 3 2008,2.94%
Feb. 29 2008,2.87%
Feb. 28 2008,2.72%
Feb. 27 2008,2.64%
Feb. 26 2008,2.73%
Feb. 25 2008,2.75%
Feb. 22 2008,2.71%
Feb. 21 2008,2.71%
Feb. 20 2008,2.67%
Feb. 19 2008,2.69%
Feb. 15 2008,2.67%
Feb. 14 2008,2.64%
Feb. 13 2008,2.58%
Feb. 12 2008,2.59%
Feb. 11 2008,2.63%
Feb. 8 2008,2.61%
Feb. 7 2008,2.55%
Feb. 6 2008,2.53%
Feb. 5 2008,2.51%
Feb. 4 2008,2.33%
Feb. 1 2008,2.29%
Jan. 31 2008,2.41%
Jan. 30 2008,2.44%
Jan. 29 2008,2.44%
Jan. 28 2008,2.46%
Jan. 25 2008,2.55%
Jan. 24 2008,2.49%
Jan. 23 2008,2.58%
Jan. 22 2008,2.79%
Jan. 18 2008,2.78%
Jan. 17 2008,2.72%
Jan. 16 2008,2.59%
Jan. 15 2008,2.52%
Jan. 14 2008,2.34%
Jan. 11 2008,2.38%
Jan. 10 2008,2.42%
Jan. 9 2008,2.47%
Jan. 8 2008,2.51%
Jan. 7 2008,2.41%
Jan. 4 2008,2.41%
Jan. 3 2008,2.35%
Jan. 2 2008,2.35%
Dec. 31 2007,2.31%
Dec. 28 2007,12.70%
Dec. 27 2007,12.58%
Dec. 26 2007,12.22%
Dec. 24 2007,12.01%
Dec. 21 2007,12.30%
Dec. 20 2007,12.45%
Dec. 19 2007,12.31%
Dec. 18 2007,12.24%
Dec. 17 2007,12.09%
Dec. 14 2007,12.12%
Dec. 13 2007,12.00%
Dec. 12 2007,11.82%
Dec. 11 2007,11.19%
Dec. 10 2007,10.70%
Dec. 7 2007,10.84%
Dec. 6 2007,10.83%
Dec. 5 2007,11.04%
Dec. 4 2007,11.43%
Dec. 3 2007,11.25%
Nov. 30 2007,11.17%
Nov. 29 2007,11.52%
Nov. 28 2007,11.52%
Nov. 27 2007,12.27%
Nov. 26 2007,12.12%
Nov. 23 2007,11.74%
Nov. 21 2007,12.11%
Nov. 20 2007,11.85%
Nov. 19 2007,11.62%
Nov. 16 2007,10.94%
Nov. 15 2007,10.76%
Nov. 14 2007,10.32%
Nov. 13 2007,10.36%
Nov. 12 2007,11.08%
Nov. 9 2007,11.24%
Nov. 8 2007,11.31%
Nov. 7 2007,11.13%
Nov. 6 2007,10.60%
Nov. 5 2007,10.36%
Nov. 2 2007,9.86%
Nov. 1 2007,9.66%
Oct. 31 2007,8.88%
Oct. 30 2007,8.83%
Oct. 29 2007,8.71%
Oct. 26 2007,8.73%
Oct. 25 2007,9.02%
Oct. 24 2007,8.90%
Oct. 23 2007,8.77%
Oct. 22 2007,8.73%
Oct. 19 2007,8.78%
Oct. 18 2007,8.49%
Oct. 17 2007,8.33%
Oct. 16 2007,8.31%
Oct. 15 2007,8.04%
Oct. 12 2007,7.77%
Oct. 11 2007,7.70%
Oct. 10 2007,7.89%
Oct. 9 2007,7.81%
Oct. 8 2007,7.78%
Oct. 5 2007,7.70%
Oct. 4 2007,7.81%
Oct. 3 2007,7.77%
Oct. 2 2007,7.77%
Oct. 1 2007,7.80%
Sept. 28 2007,9.38%
Sept. 27 2007,9.34%
Sept. 26 2007,9.41%
Sept. 25 2007,9.46%
Sept. 24 2007,9.40%
Sept. 21 2007,9.22%
Sept. 20 2007,9.28%
Sept. 19 2007,9.07%
Sept. 18 2007,9.06%
Sept. 17 2007,9.52%
Sept. 14 2007,9.39%
Sept. 13 2007,9.45%
Sept. 12 2007,9.57%
Sept. 11 2007,9.52%
Sept. 10 2007,9.67%
Sept. 7 2007,9.63%
Sept. 6 2007,9.59%
Sept. 5 2007,9.52%
Sept. 4 2007,9.28%
Aug. 31 2007,9.34%
Aug. 30 2007,9.47%
Aug. 29 2007,9.33%
Aug. 28 2007,9.49%
Aug. 27 2007,9.17%
Aug. 24 2007,9.03%
Aug. 23 2007,9.06%
Aug. 22 2007,9.04%
Aug. 21 2007,9.11%
Aug. 20 2007,9.05%
Aug. 17 2007,8.97%
Aug. 16 2007,9.21%
Aug. 15 2007,9.60%
Aug. 14 2007,9.59%
Aug. 13 2007,9.41%
Aug. 10 2007,9.32%
Aug. 9 2007,9.34%
Aug. 8 2007,8.85%
Aug. 7 2007,9.01%
Aug. 6 2007,9.06%
Aug. 3 2007,9.58%
Aug. 2 2007,9.27%
Aug. 1 2007,9.35%
July 31 2007,9.41%
July 30 2007,9.28%
July 27 2007,9.33%
July 26 2007,9.16%
July 25 2007,8.90%
July 24 2007,8.88%
July 23 2007,8.61%
July 20 2007,8.63%
July 19 2007,8.57%
July 18 2007,8.49%
July 17 2007,8.35%
July 16 2007,8.39%
July 13 2007,8.34%
July 12 2007,8.29%
July 11 2007,8.52%
July 10 2007,8.59%
July 9 2007,8.49%
July 6 2007,8.47%
July 5 2007,8.50%
July 3 2007,8.45%
July 2 2007,8.48%
June 29 2007,8.17%
June 28 2007,8.09%
June 27 2007,8.09%
June 26 2007,8.19%
June 25 2007,8.11%
June 22 2007,7.99%
June 21 2007,7.81%
June 20 2007,7.84%
June 19 2007,7.72%
June 18 2007,7.76%
June 15 2007,7.76%
June 14 2007,7.81%
June 13 2007,7.81%
June 12 2007,7.97%
June 11 2007,7.84%
June 8 2007,7.86%
June 7 2007,7.98%
June 6 2007,7.86%
June 5 2007,7.77%
June 4 2007,7.74%
June 1 2007,7.69%
May 31 2007,7.69%
May 30 2007,7.59%
May 29 2007,7.63%
May 25 2007,7.60%
May 24 2007,7.63%
May 23 2007,7.62%
May 22 2007,7.61%
May 21 2007,7.64%
May 18 2007,7.62%
May 17 2007,7.65%
May 16 2007,7.63%
May 15 2007,7.94%
May 14 2007,7.93%
May 11 2007,7.89%
May 10 2007,7.88%
May 9 2007,7.74%
May 8 2007,7.80%
May 7 2007,7.78%
May 4 2007,7.75%
May 3 2007,7.77%
May 2 2007,7.72%
May 1 2007,7.73%
April 30 2007,7.81%
April 27 2007,7.85%
April 26 2007,7.82%
April 25 2007,7.79%
April 24 2007,7.93%
April 23 2007,7.89%
April 20 2007,7.84%
April 19 2007,7.89%
April 18 2007,7.91%
April 17 2007,7.98%
April 16 2007,7.92%
April 13 2007,8.12%
April 12 2007,8.11%
April 11 2007,8.09%
April 10 2007,8.00%
April 9 2007,8.12%
April 5 2007,8.12%
April 4 2007,8.16%
April 3 2007,8.15%
April 2 2007,8.16%
March 30 2007,8.38%
March 29 2007,8.37%
March 28 2007,8.44%
March 27 2007,8.42%
March 26 2007,8.34%
March 23 2007,8.31%
March 22 2007,8.29%
March 21 2007,8.26%
March 20 2007,8.49%
March 19 2007,8.59%
March 16 2007,8.68%
March 15 2007,8.58%
March 14 2007,8.76%
March 13 2007,8.82%
March 12 2007,8.54%
March 9 2007,8.54%
March 8 2007,8.51%
March 7 2007,8.56%
March 6 2007,8.50%
March 5 2007,8.73%
March 2 2007,8.61%
March 1 2007,8.42%
Feb. 28 2007,8.54%
Feb. 27 2007,8.50%
Feb. 26 2007,8.16%
Feb. 23 2007,8.00%
Feb. 22 2007,8.02%
Feb. 21 2007,8.00%
Feb. 20 2007,7.94%
Feb. 16 2007,7.95%
Feb. 15 2007,7.93%
Feb. 14 2007,7.94%
Feb. 13 2007,8.01%
Feb. 12 2007,8.05%
Feb. 9 2007,8.05%
Feb. 8 2007,7.90%
Feb. 7 2007,7.83%
Feb. 6 2007,7.83%
Feb. 5 2007,7.85%
Feb. 2 2007,7.87%
Feb. 1 2007,7.86%
Jan. 31 2007,7.80%
Jan. 30 2007,7.92%
Jan. 29 2007,7.95%
Jan. 26 2007,7.87%
Jan. 25 2007,7.97%
Jan. 24 2007,7.84%
Jan. 23 2007,7.89%
Jan. 22 2007,7.86%
Jan. 19 2007,7.89%
Jan. 18 2007,7.91%
Jan. 17 2007,7.91%
Jan. 16 2007,7.85%
Jan. 12 2007,7.91%
Jan. 11 2007,7.94%
Jan. 10 2007,7.94%
Jan. 9 2007,7.88%
Jan. 8 2007,7.81%
Jan. 5 2007,7.85%
Jan. 4 2007,7.81%
Jan. 3 2007,7.78%
Dec. 29 2006,8.31%
Dec. 28 2006,8.29%
Dec. 27 2006,8.21%
Dec. 26 2006,8.40%
Dec. 22 2006,8.49%
Dec. 21 2006,8.46%
Dec. 20 2006,8.39%
Dec. 19 2006,8.38%
Dec. 18 2006,8.35%
Dec. 15 2006,8.56%
Dec. 14 2006,8.72%
Dec. 13 2006,8.85%
Dec. 12 2006,8.86%
Dec. 11 2006,8.76%
Dec. 8 2006,8.93%
Dec. 7 2006,9.13%
Dec. 6 2006,9.12%
Dec. 5 2006,9.17%
Dec. 4 2006,9.26%
Dec. 1 2006,9.38%
Nov. 30 2006,9.34%
Nov. 29 2006,9.29%
Nov. 28 2006,9.34%
Nov. 27 2006,9.28%
Nov. 24 2006,9.20%
Nov. 22 2006,9.12%
Nov. 21 2006,9.15%
Nov. 20 2006,9.13%
Nov. 17 2006,9.11%
Nov. 16 2006,9.14%
Nov. 15 2006,9.17%
Nov. 14 2006,9.12%
Nov. 13 2006,9.13%
Nov. 10 2006,9.14%
Nov. 9 2006,9.15%
Nov. 8 2006,9.16%
Nov. 7 2006,9.17%
Nov. 6 2006,9.22%
Nov. 3 2006,9.34%
Nov. 2 2006,9.31%
Nov. 1 2006,9.24%
Oct. 31 2006,9.23%
Oct. 30 2006,9.24%
Oct. 27 2006,9.19%
Oct. 26 2006,9.11%
Oct. 25 2006,9.10%
Oct. 24 2006,9.17%
Oct. 23 2006,9.15%
Oct. 20 2006,9.28%
Oct. 19 2006,9.28%
Oct. 18 2006,9.22%
Oct. 17 2006,9.25%
Oct. 16 2006,9.23%
Oct. 13 2006,9.19%
Oct. 12 2006,9.23%
Oct. 11 2006,9.19%
Oct. 10 2006,9.11%
Oct. 9 2006,9.06%
Oct. 6 2006,9.07%
Oct. 5 2006,9.08%
Oct. 4 2006,9.07%
Oct. 3 2006,9.24%
Oct. 2 2006,9.36%
Sept. 29 2006,9.89%
Sept. 28 2006,9.83%
Sept. 27 2006,9.83%
Sept. 26 2006,9.78%
Sept. 25 2006,9.80%
Sept. 22 2006,9.92%
Sept. 21 2006,9.87%
Sept. 20 2006,9.84%
Sept. 19 2006,9.88%
Sept. 18 2006,9.90%
Sept. 15 2006,9.98%
Sept. 14 2006,9.96%
Sept. 13 2006,9.96%
Sept. 12 2006,10.02%
Sept. 11 2006,10.04%
Sept. 8 2006,10.08%
Sept. 7 2006,10.11%
Sept. 6 2006,9.99%
Sept. 5 2006,9.94%
Sept. 1 2006,9.95%
Aug. 31 2006,9.95%
Aug. 30 2006,9.92%
Aug. 29 2006,9.97%
Aug. 28 2006,10.00%
Aug. 25 2006,10.09%
Aug. 24 2006,10.08%
Aug. 23 2006,10.11%
Aug. 22 2006,10.14%
Aug. 21 2006,10.13%
Aug. 18 2006,10.10%
Aug. 17 2006,10.11%
Aug. 16 2006,10.12%
Aug. 15 2006,10.14%
Aug. 14 2006,10.29%
Aug. 11 2006,10.31%
Aug. 10 2006,10.24%
Aug. 9 2006,10.27%
Aug. 8 2006,10.16%
Aug. 7 2006,10.18%
Aug. 4 2006,10.12%
Aug. 3 2006,10.13%
Aug. 2 2006,10.08%
Aug. 1 2006,10.12%
July 31 2006,10.16%
July 28 2006,10.16%
July 27 2006,10.38%
July 26 2006,10.33%
July 25 2006,10.35%
July 24 2006,10.35%
July 21 2006,10.46%
July 20 2006,10.42%
July 19 2006,10.39%
July 18 2006,10.55%
July 17 2006,10.58%
July 14 2006,10.32%
July 13 2006,10.26%
July 12 2006,10.06%
July 11 2006,9.90%
July 10 2006,9.95%
July 7 2006,10.00%
July 6 2006,9.97%
July 5 2006,10.02%
July 3 2006,10.03%
June 30 2006,10.18%
June 29 2006,9.89%
June 28 2006,10.09%
June 27 2006,10.11%
June 26 2006,10.00%
June 23 2006,10.12%
June 22 2006,10.03%
June 21 2006,9.99%
June 20 2006,10.06%
June 19 2006,10.10%
June 16 2006,9.99%
June 15 2006,9.92%
June 14 2006,10.10%
June 13 2006,10.02%
June 12 2006,9.79%
June 9 2006,9.70%
June 8 2006,9.67%
June 7 2006,9.67%
June 6 2006,9.71%
June 5 2006,9.73%
June 2 2006,9.63%
June 1 2006,9.69%
May 31 2006,9.80%
May 30 2006,9.85%
May 26 2006,9.74%
May 25 2006,9.84%
May 24 2006,9.93%
May 23 2006,9.95%
May 22 2006,9.89%
May 19 2006,9.90%
May 18 2006,9.91%
May 17 2006,9.89%
May 16 2006,9.75%
May 15 2006,9.76%
May 12 2006,9.86%
May 11 2006,9.76%
May 10 2006,9.60%
May 9 2006,9.59%
May 8 2006,9.63%
May 5 2006,9.59%
May 4 2006,9.78%
May 3 2006,9.69%
May 2 2006,9.74%
May 1 2006,9.77%
April 28 2006,9.67%
April 27 2006,10.03%
April 26 2006,10.12%
April 25 2006,10.18%
April 24 2006,10.06%
April 21 2006,10.06%
April 20 2006,10.00%
April 19 2006,10.01%
April 18 2006,9.96%
April 17 2006,9.99%
April 13 2006,10.05%
April 12 2006,10.15%
April 11 2006,10.17%
April 10 2006,10.08%
April 7 2006,10.13%
April 6 2006,10.09%
April 5 2006,10.01%
April 4 2006,10.02%
April 3 2006,10.19%
March 31 2006,10.23%
March 30 2006,10.05%
March 29 2006,9.97%
March 28 2006,9.98%
March 27 2006,9.97%
March 24 2006,9.94%
March 23 2006,9.94%
March 22 2006,9.96%
March 21 2006,10.06%
March 20 2006,10.02%
March 17 2006,10.02%
March 16 2006,10.04%
March 15 2006,10.10%
March 14 2006,10.07%
March 13 2006,10.14%
March 10 2006,10.11%
March 9 2006,10.22%
March 8 2006,10.18%
March 7 2006,10.24%
March 6 2006,10.31%
March 3 2006,10.34%
March 2 2006,10.31%
March 1 2006,10.21%
Feb. 28 2006,10.24%
Feb. 27 2006,10.15%
Feb. 24 2006,10.14%
Feb. 23 2006,10.15%
Feb. 22 2006,10.13%
Feb. 21 2006,10.29%
Feb. 17 2006,10.27%
Feb. 16 2006,10.23%
Feb. 15 2006,10.27%
Feb. 14 2006,10.30%
Feb. 13 2006,10.40%
Feb. 10 2006,10.34%
Feb. 9 2006,10.37%
Feb. 8 2006,10.47%
Feb. 7 2006,10.54%
Feb. 6 2006,10.52%
Feb. 3 2006,10.54%
Feb. 2 2006,10.51%
Feb. 1 2006,10.25%
Jan. 31 2006,10.20%
Jan. 30 2006,10.15%
Jan. 27 2006,10.13%
Jan. 26 2006,10.10%
Jan. 25 2006,10.27%
Jan. 24 2006,10.32%
Jan. 23 2006,10.33%
Jan. 20 2006,10.40%
Jan. 19 2006,9.91%
Jan. 18 2006,9.82%
Jan. 17 2006,9.81%
Jan. 13 2006,9.71%
Jan. 12 2006,9.69%
Jan. 11 2006,9.70%
Jan. 10 2006,9.79%
Jan. 9 2006,9.82%
Jan. 6 2006,9.77%
Jan. 5 2006,9.77%
Jan. 4 2006,9.82%
Jan. 3 2006,9.64%
Dec. 30 2005,9.09%
Dec. 29 2005,9.08%
Dec. 28 2005,9.10%
Dec. 27 2005,9.06%
Dec. 23 2005,8.96%
Dec. 22 2005,8.97%
Dec. 21 2005,8.95%
Dec. 20 2005,8.96%
Dec. 19 2005,8.97%
Dec. 16 2005,8.93%
Dec. 15 2005,8.98%
Dec. 14 2005,8.88%
Dec. 13 2005,8.92%
Dec. 12 2005,9.06%
Dec. 9 2005,9.02%
Dec. 8 2005,9.09%
Dec. 7 2005,9.06%
Dec. 6 2005,9.02%
Dec. 5 2005,9.03%
Dec. 2 2005,9.04%
Dec. 1 2005,9.03%
Nov. 30 2005,9.08%
Nov. 29 2005,8.98%
Nov. 28 2005,8.95%
Nov. 25 2005,8.91%
Nov. 23 2005,8.94%
Nov. 22 2005,9.01%
Nov. 21 2005,9.09%
Nov. 18 2005,9.11%
Nov. 17 2005,9.20%
Nov. 16 2005,9.25%
Nov. 15 2005,9.25%
Nov. 14 2005,9.14%
Nov. 11 2005,9.19%
Nov. 10 2005,9.24%
Nov. 9 2005,9.42%
Nov. 8 2005,9.46%
Nov. 7 2005,9.50%
Nov. 4 2005,9.67%
Nov. 3 2005,9.70%
Nov. 2 2005,9.68%
Nov. 1 2005,9.71%
Oct. 31 2005,9.63%
Oct. 28 2005,9.61%
Oct. 27 2005,9.71%
Oct. 26 2005,9.66%
Oct. 25 2005,9.76%
Oct. 24 2005,9.79%
Oct. 21 2005,9.95%
Oct. 20 2005,9.95%
Oct. 19 2005,9.82%
Oct. 18 2005,9.92%
Oct. 17 2005,9.84%
Oct. 14 2005,9.79%
Oct. 13 2005,9.86%
Oct. 12 2005,9.89%
Oct. 11 2005,9.84%
Oct. 10 2005,9.75%
Oct. 7 2005,9.71%
Oct. 6 2005,9.71%
Oct. 5 2005,9.74%
Oct. 4 2005,9.73%
Oct. 3 2005,9.69%
Sept. 30 2005,9.69%
Sept. 29 2005,8.87%
Sept. 28 2005,8.96%
Sept. 27 2005,8.98%
Sept. 26 2005,8.98%
Sept. 23 2005,8.95%
Sept. 22 2005,8.96%
Sept. 21 2005,9.04%
Sept. 20 2005,8.97%
Sept. 19 2005,8.93%
Sept. 16 2005,8.91%
Sept. 15 2005,8.99%
Sept. 14 2005,9.00%
Sept. 13 2005,8.98%
Sept. 12 2005,9.00%
Sept. 9 2005,9.08%
Sept. 8 2005,9.11%
Sept. 7 2005,9.11%
Sept. 6 2005,9.14%
Sept. 2 2005,9.23%
Sept. 1 2005,9.27%
Aug. 31 2005,9.25%
Aug. 30 2005,9.36%
Aug. 29 2005,9.30%
Aug. 26 2005,9.40%
Aug. 25 2005,9.36%
Aug. 24 2005,9.41%
Aug. 23 2005,9.30%
Aug. 22 2005,9.16%
Aug. 19 2005,9.17%
Aug. 18 2005,9.16%
Aug. 17 2005,9.18%
Aug. 16 2005,9.18%
Aug. 15 2005,9.25%
Aug. 12 2005,9.28%
Aug. 11 2005,9.31%
Aug. 10 2005,9.35%
Aug. 9 2005,9.29%
Aug. 8 2005,9.35%
Aug. 5 2005,9.28%
Aug. 4 2005,9.22%
Aug. 3 2005,9.19%
Aug. 2 2005,9.19%
Aug. 1 2005,9.27%
July 29 2005,9.31%
July 28 2005,9.23%
July 27 2005,9.12%
July 26 2005,9.08%
July 25 2005,9.10%
July 22 2005,9.12%
July 21 2005,9.17%
July 20 2005,9.16%
July 19 2005,9.12%
July 18 2005,9.00%
July 15 2005,8.72%
July 14 2005,8.71%
July 13 2005,8.85%
July 12 2005,8.80%
July 11 2005,8.78%
July 8 2005,8.71%
July 7 2005,8.75%
July 6 2005,8.75%
July 5 2005,8.72%
July 1 2005,8.77%
June 30 2005,8.76%
June 29 2005,7.05%
June 28 2005,7.02%
June 27 2005,7.06%
June 24 2005,7.03%
June 23 2005,7.04%
June 22 2005,6.96%
June 21 2005,6.97%
June 20 2005,6.97%
June 17 2005,6.95%
June 16 2005,6.94%
June 15 2005,6.96%
June 14 2005,6.96%
June 13 2005,6.93%
June 10 2005,6.93%
June 9 2005,6.92%
June 8 2005,6.91%
June 7 2005,6.92%
June 6 2005,6.92%
June 3 2005,6.94%
June 2 2005,6.92%
June 1 2005,6.92%
May 31 2005,7.00%
May 27 2005,6.98%
May 26 2005,6.96%
May 25 2005,6.95%
May 24 2005,6.92%
May 23 2005,6.93%
May 20 2005,6.90%
May 19 2005,6.90%
May 18 2005,6.91%
May 17 2005,7.00%
May 16 2005,7.05%
May 13 2005,7.19%
May 12 2005,7.11%
May 11 2005,7.07%
May 10 2005,7.12%
May 9 2005,7.04%
May 6 2005,7.08%
May 5 2005,7.04%
May 4 2005,7.03%
May 3 2005,7.05%
May 2 2005,7.09%
April 29 2005,7.03%
April 28 2005,7.14%
April 27 2005,7.01%
April 26 2005,7.08%
April 25 2005,7.05%
April 22 2005,7.12%
April 21 2005,7.13%
April 20 2005,7.15%
April 19 2005,7.12%
April 18 2005,7.14%
April 15 2005,7.21%
April 14 2005,7.27%
April 13 2005,7.20%
April 12 2005,7.10%
April 11 2005,7.24%
April 8 2005,7.27%
April 7 2005,7.26%
April 6 2005,7.31%
April 5 2005,7.34%
April 4 2005,7.40%
April 1 2005,7.40%
March 31 2005,7.34%
March 30 2005,7.28%
March 29 2005,7.37%
March 28 2005,7.30%
March 24 2005,7.34%
March 23 2005,7.36%
March 22 2005,7.36%
March 21 2005,7.15%
March 18 2005,6.98%
March 17 2005,6.92%
March 16 2005,6.90%
March 15 2005,6.84%
March 14 2005,6.78%
March 11 2005,6.84%
March 10 2005,6.79%
March 9 2005,6.83%
March 8 2005,6.75%
March 7 2005,6.75%
March 4 2005,6.76%
March 3 2005,6.82%
March 2 2005,6.79%
March 1 2005,6.83%
Feb. 28 2005,6.85%
Feb. 25 2005,6.77%
Feb. 24 2005,6.77%
Feb. 23 2005,6.76%
Feb. 22 2005,6.82%
Feb. 18 2005,6.73%
Feb. 17 2005,6.70%
Feb. 16 2005,6.65%
Feb. 15 2005,6.62%
Feb. 14 2005,6.64%
Feb. 11 2005,6.62%
Feb. 10 2005,6.68%
Feb. 9 2005,6.65%
Feb. 8 2005,6.61%
Feb. 7 2005,6.58%
Feb. 4 2005,6.57%
Feb. 3 2005,6.65%
Feb. 2 2005,6.58%
Feb. 1 2005,6.61%
Jan. 31 2005,6.67%
Jan. 28 2005,6.76%
Jan. 27 2005,6.73%
Jan. 26 2005,6.74%
Jan. 25 2005,6.74%
Jan. 24 2005,6.76%
Jan. 21 2005,6.82%
Jan. 20 2005,6.85%
Jan. 19 2005,6.81%
Jan. 18 2005,6.79%
Jan. 14 2005,6.88%
Jan. 13 2005,6.87%
Jan. 12 2005,6.80%
Jan. 11 2005,6.78%
Jan. 10 2005,6.76%
Jan. 7 2005,6.72%
Jan. 6 2005,6.68%
Jan. 5 2005,6.75%
Jan. 4 2005,6.83%
Jan. 3 2005,6.77%
Dec. 31 2004,6.79%
Dec. 30 2004,6.58%
Dec. 29 2004,6.58%
Dec. 28 2004,6.54%
Dec. 27 2004,6.54%
Dec. 23 2004,6.48%
Dec. 22 2004,6.54%
Dec. 21 2004,6.70%
Dec. 20 2004,6.77%
Dec. 17 2004,6.78%
Dec. 16 2004,6.72%
Dec. 15 2004,6.68%
Dec. 14 2004,6.74%
Dec. 13 2004,6.76%
Dec. 10 2004,6.88%
Dec. 9 2004,6.80%
Dec. 8 2004,6.83%
Dec. 7 2004,6.87%
Dec. 6 2004,6.84%
Dec. 3 2004,6.92%
Dec. 2 2004,6.91%
Dec. 1 2004,6.88%
Nov. 30 2004,7.06%
Nov. 29 2004,7.03%
Nov. 26 2004,6.96%
Nov. 24 2004,6.94%
Nov. 23 2004,6.99%
Nov. 22 2004,7.00%
Nov. 19 2004,7.00%
Nov. 18 2004,6.88%
Nov. 17 2004,6.84%
Nov. 16 2004,6.86%
Nov. 15 2004,6.77%
Nov. 12 2004,6.71%
Nov. 11 2004,6.83%
Nov. 10 2004,6.86%
Nov. 9 2004,6.84%
Nov. 8 2004,6.83%
Nov. 5 2004,6.85%
Nov. 4 2004,6.86%
Nov. 3 2004,6.98%
Nov. 2 2004,7.04%
Nov. 1 2004,7.13%
Oct. 29 2004,7.12%
Oct. 28 2004,7.14%
Oct. 27 2004,7.19%
Oct. 26 2004,7.29%
Oct. 25 2004,7.42%
Oct. 22 2004,7.42%
Oct. 21 2004,7.36%
Oct. 20 2004,7.30%
Oct. 19 2004,7.25%
Oct. 18 2004,7.15%
Oct. 15 2004,7.19%
Oct. 14 2004,7.23%
Oct. 13 2004,7.16%
Oct. 12 2004,7.05%
Oct. 11 2004,7.04%
Oct. 8 2004,7.09%
Oct. 7 2004,7.06%
Oct. 6 2004,7.06%
Oct. 5 2004,7.10%
Oct. 4 2004,7.06%
Oct. 1 2004,7.04%
Sept. 30 2004,7.16%
Sept. 29 2004,6.80%
Sept. 28 2004,6.86%
Sept. 27 2004,6.97%
Sept. 24 2004,6.89%
Sept. 23 2004,6.93%
Sept. 22 2004,6.85%
Sept. 21 2004,6.66%
Sept. 20 2004,6.70%
Sept. 17 2004,6.48%
Sept. 16 2004,6.44%
Sept. 15 2004,6.47%
Sept. 14 2004,6.44%
Sept. 13 2004,6.47%
Sept. 10 2004,6.44%
Sept. 9 2004,6.48%
Sept. 8 2004,6.49%
Sept. 7 2004,6.44%
Sept. 3 2004,6.49%
Sept. 2 2004,6.47%
Sept. 1 2004,6.54%
Aug. 31 2004,6.53%
Aug. 30 2004,6.55%
Aug. 27 2004,6.51%
Aug. 26 2004,6.54%
Aug. 25 2004,6.57%
Aug. 24 2004,6.62%
Aug. 23 2004,6.63%
Aug. 20 2004,6.62%
Aug. 19 2004,6.71%
Aug. 18 2004,6.66%
Aug. 17 2004,6.74%
Aug. 16 2004,6.79%
Aug. 13 2004,6.90%
Aug. 12 2004,6.92%
Aug. 11 2004,6.87%
Aug. 10 2004,6.90%
Aug. 9 2004,6.99%
Aug. 6 2004,7.04%
Aug. 5 2004,6.94%
Aug. 4 2004,6.85%
Aug. 3 2004,6.90%
Aug. 2 2004,6.85%
July 30 2004,6.90%
July 29 2004,6.87%
July 28 2004,6.90%
July 27 2004,6.92%
July 26 2004,6.94%
July 23 2004,6.86%
July 22 2004,6.81%
July 21 2004,6.91%
July 20 2004,6.90%
July 19 2004,6.89%
July 16 2004,6.97%
July 15 2004,6.86%
July 14 2004,6.75%
July 13 2004,6.71%
July 12 2004,6.76%
July 9 2004,6.75%
July 8 2004,6.73%
July 7 2004,6.66%
July 6 2004,6.69%
July 2 2004,6.64%
July 1 2004,6.60%
June 30 2004,6.52%
June 29 2004,7.88%
June 28 2004,7.84%
June 25 2004,7.80%
June 24 2004,7.75%
June 23 2004,7.73%
June 22 2004,7.78%
June 21 2004,7.73%
June 18 2004,7.68%
June 17 2004,7.75%
June 16 2004,7.75%
June 15 2004,7.77%
June 14 2004,7.81%
June 10 2004,7.71%
June 9 2004,7.76%
June 8 2004,7.69%
June 7 2004,7.68%
June 4 2004,7.85%
June 3 2004,7.83%
June 2 2004,7.76%
June 1 2004,7.80%
May 28 2004,7.86%
May 27 2004,7.87%
May 26 2004,7.87%
May 25 2004,7.85%
May 24 2004,8.04%
May 21 2004,8.07%
May 20 2004,8.06%
May 19 2004,8.11%
May 18 2004,8.07%
May 17 2004,8.10%
May 14 2004,8.00%
May 13 2004,7.90%
May 12 2004,7.88%
May 11 2004,7.99%
May 10 2004,8.07%
May 7 2004,7.81%
May 6 2004,7.65%
May 5 2004,7.51%
May 4 2004,7.47%
May 3 2004,7.55%
April 30 2004,7.58%
April 29 2004,7.58%
April 28 2004,7.54%
April 27 2004,7.46%
April 26 2004,7.46%
April 23 2004,7.42%
April 22 2004,7.35%
April 21 2004,7.43%
April 20 2004,7.42%
April 19 2004,7.30%
April 16 2004,7.29%
April 15 2004,7.31%
April 14 2004,7.16%
April 13 2004,7.13%
April 12 2004,7.01%
April 8 2004,7.08%
April 7 2004,7.06%
April 6 2004,6.99%
April 5 2004,6.99%
April 2 2004,7.05%
April 1 2004,6.98%
March 31 2004,7.06%
March 30 2004,6.60%
March 29 2004,6.68%
March 26 2004,6.85%
March 25 2004,6.82%
March 24 2004,6.89%
March 23 2004,6.89%
March 22 2004,6.91%
March 19 2004,6.81%
March 18 2004,6.69%
March 17 2004,6.75%
March 16 2004,6.86%
March 15 2004,6.98%
March 12 2004,6.96%
March 11 2004,7.05%
March 10 2004,6.97%
March 9 2004,6.88%
March 8 2004,6.87%
March 5 2004,6.86%
March 4 2004,6.95%
March 3 2004,6.88%
March 2 2004,6.89%
March 1 2004,6.80%
Feb. 27 2004,6.82%
Feb. 26 2004,6.86%
Feb. 25 2004,6.88%
Feb. 24 2004,6.94%
Feb. 23 2004,6.95%
Feb. 20 2004,7.02%
Feb. 19 2004,6.98%
Feb. 18 2004,6.92%
Feb. 17 2004,6.87%
Feb. 13 2004,6.93%
Feb. 12 2004,6.93%
Feb. 11 2004,6.90%
Feb. 10 2004,7.01%
Feb. 9 2004,6.98%
Feb. 6 2004,6.96%
Feb. 5 2004,7.13%
Feb. 4 2004,7.06%
Feb. 3 2004,7.02%
Feb. 2 2004,6.97%
Jan. 30 2004,6.93%
Jan. 29 2004,6.93%
Jan. 28 2004,6.97%
Jan. 27 2004,6.85%
Jan. 26 2004,6.73%
Jan. 23 2004,6.82%
Jan. 22 2004,6.77%
Jan. 21 2004,6.81%
Jan. 20 2004,6.96%
Jan. 16 2004,6.93%
Jan. 15 2004,6.93%
Jan. 14 2004,6.86%
Jan. 13 2004,6.92%
Jan. 12 2004,6.88%
Jan. 9 2004,6.88%
Jan. 8 2004,6.84%
Jan. 7 2004,6.87%
Jan. 6 2004,6.88%
Jan. 5 2004,6.89%
Jan. 2 2004,7.00%
Dec. 31 2003,7.07%
Dec. 30 2003,6.17%
Dec. 29 2003,6.18%
Dec. 26 2003,6.25%
Dec. 24 2003,6.25%
Dec. 23 2003,6.22%
Dec. 22 2003,6.16%
Dec. 19 2003,6.19%
Dec. 18 2003,6.24%
Dec. 17 2003,6.30%
Dec. 16 2003,6.24%
Dec. 15 2003,6.26%
Dec. 12 2003,6.29%
Dec. 11 2003,6.29%
Dec. 10 2003,6.31%
Dec. 9 2003,6.35%
Dec. 8 2003,6.31%
Dec. 5 2003,6.42%
Dec. 4 2003,6.34%
Dec. 3 2003,6.37%
Dec. 2 2003,6.33%
Dec. 1 2003,6.29%
Nov. 28 2003,6.36%
Nov. 26 2003,6.37%
Nov. 25 2003,6.37%
Nov. 24 2003,6.40%
Nov. 21 2003,6.45%
Nov. 20 2003,6.53%
Nov. 19 2003,6.51%
Nov. 18 2003,6.56%
Nov. 17 2003,6.46%
Nov. 14 2003,6.44%
Nov. 13 2003,6.35%
Nov. 12 2003,6.31%
Nov. 11 2003,6.31%
Nov. 10 2003,6.24%
Nov. 7 2003,6.26%
Nov. 6 2003,6.12%
Nov. 5 2003,6.19%
Nov. 4 2003,6.19%
Nov. 3 2003,6.22%
Oct. 31 2003,6.31%
Oct. 30 2003,6.29%
Oct. 29 2003,6.28%
Oct. 28 2003,6.28%
Oct. 27 2003,6.40%
Oct. 24 2003,6.28%
Oct. 23 2003,6.26%
Oct. 22 2003,6.33%
Oct. 21 2003,6.29%
Oct. 20 2003,6.21%
Oct. 17 2003,6.18%
Oct. 16 2003,6.10%
Oct. 15 2003,6.12%
Oct. 14 2003,6.10%
Oct. 13 2003,6.11%
Oct. 10 2003,6.24%
Oct. 9 2003,6.24%
Oct. 8 2003,6.29%
Oct. 7 2003,6.25%
Oct. 6 2003,6.32%
Oct. 3 2003,6.35%
Oct. 2 2003,6.33%
Oct. 1 2003,6.36%
Sept. 30 2003,6.57%
Sept. 29 2003,6.19%
Sept. 26 2003,6.28%
Sept. 25 2003,6.20%
Sept. 24 2003,6.13%
Sept. 23 2003,6.04%
Sept. 22 2003,6.14%
Sept. 19 2003,6.07%
Sept. 18 2003,6.11%
Sept. 17 2003,6.34%
Sept. 16 2003,6.38%
Sept. 15 2003,6.45%
Sept. 12 2003,6.43%
Sept. 11 2003,6.45%
Sept. 10 2003,6.48%
Sept. 9 2003,6.44%
Sept. 8 2003,6.40%
Sept. 5 2003,6.43%
Sept. 4 2003,6.42%
Sept. 3 2003,6.40%
Sept. 2 2003,6.45%
Aug. 29 2003,6.57%
Aug. 28 2003,6.61%
Aug. 27 2003,6.63%
Aug. 26 2003,6.58%
Aug. 25 2003,6.64%
Aug. 22 2003,6.61%
Aug. 21 2003,6.49%
Aug. 20 2003,6.45%
Aug. 19 2003,6.42%
Aug. 18 2003,6.38%
Aug. 15 2003,6.35%
Aug. 14 2003,6.31%
Aug. 13 2003,6.34%
Aug. 12 2003,6.31%
Aug. 11 2003,6.40%
Aug. 8 2003,6.42%
Aug. 7 2003,6.46%
Aug. 6 2003,6.55%
Aug. 5 2003,6.62%
Aug. 4 2003,6.50%
Aug. 1 2003,6.56%
July 31 2003,6.36%
July 30 2003,6.30%
July 29 2003,6.27%
July 28 2003,6.22%
July 25 2003,6.23%
July 24 2003,6.35%
July 23 2003,6.24%
July 22 2003,6.27%
July 21 2003,6.34%
July 18 2003,6.23%
July 17 2003,6.36%
July 16 2003,6.26%
July 15 2003,6.09%
July 14 2003,6.05%
July 11 2003,6.18%
July 10 2003,6.31%
July 9 2003,6.20%
July 8 2003,6.28%
July 7 2003,6.34%
July 3 2003,6.50%
July 2 2003,6.42%
July 1 2003,6.51%
June 30 2003,6.66%
June 27 2003,6.51%
June 26 2003,6.40%
June 25 2003,6.50%
June 24 2003,6.45%
June 23 2003,6.50%
June 20 2003,6.36%
June 19 2003,6.39%
June 18 2003,6.23%
June 17 2003,6.15%
June 16 2003,6.19%
June 13 2003,6.35%
June 12 2003,6.35%
June 11 2003,6.35%
June 10 2003,6.48%
June 9 2003,6.53%
June 6 2003,6.41%
June 5 2003,6.44%
June 4 2003,6.51%
June 3 2003,6.63%
June 2 2003,6.77%
May 30 2003,6.83%
May 29 2003,6.87%
May 28 2003,6.81%
May 27 2003,6.97%
May 23 2003,7.16%
May 22 2003,7.23%
May 21 2003,7.21%
May 20 2003,7.27%
May 19 2003,7.32%
May 16 2003,7.15%
May 15 2003,7.10%
May 14 2003,7.20%
May 13 2003,7.13%
May 12 2003,7.11%
May 9 2003,7.17%
May 8 2003,7.14%
May 7 2003,7.00%
May 6 2003,7.01%
May 5 2003,7.08%
May 2 2003,7.05%
May 1 2003,7.18%
April 30 2003,7.13%
April 29 2003,7.16%
April 28 2003,7.13%
April 25 2003,7.28%
April 24 2003,7.15%
April 23 2003,6.95%
April 22 2003,7.01%
April 21 2003,7.24%
April 17 2003,7.17%
April 16 2003,7.32%
April 15 2003,7.13%
April 14 2003,7.29%
April 11 2003,7.50%
April 10 2003,7.58%
April 9 2003,7.56%
April 8 2003,7.44%
April 7 2003,7.52%
April 4 2003,7.52%
April 3 2003,7.67%
April 2 2003,7.56%
April 1 2003,7.87%
March 31 2003,8.13%
March 28 2003,8.30%
March 27 2003,8.19%
March 26 2003,8.19%
March 25 2003,8.19%
March 24 2003,8.24%
March 21 2003,7.90%
March 20 2003,8.21%
March 19 2003,8.29%
March 18 2003,8.47%
March 17 2003,8.60%
March 14 2003,8.71%
March 13 2003,8.80%
March 12 2003,9.29%
March 11 2003,9.32%
March 10 2003,9.13%
March 7 2003,8.87%
March 6 2003,8.97%
March 5 2003,8.86%
March 4 2003,9.08%
March 3 2003,8.90%
Feb. 28 2003,8.82%
Feb. 27 2003,8.95%
Feb. 26 2003,9.11%
Feb. 25 2003,8.94%
Feb. 24 2003,9.07%
Feb. 21 2003,8.86%
Feb. 20 2003,8.95%
Feb. 19 2003,8.81%
Feb. 18 2003,8.84%
Feb. 14 2003,9.04%
Feb. 13 2003,9.23%
Feb. 12 2003,9.36%
Feb. 11 2003,9.17%
Feb. 10 2003,8.94%
Feb. 7 2003,8.93%
Feb. 6 2003,8.87%
Feb. 5 2003,8.74%
Feb. 4 2003,8.74%
Feb. 3 2003,8.48%
Jan. 31 2003,8.55%
Jan. 30 2003,8.60%
Jan. 29 2003,8.27%
Jan. 28 2003,8.29%
Jan. 27 2003,8.38%
Jan. 24 2003,8.21%
Jan. 23 2003,7.92%
Jan. 22 2003,8.19%
Jan. 21 2003,8.14%
Jan. 17 2003,7.99%
Jan. 16 2003,7.92%
Jan. 15 2003,7.85%
Jan. 14 2003,7.75%
Jan. 13 2003,7.94%
Jan. 10 2003,7.85%
Jan. 9 2003,7.94%
Jan. 8 2003,8.01%
Jan. 7 2003,7.95%
Jan. 6 2003,7.88%
Jan. 3 2003,8.14%
Jan. 2 2003,8.09%
Dec. 31 2002,8.35%
Dec. 30 2002,9.11%
Dec. 27 2002,9.13%
Dec. 26 2002,8.91%
Dec. 24 2002,8.79%
Dec. 23 2002,8.52%
Dec. 20 2002,8.42%
Dec. 19 2002,8.68%
Dec. 18 2002,8.64%
Dec. 17 2002,8.65%
Dec. 16 2002,8.56%
Dec. 13 2002,8.92%
Dec. 12 2002,8.77%
Dec. 11 2002,8.85%
Dec. 10 2002,8.73%
Dec. 9 2002,8.88%
Dec. 6 2002,8.55%
Dec. 5 2002,8.64%
Dec. 4 2002,8.48%
Dec. 3 2002,8.48%
Dec. 2 2002,8.33%
Nov. 29 2002,8.26%
Nov. 27 2002,8.24%
Nov. 26 2002,8.64%
Nov. 25 2002,8.31%
Nov. 22 2002,8.33%
Nov. 21 2002,8.24%
Nov. 20 2002,8.49%
Nov. 19 2002,8.81%
Nov. 18 2002,8.96%
Nov. 15 2002,8.70%
Nov. 14 2002,8.88%
Nov. 13 2002,9.17%
Nov. 12 2002,8.82%
Nov. 11 2002,8.99%
Nov. 8 2002,8.71%
Nov. 7 2002,8.81%
Nov. 6 2002,8.47%
Nov. 5 2002,8.45%
Nov. 4 2002,8.54%
Nov. 1 2002,8.53%
Oct. 31 2002,8.69%
Oct. 30 2002,8.66%
Oct. 29 2002,8.79%
Oct. 28 2002,8.84%
Oct. 25 2002,8.99%
Oct. 24 2002,9.26%
Oct. 23 2002,9.04%
Oct. 22 2002,9.03%
Oct. 21 2002,9.04%
Oct. 18 2002,9.18%
Oct. 17 2002,8.98%
Oct. 16 2002,9.48%
Oct. 15 2002,9.40%
Oct. 14 2002,10.59%
Oct. 11 2002,10.56%
Oct. 10 2002,11.24%
Oct. 9 2002,11.94%
Oct. 8 2002,11.53%
Oct. 7 2002,12.01%
Oct. 4 2002,11.47%
Oct. 3 2002,11.26%
Oct. 2 2002,10.84%
Oct. 1 2002,10.35%
Sept. 30 2002,10.83%
Sept. 27 2002,10.54%
Sept. 26 2002,10.37%
Sept. 25 2002,10.90%
Sept. 24 2002,11.25%
Sept. 23 2002,11.10%
Sept. 20 2002,11.41%
Sept. 19 2002,11.07%
Sept. 18 2002,10.51%
Sept. 17 2002,10.27%
Sept. 16 2002,10.24%
Sept. 13 2002,10.42%
Sept. 12 2002,10.50%
Sept. 11 2002,10.15%
Sept. 10 2002,9.91%
Sept. 9 2002,9.85%
Sept. 6 2002,10.11%
Sept. 5 2002,10.44%
Sept. 4 2002,10.10%
Sept. 3 2002,10.41%
Aug. 30 2002,9.34%
Aug. 29 2002,9.32%
Aug. 28 2002,9.23%
Aug. 27 2002,8.95%
Aug. 26 2002,8.90%
Aug. 23 2002,9.00%
Aug. 22 2002,8.70%
Aug. 21 2002,8.91%
Aug. 20 2002,8.55%
Aug. 19 2002,8.42%
Aug. 16 2002,8.77%
Aug. 15 2002,8.54%
Aug. 14 2002,8.68%
Aug. 13 2002,9.24%
Aug. 12 2002,8.98%
Aug. 9 2002,8.92%
Aug. 8 2002,9.03%
Aug. 7 2002,9.71%
Aug. 6 2002,10.07%
Aug. 5 2002,10.68%
Aug. 2 2002,9.91%
Aug. 1 2002,9.47%
July 31 2002,9.12%
July 30 2002,9.01%
July 29 2002,9.19%
July 26 2002,9.95%
July 25 2002,10.32%
July 24 2002,10.34%
July 23 2002,11.33%
July 22 2002,9.55%
July 19 2002,8.50%
July 18 2002,8.29%
July 17 2002,8.29%
July 16 2002,8.44%
July 15 2002,8.58%
July 12 2002,8.42%
July 11 2002,8.48%
July 10 2002,8.25%
July 9 2002,8.14%
July 8 2002,7.95%
July 5 2002,7.74%
July 3 2002,8.27%
July 2 2002,8.16%
July 1 2002,7.95%
June 28 2002,7.66%
June 27 2002,7.58%
June 26 2002,8.03%
June 25 2002,7.59%
June 24 2002,7.50%
June 21 2002,7.46%
June 20 2002,7.34%
June 19 2002,7.06%
June 18 2002,6.94%
June 17 2002,6.93%
June 14 2002,7.39%
June 13 2002,7.39%
June 12 2002,7.32%
June 11 2002,7.30%
June 10 2002,7.20%
June 7 2002,7.24%
June 6 2002,7.07%
June 5 2002,7.07%
June 4 2002,7.07%
June 3 2002,7.00%
May 31 2002,6.88%
May 30 2002,6.85%
May 29 2002,6.83%
May 28 2002,6.75%
May 24 2002,6.63%
May 23 2002,6.55%
May 22 2002,6.60%
May 21 2002,6.56%
May 20 2002,6.48%
May 17 2002,6.35%
May 16 2002,6.41%
May 15 2002,6.44%
May 14 2002,6.54%
May 13 2002,6.71%
May 10 2002,6.86%
May 9 2002,6.67%
May 8 2002,6.63%
May 7 2002,7.05%
May 6 2002,7.00%
May 3 2002,6.71%
May 2 2002,6.61%
May 1 2002,6.76%
April 30 2002,6.86%
April 29 2002,6.93%
April 26 2002,6.90%
April 25 2002,6.73%
April 24 2002,6.64%
April 23 2002,6.53%
April 22 2002,6.53%
April 19 2002,6.38%
April 18 2002,6.31%
April 17 2002,6.24%
April 16 2002,6.17%
April 15 2002,6.47%
April 12 2002,6.31%
April 11 2002,6.35%
April 10 2002,6.11%
April 9 2002,6.08%
April 8 2002,6.11%
April 5 2002,6.10%
April 4 2002,6.10%
April 3 2002,6.09%
April 2 2002,6.01%
April 1 2002,6.01%
March 28 2002,5.51%
March 27 2002,5.46%
March 26 2002,5.55%
March 25 2002,5.61%
March 22 2002,5.48%
March 21 2002,5.50%
March 20 2002,5.54%
March 19 2002,5.47%
March 18 2002,5.51%
March 15 2002,5.49%
March 14 2002,5.59%
March 13 2002,5.64%
March 12 2002,5.53%
March 11 2002,5.58%
March 8 2002,5.59%
March 7 2002,5.60%
March 6 2002,5.61%
March 5 2002,5.72%
March 4 2002,5.73%
March 1 2002,5.96%
Feb. 28 2002,6.03%
Feb. 27 2002,6.17%
Feb. 26 2002,6.23%
Feb. 25 2002,6.23%
Feb. 22 2002,6.44%
Feb. 21 2002,6.38%
Feb. 20 2002,6.27%
Feb. 19 2002,6.47%
Feb. 15 2002,6.19%
Feb. 14 2002,5.99%
Feb. 13 2002,6.02%
Feb. 12 2002,6.05%
Feb. 11 2002,5.96%
Feb. 8 2002,6.00%
Feb. 7 2002,6.18%
Feb. 6 2002,6.20%
Feb. 5 2002,6.09%
Feb. 4 2002,6.16%
Feb. 1 2002,5.87%
Jan. 31 2002,5.81%
Jan. 30 2002,5.75%
Jan. 29 2002,5.84%
Jan. 28 2002,5.54%
Jan. 25 2002,5.50%
Jan. 24 2002,5.47%
Jan. 23 2002,5.52%
Jan. 22 2002,5.55%
Jan. 18 2002,5.46%
Jan. 17 2002,5.47%
Jan. 16 2002,5.59%
Jan. 15 2002,5.49%
Jan. 14 2002,5.59%
Jan. 11 2002,5.56%
Jan. 10 2002,5.48%
Jan. 9 2002,5.48%
Jan. 8 2002,5.52%
Jan. 7 2002,5.31%
Jan. 4 2002,5.25%
Jan. 3 2002,5.36%
Jan. 2 2002,5.35%
Dec. 31 2001,5.41%
Dec. 28 2001,4.96%
Dec. 27 2001,5.01%
Dec. 26 2001,5.06%
Dec. 24 2001,5.08%
Dec. 21 2001,5.06%
Dec. 20 2001,5.11%
Dec. 19 2001,5.08%
Dec. 18 2001,5.28%
Dec. 17 2001,5.38%
Dec. 14 2001,5.47%
Dec. 13 2001,5.38%
Dec. 12 2001,5.28%
Dec. 11 2001,5.23%
Dec. 10 2001,5.26%
Dec. 7 2001,5.16%
Dec. 6 2001,5.12%
Dec. 5 2001,5.18%
Dec. 4 2001,5.31%
Dec. 3 2001,5.41%
Nov. 30 2001,5.29%
Nov. 29 2001,5.30%
Nov. 28 2001,5.31%
Nov. 27 2001,5.02%
Nov. 26 2001,5.00%
Nov. 23 2001,5.09%
Nov. 21 2001,5.19%
Nov. 20 2001,5.13%
Nov. 19 2001,5.12%
Nov. 16 2001,5.20%
Nov. 15 2001,5.07%
Nov. 14 2001,5.06%
Nov. 13 2001,5.08%
Nov. 12 2001,5.27%
Nov. 9 2001,5.26%
Nov. 8 2001,5.24%
Nov. 7 2001,5.28%
Nov. 6 2001,5.34%
Nov. 5 2001,5.36%
Nov. 2 2001,5.41%
Nov. 1 2001,5.49%
Oct. 31 2001,5.58%
Oct. 30 2001,5.59%
Oct. 29 2001,5.47%
Oct. 26 2001,5.23%
Oct. 25 2001,5.28%
Oct. 24 2001,5.41%
Oct. 23 2001,5.31%
Oct. 22 2001,5.40%
Oct. 19 2001,5.59%
Oct. 18 2001,5.46%
Oct. 17 2001,5.46%
Oct. 16 2001,5.52%
Oct. 15 2001,5.67%
Oct. 12 2001,5.64%
Oct. 11 2001,5.55%
Oct. 10 2001,5.73%
Oct. 9 2001,5.95%
Oct. 8 2001,5.99%
Oct. 5 2001,5.89%
Oct. 4 2001,5.82%
Oct. 3 2001,5.84%
Oct. 2 2001,6.01%
Oct. 1 2001,6.08%
Sept. 28 2001,6.42%
Sept. 27 2001,6.52%
Sept. 26 2001,6.61%
Sept. 25 2001,6.66%
Sept. 24 2001,6.67%
Sept. 21 2001,7.28%
Sept. 20 2001,7.15%
Sept. 19 2001,6.76%
Sept. 18 2001,6.58%
Sept. 17 2001,6.57%
Sept. 10 2001,6.12%
Sept. 7 2001,5.99%
Sept. 6 2001,5.90%
Sept. 5 2001,5.70%
Sept. 4 2001,5.63%
Aug. 31 2001,5.68%
Aug. 30 2001,5.71%
Aug. 29 2001,5.60%
Aug. 28 2001,5.53%
Aug. 27 2001,5.42%
Aug. 24 2001,5.38%
Aug. 23 2001,5.56%
Aug. 22 2001,5.53%
Aug. 21 2001,5.53%
Aug. 20 2001,5.49%
Aug. 17 2001,5.58%
Aug. 16 2001,5.43%
Aug. 15 2001,5.35%
Aug. 14 2001,5.33%
Aug. 13 2001,5.29%
Aug. 10 2001,5.24%
Aug. 9 2001,5.26%
Aug. 8 2001,5.24%
Aug. 7 2001,5.12%
Aug. 6 2001,5.16%
Aug. 3 2001,5.09%
Aug. 2 2001,5.09%
Aug. 1 2001,5.13%
July 31 2001,5.18%
July 30 2001,5.24%
July 27 2001,5.19%
July 26 2001,5.20%
July 25 2001,5.27%
July 24 2001,5.31%
July 23 2001,5.18%
July 20 2001,5.14%
July 19 2001,5.18%
July 18 2001,5.14%
July 17 2001,5.13%
July 16 2001,5.29%
July 13 2001,5.32%
July 12 2001,5.34%
July 11 2001,5.46%
July 10 2001,5.30%
July 9 2001,5.11%
July 6 2001,5.12%
July 5 2001,4.97%
July 3 2001,4.90%
July 2 2001,4.86%
June 29 2001,4.84%
June 28 2001,4.87%
June 27 2001,4.95%
June 26 2001,4.91%
June 25 2001,4.87%
June 22 2001,4.79%
June 21 2001,4.78%
June 20 2001,5.05%
June 19 2001,5.04%
June 18 2001,5.14%
June 15 2001,5.19%
June 14 2001,5.27%
June 13 2001,5.13%
June 12 2001,5.08%
June 11 2001,5.08%
June 8 2001,5.02%
June 7 2001,4.98%
June 6 2001,4.94%
June 5 2001,4.87%
June 4 2001,4.90%
June 1 2001,4.94%
May 31 2001,5.00%
May 30 2001,5.04%
May 29 2001,4.96%
May 25 2001,4.94%
May 24 2001,4.87%
May 23 2001,4.92%
May 22 2001,4.87%
May 21 2001,4.97%
May 18 2001,5.03%
May 17 2001,5.05%
May 16 2001,4.94%
May 15 2001,5.06%
May 14 2001,5.11%
May 11 2001,5.20%
May 10 2001,5.16%
May 9 2001,5.18%
May 8 2001,5.14%
May 7 2001,5.05%
May 4 2001,5.04%
May 3 2001,5.02%
May 2 2001,5.06%
May 1 2001,5.08%
April 30 2001,5.21%
April 27 2001,5.03%
April 26 2001,5.17%
April 25 2001,5.19%
April 24 2001,5.26%
April 23 2001,5.28%
April 20 2001,5.18%
April 19 2001,5.09%
April 18 2001,5.11%
April 17 2001,5.34%
April 16 2001,5.45%
April 12 2001,5.41%
April 11 2001,5.52%
April 10 2001,5.64%
April 9 2001,5.98%
April 6 2001,5.99%
April 5 2001,5.69%
April 4 2001,6.00%
April 3 2001,5.86%
April 2 2001,5.60%
March 30 2001,5.82%
March 29 2001,5.86%
March 28 2001,5.81%
March 27 2001,5.64%
March 26 2001,5.93%
March 23 2001,6.11%
March 22 2001,6.45%
March 21 2001,6.20%
March 20 2001,5.91%
March 19 2001,5.66%
March 16 2001,5.76%
March 15 2001,5.65%
March 14 2001,5.84%
March 13 2001,5.41%
March 12 2001,5.56%
March 9 2001,5.33%
March 8 2001,5.16%
March 7 2001,5.19%
March 6 2001,5.39%
March 5 2001,5.43%
March 2 2001,5.46%
March 1 2001,5.39%
Feb. 28 2001,5.33%
Feb. 27 2001,5.26%
Feb. 26 2001,5.21%
Feb. 23 2001,5.44%
Feb. 22 2001,5.39%
Feb. 21 2001,5.42%
Feb. 20 2001,5.12%
Feb. 16 2001,4.85%
Feb. 15 2001,4.85%
Feb. 14 2001,4.88%
Feb. 13 2001,4.80%
Feb. 12 2001,4.72%
Feb. 9 2001,4.85%
Feb. 8 2001,4.84%
Feb. 7 2001,4.82%
Feb. 6 2001,4.75%
Feb. 5 2001,4.65%
Feb. 2 2001,4.72%
Feb. 1 2001,4.67%
Jan. 31 2001,4.68%
Jan. 30 2001,4.66%
Jan. 29 2001,4.66%
Jan. 26 2001,4.75%
Jan. 25 2001,4.74%
Jan. 24 2001,4.69%
Jan. 23 2001,4.77%
Jan. 22 2001,4.86%
Jan. 19 2001,4.82%
Jan. 18 2001,4.83%
Jan. 17 2001,4.87%
Jan. 16 2001,4.79%
Jan. 12 2001,4.93%
Jan. 11 2001,4.76%
Jan. 10 2001,4.86%
Jan. 9 2001,5.02%
Jan. 8 2001,4.91%
Jan. 5 2001,4.88%
Jan. 4 2001,4.70%
Jan. 3 2001,4.77%
Jan. 2 2001,5.19%
Dec. 29 2000,5.25%
Dec. 28 2000,5.23%
Dec. 27 2000,5.27%
Dec. 26 2000,5.26%
Dec. 22 2000,5.35%
Dec. 21 2000,5.50%
Dec. 20 2000,5.58%
Dec. 19 2000,5.33%
Dec. 18 2000,5.43%
Dec. 15 2000,5.58%
Dec. 14 2000,5.28%
Dec. 13 2000,5.06%
Dec. 12 2000,5.09%
Dec. 11 2000,5.07%
Dec. 8 2000,5.20%
Dec. 7 2000,5.39%
Dec. 6 2000,5.39%
Dec. 5 2000,5.28%
Dec. 4 2000,5.61%
Dec. 1 2000,5.48%
Nov. 30 2000,5.38%
Nov. 29 2000,5.42%
Nov. 28 2000,5.63%
Nov. 27 2000,5.65%
Nov. 24 2000,5.66%
Nov. 22 2000,5.69%
Nov. 21 2000,5.46%
Nov. 20 2000,5.43%
Nov. 17 2000,5.22%
Nov. 16 2000,5.18%
Nov. 15 2000,5.34%
Nov. 14 2000,5.28%
Nov. 13 2000,5.31%
Nov. 10 2000,5.20%
Nov. 9 2000,5.09%
Nov. 8 2000,5.05%
Nov. 7 2000,4.90%
Nov. 6 2000,4.88%
Nov. 3 2000,4.97%
Nov. 2 2000,5.05%
Nov. 1 2000,5.18%
Oct. 31 2000,5.09%
Oct. 30 2000,5.20%
Oct. 27 2000,5.33%
Oct. 26 2000,5.47%
Oct. 25 2000,5.29%
Oct. 24 2000,5.18%
Oct. 23 2000,5.31%
Oct. 20 2000,5.26%
Oct. 19 2000,5.22%
Oct. 18 2000,5.41%
Oct. 17 2000,5.43%
Oct. 16 2000,5.27%
Oct. 13 2000,5.38%
Oct. 12 2000,5.73%
Oct. 11 2000,5.42%
Oct. 10 2000,5.25%
Oct. 9 2000,5.09%
Oct. 6 2000,5.02%
Oct. 5 2000,4.78%
Oct. 4 2000,4.90%
Oct. 3 2000,4.72%
Oct. 2 2000,4.84%
Sept. 29 2000,4.70%
Sept. 28 2000,4.72%
Sept. 27 2000,4.85%
Sept. 26 2000,4.75%
Sept. 25 2000,4.69%
Sept. 22 2000,4.82%
Sept. 21 2000,4.79%
Sept. 20 2000,4.74%
Sept. 19 2000,4.68%
Sept. 18 2000,4.75%
Sept. 15 2000,4.64%
Sept. 14 2000,4.58%
Sept. 13 2000,4.57%
Sept. 12 2000,4.51%
Sept. 11 2000,4.49%
Sept. 8 2000,4.54%
Sept. 7 2000,4.66%
Sept. 6 2000,4.62%
Sept. 5 2000,4.38%
Sept. 1 2000,4.40%
Aug. 31 2000,4.35%
Aug. 30 2000,4.45%
Aug. 29 2000,4.37%
Aug. 28 2000,4.38%
Aug. 25 2000,4.46%
Aug. 24 2000,4.42%
Aug. 23 2000,4.42%
Aug. 22 2000,4.37%
Aug. 21 2000,4.41%
Aug. 18 2000,4.53%
Aug. 17 2000,4.53%
Aug. 16 2000,4.65%
Aug. 15 2000,4.58%
Aug. 14 2000,4.57%
Aug. 11 2000,4.68%
Aug. 10 2000,4.76%
Aug. 9 2000,4.66%
Aug. 8 2000,4.65%
Aug. 7 2000,4.59%
Aug. 4 2000,4.61%
Aug. 3 2000,4.75%
Aug. 2 2000,4.79%
Aug. 1 2000,4.80%
July 31 2000,4.80%
July 28 2000,4.96%
July 27 2000,4.84%
July 26 2000,4.87%
July 25 2000,4.81%
July 24 2000,4.79%
July 21 2000,4.77%
July 20 2000,4.80%
July 19 2000,4.99%
July 18 2000,5.08%
July 17 2000,5.10%
July 14 2000,4.99%
July 13 2000,5.07%
July 12 2000,5.05%
July 11 2000,5.13%
July 10 2000,5.19%
July 7 2000,5.20%
July 6 2000,5.30%
July 5 2000,5.36%
July 3 2000,5.43%
June 30 2000,5.62%
June 29 2000,5.14%
June 28 2000,5.03%
June 27 2000,5.06%
June 26 2000,5.04%
June 23 2000,5.22%
June 22 2000,5.20%
June 21 2000,5.12%
June 20 2000,5.01%
June 19 2000,5.04%
June 16 2000,5.15%
June 15 2000,4.97%
June 14 2000,4.81%
June 13 2000,4.94%
June 12 2000,5.04%
June 9 2000,5.04%
June 8 2000,5.00%
June 7 2000,4.88%
June 6 2000,4.98%
June 5 2000,4.86%
June 2 2000,4.87%
June 1 2000,5.07%
May 31 2000,5.19%
May 30 2000,5.35%
May 26 2000,5.54%
May 25 2000,5.51%
May 24 2000,5.29%
May 23 2000,5.18%
May 22 2000,5.26%
May 19 2000,5.30%
May 18 2000,5.23%
May 17 2000,5.24%
May 16 2000,5.23%
May 15 2000,5.13%
May 12 2000,5.36%
May 11 2000,5.48%
May 10 2000,5.72%
May 9 2000,5.44%
May 8 2000,5.37%
May 5 2000,5.42%
May 4 2000,5.51%
May 3 2000,5.37%
May 2 2000,5.28%
May 1 2000,5.35%
April 28 2000,5.43%
April 27 2000,5.24%
April 26 2000,5.15%
April 25 2000,5.01%
April 24 2000,5.23%
April 20 2000,5.27%
April 19 2000,5.41%
April 18 2000,5.17%
April 17 2000,5.41%
April 14 2000,5.60%
April 13 2000,5.20%
April 12 2000,5.11%
April 11 2000,5.09%
April 10 2000,5.18%
April 7 2000,5.47%
April 6 2000,5.44%
April 5 2000,5.51%
April 4 2000,5.46%
April 3 2000,5.21%
March 31 2000,5.44%
March 30 2000,4.89%
March 29 2000,4.80%
March 28 2000,4.77%
March 27 2000,4.84%
March 24 2000,4.81%
March 23 2000,4.70%
March 22 2000,4.94%
March 21 2000,5.01%
March 20 2000,5.19%
March 17 2000,5.10%
March 16 2000,5.11%
March 15 2000,5.58%
March 14 2000,5.79%
March 13 2000,5.93%
March 10 2000,5.94%
March 9 2000,5.79%
March 8 2000,5.83%
March 7 2000,5.77%
March 6 2000,5.56%
March 3 2000,5.44%
March 2 2000,5.63%
March 1 2000,5.60%
Feb. 29 2000,5.61%
Feb. 28 2000,5.89%
Feb. 25 2000,6.05%
Feb. 24 2000,5.88%
Feb. 23 2000,5.74%
Feb. 22 2000,5.67%
Feb. 18 2000,5.66%
Feb. 17 2000,5.54%
Feb. 16 2000,5.43%
Feb. 15 2000,5.35%
Feb. 14 2000,5.51%
Feb. 11 2000,5.39%
Feb. 10 2000,5.42%
Feb. 9 2000,5.37%
Feb. 8 2000,5.22%
Feb. 7 2000,5.33%
Feb. 4 2000,5.30%
Feb. 3 2000,5.17%
Feb. 2 2000,5.10%
Feb. 1 2000,4.99%
Jan. 31 2000,5.06%
Jan. 28 2000,5.18%
Jan. 27 2000,4.93%
Jan. 26 2000,5.02%
Jan. 25 2000,5.21%
Jan. 24 2000,5.26%
Jan. 21 2000,5.15%
Jan. 20 2000,5.06%
Jan. 19 2000,4.87%
Jan. 18 2000,5.03%
Jan. 14 2000,5.01%
Jan. 13 2000,5.23%
Jan. 12 2000,5.30%
Jan. 11 2000,5.47%
Jan. 10 2000,5.40%
Jan. 7 2000,5.33%
Jan. 6 2000,5.37%
Jan. 5 2000,5.72%
Jan. 4 2000,5.75%
Jan. 3 2000,5.50%
Dec. 31 1999,5.23%
Dec. 30 1999,4.36%
Dec. 29 1999,4.40%
Dec. 28 1999,4.35%
Dec. 27 1999,4.44%
Dec. 23 1999,4.31%
Dec. 22 1999,4.39%
Dec. 21 1999,4.37%
Dec. 20 1999,4.53%
Dec. 17 1999,4.43%
Dec. 16 1999,4.48%
Dec. 15 1999,4.43%
Dec. 14 1999,4.51%
Dec. 13 1999,4.36%
Dec. 10 1999,4.30%
Dec. 9 1999,4.37%
Dec. 8 1999,4.40%
Dec. 7 1999,4.22%
Dec. 6 1999,4.29%
Dec. 3 1999,4.47%
Dec. 2 1999,4.47%
Dec. 1 1999,4.43%
Nov. 30 1999,4.48%
Nov. 29 1999,4.50%
Nov. 26 1999,4.44%
Nov. 24 1999,4.48%
Nov. 23 1999,4.41%
Nov. 22 1999,4.35%
Nov. 19 1999,4.30%
Nov. 18 1999,4.30%
Nov. 17 1999,4.29%
Nov. 16 1999,4.15%
Nov. 15 1999,4.33%
Nov. 12 1999,4.40%
Nov. 11 1999,4.63%
Nov. 10 1999,4.59%
Nov. 9 1999,4.57%
Nov. 8 1999,4.48%
Nov. 5 1999,4.44%
Nov. 4 1999,4.51%
Nov. 3 1999,4.57%
Nov. 2 1999,4.50%
Nov. 1 1999,4.52%
Oct. 29 1999,4.46%
Oct. 28 1999,4.46%
Oct. 27 1999,4.70%
Oct. 26 1999,4.98%
Oct. 25 1999,5.06%
Oct. 22 1999,5.01%
Oct. 21 1999,5.12%
Oct. 20 1999,5.22%
Oct. 19 1999,5.37%
Oct. 18 1999,5.51%
Oct. 15 1999,5.71%
Oct. 14 1999,5.49%
Oct. 13 1999,5.51%
Oct. 12 1999,5.31%
Oct. 11 1999,5.26%
Oct. 8 1999,5.18%
Oct. 7 1999,5.26%
Oct. 6 1999,5.21%
Oct. 5 1999,5.34%
Oct. 4 1999,5.42%
Oct. 1 1999,5.60%
Sept. 30 1999,5.49%
Sept. 29 1999,4.47%
Sept. 28 1999,4.39%
Sept. 27 1999,4.44%
Sept. 24 1999,4.34%
Sept. 23 1999,4.44%
Sept. 22 1999,4.45%
Sept. 21 1999,4.47%
Sept. 20 1999,4.33%
Sept. 17 1999,4.37%
Sept. 16 1999,4.42%
Sept. 15 1999,4.41%
Sept. 14 1999,4.42%
Sept. 13 1999,4.44%
Sept. 10 1999,4.42%
Sept. 9 1999,4.37%
Sept. 8 1999,4.31%
Sept. 7 1999,4.26%
Sept. 3 1999,4.18%
Sept. 2 1999,4.33%
Sept. 1 1999,4.24%
Aug. 31 1999,4.29%
Aug. 30 1999,4.26%
Aug. 27 1999,4.07%
Aug. 26 1999,4.02%
Aug. 25 1999,3.91%
Aug. 24 1999,3.90%
Aug. 23 1999,3.93%
Aug. 20 1999,4.11%
Aug. 19 1999,4.19%
Aug. 18 1999,4.05%
Aug. 17 1999,4.00%
Aug. 16 1999,4.12%
Aug. 13 1999,4.16%
Aug. 12 1999,4.33%
Aug. 11 1999,4.35%
Aug. 10 1999,4.53%
Aug. 9 1999,4.49%
Aug. 6 1999,4.50%
Aug. 5 1999,4.33%
Aug. 4 1999,4.35%
Aug. 3 1999,4.32%
Aug. 2 1999,4.33%
July 30 1999,4.28%
July 29 1999,4.17%
July 28 1999,4.01%
July 27 1999,4.04%
July 26 1999,4.04%
July 23 1999,4.03%
July 22 1999,3.97%
July 21 1999,4.02%
July 20 1999,3.92%
July 19 1999,3.89%
July 16 1999,3.89%
July 15 1999,3.96%
July 14 1999,4.01%
July 13 1999,3.99%
July 12 1999,3.91%
July 9 1999,3.90%
July 8 1999,3.96%
July 7 1999,3.91%
July 6 1999,3.92%
July 2 1999,3.90%
July 1 1999,3.93%
June 30 1999,4.02%
June 29 1999,3.97%
June 28 1999,3.98%
June 25 1999,4.17%
June 24 1999,4.17%
June 23 1999,4.00%
June 22 1999,3.95%
June 21 1999,3.89%
June 18 1999,3.94%
June 17 1999,3.90%
June 16 1999,3.97%
June 15 1999,4.17%
June 14 1999,4.33%
June 11 1999,4.23%
June 10 1999,4.33%
June 9 1999,4.22%
June 8 1999,4.24%
June 7 1999,4.12%
June 4 1999,4.18%
June 3 1999,4.34%
June 2 1999,4.40%
June 1 1999,4.26%
May 28 1999,4.14%
May 27 1999,4.32%
May 26 1999,4.24%
May 25 1999,4.35%
May 24 1999,4.21%
May 21 1999,4.05%
May 20 1999,3.97%
May 19 1999,3.89%
May 18 1999,3.97%
May 17 1999,3.92%
May 14 1999,3.86%
May 13 1999,3.73%
May 12 1999,3.71%
May 11 1999,3.78%
May 10 1999,3.84%
May 7 1999,3.90%
May 6 1999,3.93%
May 5 1999,3.77%
May 4 1999,3.80%
May 3 1999,3.65%
April 30 1999,3.64%
April 29 1999,3.59%
April 28 1999,3.67%
April 27 1999,3.63%
April 26 1999,3.72%
April 23 1999,3.66%
April 22 1999,3.65%
April 21 1999,3.71%
April 20 1999,3.76%
April 19 1999,3.87%
April 16 1999,3.83%
April 15 1999,3.90%
April 14 1999,3.74%
April 13 1999,3.64%
April 12 1999,3.70%
April 9 1999,3.72%
April 8 1999,3.75%
April 7 1999,3.82%
April 6 1999,4.08%
April 5 1999,4.12%
April 1 1999,4.24%
March 31 1999,4.29%
March 30 1999,4.09%
March 29 1999,4.08%
March 26 1999,4.13%
March 25 1999,4.16%
March 24 1999,4.36%
March 23 1999,4.29%
March 22 1999,4.12%
March 19 1999,4.09%
March 18 1999,4.06%
March 17 1999,4.18%
March 16 1999,4.06%
March 15 1999,3.97%
March 12 1999,3.97%
March 11 1999,3.97%
March 10 1999,4.09%
March 9 1999,4.18%
March 8 1999,4.21%
March 5 1999,4.24%
March 4 1999,4.35%
March 3 1999,4.53%
March 2 1999,4.45%
March 1 1999,4.28%
Feb. 26 1999,4.46%
Feb. 25 1999,4.55%
Feb. 24 1999,4.60%
Feb. 23 1999,4.51%
Feb. 22 1999,4.73%
Feb. 19 1999,4.84%
Feb. 18 1999,4.94%
Feb. 17 1999,4.94%
Feb. 16 1999,4.90%
Feb. 12 1999,5.05%
Feb. 11 1999,4.89%
Feb. 10 1999,5.04%
Feb. 9 1999,5.13%
Feb. 8 1999,4.99%
Feb. 5 1999,4.96%
Feb. 4 1999,4.94%
Feb. 3 1999,4.83%
Feb. 2 1999,4.94%
Feb. 1 1999,4.81%
Jan. 29 1999,4.67%
Jan. 28 1999,4.72%
Jan. 27 1999,4.84%
Jan. 26 1999,4.76%
Jan. 25 1999,4.93%
Jan. 22 1999,5.08%
Jan. 21 1999,4.99%
Jan. 20 1999,4.90%
Jan. 19 1999,5.09%
Jan. 15 1999,5.04%
Jan. 14 1999,5.19%
Jan. 13 1999,5.02%
Jan. 12 1999,4.66%
Jan. 11 1999,4.54%
Jan. 8 1999,4.52%
Jan. 7 1999,4.47%
Jan. 6 1999,4.81%
Jan. 5 1999,5.11%
Jan. 4 1999,5.21%
Dec. 31 1998,5.29%
Dec. 30 1998,5.18%
Dec. 29 1998,5.14%
Dec. 28 1998,5.14%
Dec. 24 1998,5.08%
Dec. 23 1998,5.06%
Dec. 22 1998,5.20%
Dec. 21 1998,5.13%
Dec. 18 1998,5.25%
Dec. 17 1998,5.24%
Dec. 16 1998,5.50%
Dec. 15 1998,5.38%
Dec. 14 1998,5.69%
Dec. 11 1998,5.49%
Dec. 10 1998,5.47%
Dec. 9 1998,5.33%
Dec. 8 1998,5.40%
Dec. 7 1998,5.34%
Dec. 4 1998,5.42%
Dec. 3 1998,5.44%
Dec. 2 1998,5.21%
Dec. 1 1998,5.24%
Nov. 30 1998,5.22%
Nov. 27 1998,4.96%
Nov. 25 1998,5.01%
Nov. 24 1998,5.19%
Nov. 23 1998,5.35%
Nov. 20 1998,5.82%
Nov. 19 1998,5.90%
Nov. 18 1998,5.94%
Nov. 17 1998,5.78%
Nov. 16 1998,5.92%
Nov. 13 1998,6.04%
Nov. 12 1998,6.23%
Nov. 11 1998,6.19%
Nov. 10 1998,6.02%
Nov. 9 1998,5.82%
Nov. 6 1998,5.70%
Nov. 5 1998,5.82%
Nov. 4 1998,5.94%
Nov. 3 1998,5.94%
Nov. 2 1998,5.68%
Oct. 30 1998,5.57%
Oct. 29 1998,5.79%
Oct. 28 1998,5.91%
Oct. 27 1998,6.02%
Oct. 26 1998,5.66%
Oct. 23 1998,5.63%
Oct. 22 1998,5.82%
Oct. 21 1998,5.96%
Oct. 20 1998,5.78%
Oct. 19 1998,6.14%
Oct. 16 1998,6.27%
Oct. 15 1998,6.58%
Oct. 14 1998,7.33%
Oct. 13 1998,7.62%
Oct. 12 1998,7.50%
Oct. 9 1998,7.41%
Oct. 8 1998,8.19%
Oct. 7 1998,8.22%
Oct. 6 1998,7.70%
Oct. 5 1998,7.64%
Oct. 2 1998,6.93%
Oct. 1 1998,7.42%
Sept. 30 1998,7.05%
Sept. 29 1998,8.13%
Sept. 28 1998,7.90%
Sept. 25 1998,7.91%
Sept. 24 1998,7.97%
Sept. 23 1998,7.50%
Sept. 22 1998,8.36%
Sept. 21 1998,8.20%
Sept. 18 1998,8.21%
Sept. 17 1998,8.24%
Sept. 16 1998,7.74%
Sept. 15 1998,7.66%
Sept. 14 1998,7.87%
Sept. 11 1998,8.20%
Sept. 10 1998,9.01%
Sept. 9 1998,8.52%
Sept. 8 1998,7.98%
Sept. 4 1998,8.61%
Sept. 3 1998,8.07%
Sept. 2 1998,7.35%
Sept. 1 1998,7.44%
Aug. 31 1998,7.35%
Aug. 28 1998,6.78%
Aug. 27 1998,6.49%
Aug. 26 1998,5.98%
Aug. 25 1998,5.84%
Aug. 24 1998,5.96%
Aug. 21 1998,5.92%
Aug. 20 1998,5.72%
Aug. 19 1998,5.54%
Aug. 18 1998,5.41%
Aug. 17 1998,5.53%
Aug. 14 1998,5.72%
Aug. 13 1998,5.68%
Aug. 12 1998,5.41%
Aug. 11 1998,5.49%
Aug. 10 1998,5.25%
Aug. 7 1998,5.23%
Aug. 6 1998,5.12%
Aug. 5 1998,5.10%
Aug. 4 1998,5.16%
Aug. 3 1998,4.86%
July 31 1998,4.68%
July 30 1998,4.69%
July 29 1998,4.82%
July 28 1998,4.85%
July 27 1998,4.74%
July 24 1998,4.83%
July 23 1998,4.75%
July 22 1998,4.61%
July 21 1998,4.62%
July 20 1998,4.40%
July 17 1998,4.46%
July 16 1998,4.49%
July 15 1998,4.57%
July 14 1998,4.50%
July 13 1998,4.53%
July 10 1998,4.64%
July 9 1998,4.70%
July 8 1998,4.63%
July 7 1998,4.97%
July 6 1998,5.04%
July 2 1998,5.05%
July 1 1998,5.11%
June 30 1998,5.33%
June 29 1998,4.93%
June 26 1998,4.94%
June 25 1998,4.84%
June 24 1998,4.84%
June 23 1998,5.00%
June 22 1998,5.02%
June 19 1998,4.97%
June 18 1998,4.96%
June 17 1998,4.90%
June 16 1998,5.10%
June 15 1998,5.15%
June 12 1998,4.92%
June 11 1998,4.93%
June 10 1998,4.79%
June 9 1998,4.71%
June 8 1998,4.72%
June 5 1998,4.72%
June 4 1998,4.83%
June 3 1998,4.89%
June 2 1998,4.78%
June 1 1998,4.87%
May 29 1998,5.00%
May 28 1998,4.97%
May 27 1998,5.00%
May 26 1998,4.87%
May 22 1998,4.81%
May 21 1998,4.82%
May 20 1998,4.70%
May 19 1998,4.79%
May 18 1998,4.85%
May 15 1998,4.87%
May 14 1998,5.00%
May 13 1998,4.95%
May 12 1998,4.90%
May 11 1998,4.97%
May 8 1998,5.10%
May 7 1998,5.07%
May 6 1998,5.04%
May 5 1998,4.98%
May 4 1998,4.88%
May 1 1998,4.86%
April 30 1998,4.95%
April 29 1998,5.00%
April 28 1998,5.04%
April 27 1998,4.98%
April 24 1998,4.81%
April 23 1998,4.77%
April 22 1998,4.66%
April 21 1998,4.65%
April 20 1998,4.72%
April 17 1998,4.65%
April 16 1998,4.74%
April 15 1998,4.65%
April 14 1998,4.53%
April 13 1998,4.59%
April 9 1998,4.49%
April 8 1998,4.52%
April 7 1998,4.51%
April 6 1998,4.10%
April 3 1998,5.22%
April 2 1998,5.21%
April 1 1998,5.22%
March 31 1998,5.25%
March 30 1998,4.94%
March 27 1998,4.89%
March 26 1998,4.88%
March 25 1998,4.88%
March 24 1998,4.81%
March 23 1998,4.88%
March 20 1998,4.86%
March 19 1998,4.75%
March 18 1998,4.74%
March 17 1998,4.85%
March 16 1998,4.95%
March 13 1998,5.06%
March 12 1998,5.12%
March 11 1998,5.16%
March 10 1998,5.25%
March 9 1998,5.32%
March 6 1998,5.29%
March 5 1998,5.34%
March 4 1998,5.25%
March 3 1998,5.14%
March 2 1998,5.18%
Feb. 27 1998,5.20%
Feb. 26 1998,5.36%
Feb. 25 1998,5.42%
Feb. 24 1998,5.47%
Feb. 23 1998,5.39%
Feb. 20 1998,5.40%
Feb. 19 1998,5.38%
Feb. 18 1998,5.38%
Feb. 17 1998,5.41%
Feb. 13 1998,5.49%
Feb. 12 1998,5.39%
Feb. 11 1998,5.40%
Feb. 10 1998,5.38%
Feb. 9 1998,5.39%
Feb. 6 1998,5.45%
Feb. 5 1998,5.51%
Feb. 4 1998,5.57%
Feb. 3 1998,5.50%
Feb. 2 1998,5.54%
