Feb. 1 2018,10.65%
Jan. 31 2018,10.75%
Jan. 30 2018,10.73%
Jan. 29 2018,10.55%
Jan. 26 2018,10.53%
Jan. 25 2018,10.62%
Jan. 24 2018,10.62%
Jan. 23 2018,10.74%
Jan. 22 2018,10.73%
Jan. 19 2018,10.77%
Jan. 18 2018,10.90%
Jan. 17 2018,10.89%
Jan. 16 2018,10.94%
Jan. 12 2018,10.98%
Jan. 11 2018,11.16%
Jan. 10 2018,11.15%
Jan. 9 2018,11.20%
Jan. 8 2018,11.32%
Jan. 5 2018,11.18%
Jan. 4 2018,11.17%
Jan. 3 2018,11.31%
Jan. 2 2018,11.34%
Dec. 29 2017,11.12%
Dec. 28 2017,11.02%
Dec. 27 2017,11.05%
Dec. 26 2017,11.07%
Dec. 22 2017,10.96%
Dec. 21 2017,10.91%
Dec. 20 2017,11.08%
Dec. 19 2017,11.08%
Dec. 18 2017,10.94%
Dec. 15 2017,11.07%
Dec. 14 2017,11.19%
Dec. 13 2017,11.01%
Dec. 12 2017,10.87%
Dec. 11 2017,10.91%
Dec. 8 2017,10.93%
Dec. 7 2017,11.04%
Dec. 6 2017,10.97%
Dec. 5 2017,10.81%
Dec. 4 2017,10.73%
Dec. 1 2017,10.96%
Nov. 30 2017,10.96%
Nov. 29 2017,11.03%
Nov. 28 2017,11.23%
Nov. 27 2017,11.59%
Nov. 24 2017,11.49%
Nov. 22 2017,11.45%
Nov. 21 2017,11.43%
Nov. 20 2017,11.49%
Nov. 17 2017,11.60%
Nov. 16 2017,11.55%
Nov. 15 2017,11.54%
Nov. 14 2017,11.57%
Nov. 13 2017,11.49%
Nov. 10 2017,11.45%
Nov. 9 2017,11.42%
Nov. 8 2017,11.44%
Nov. 7 2017,11.38%
Nov. 6 2017,11.21%
Nov. 3 2017,11.18%
Nov. 2 2017,11.07%
Nov. 1 2017,11.18%
Oct. 31 2017,11.26%
Oct. 30 2017,11.22%
Oct. 27 2017,11.20%
Oct. 26 2017,11.21%
Oct. 25 2017,11.24%
Oct. 24 2017,11.15%
Oct. 23 2017,11.25%
Oct. 20 2017,11.25%
Oct. 19 2017,11.35%
Oct. 18 2017,11.32%
Oct. 17 2017,11.46%
Oct. 16 2017,11.53%
Oct. 13 2017,11.48%
Oct. 12 2017,11.43%
Oct. 11 2017,11.04%
Oct. 10 2017,11.01%
Oct. 9 2017,10.98%
Oct. 6 2017,10.94%
Oct. 5 2017,10.93%
Oct. 4 2017,11.17%
Oct. 3 2017,11.16%
Oct. 2 2017,11.21%
Sept. 29 2017,10.99%
Sept. 28 2017,11.00%
Sept. 27 2017,11.06%
Sept. 26 2017,11.27%
Sept. 25 2017,11.28%
Sept. 22 2017,11.20%
Sept. 21 2017,11.14%
Sept. 20 2017,11.19%
Sept. 19 2017,11.23%
Sept. 18 2017,11.32%
Sept. 15 2017,11.58%
Sept. 14 2017,11.54%
Sept. 13 2017,11.52%
Sept. 12 2017,11.62%
Sept. 11 2017,11.81%
Sept. 8 2017,12.08%
Sept. 7 2017,12.10%
Sept. 6 2017,11.87%
Sept. 5 2017,11.90%
Sept. 1 2017,11.66%
Aug. 31 2017,11.75%
Aug. 30 2017,11.75%
Aug. 29 2017,11.85%
Aug. 28 2017,11.79%
Aug. 25 2017,11.78%
Aug. 24 2017,11.81%
Aug. 23 2017,11.89%
Aug. 22 2017,11.96%
Aug. 21 2017,12.12%
Aug. 18 2017,12.01%
Aug. 17 2017,12.00%
Aug. 16 2017,11.81%
Aug. 15 2017,11.76%
Aug. 14 2017,11.77%
Aug. 11 2017,11.97%
Aug. 10 2017,11.89%
Aug. 9 2017,11.68%
Aug. 8 2017,11.60%
Aug. 7 2017,11.58%
Aug. 4 2017,11.59%
Aug. 3 2017,11.73%
Aug. 2 2017,11.51%
Aug. 1 2017,11.48%
July 31 2017,11.68%
July 28 2017,11.85%
July 27 2017,11.82%
July 26 2017,11.76%
July 25 2017,11.75%
July 24 2017,12.09%
July 21 2017,12.11%
July 20 2017,12.05%
July 19 2017,11.98%
July 18 2017,11.95%
July 17 2017,11.96%
July 14 2017,11.98%
July 13 2017,11.93%
July 12 2017,11.94%
July 11 2017,11.96%
July 10 2017,11.82%
July 7 2017,11.77%
July 6 2017,11.82%
July 5 2017,11.68%
July 3 2017,11.71%
June 30 2017,11.95%
June 29 2017,11.80%
June 28 2017,12.12%
June 27 2017,12.30%
June 26 2017,12.39%
June 23 2017,12.46%
June 22 2017,12.42%
June 21 2017,12.38%
June 20 2017,12.36%
June 19 2017,12.25%
June 16 2017,12.37%
June 15 2017,12.33%
June 14 2017,12.21%
June 13 2017,12.21%
June 12 2017,12.28%
June 9 2017,12.26%
June 8 2017,12.50%
June 7 2017,12.77%
June 6 2017,12.95%
June 5 2017,12.90%
June 2 2017,12.93%
June 1 2017,12.94%
May 31 2017,13.05%
May 30 2017,12.82%
May 26 2017,12.73%
May 25 2017,12.75%
May 24 2017,12.69%
May 23 2017,12.80%
May 22 2017,12.94%
May 19 2017,12.93%
May 18 2017,13.15%
May 17 2017,13.17%
May 16 2017,12.64%
May 15 2017,12.86%
May 12 2017,12.94%
May 11 2017,13.02%
May 10 2017,13.09%
May 9 2017,13.12%
May 8 2017,13.06%
May 5 2017,13.12%
May 4 2017,13.12%
May 3 2017,13.12%
May 2 2017,13.23%
May 1 2017,13.29%
April 28 2017,13.36%
April 27 2017,13.30%
April 26 2017,13.15%
April 25 2017,13.12%
April 24 2017,13.29%
April 21 2017,13.69%
April 20 2017,13.53%
April 19 2017,13.69%
April 18 2017,13.53%
April 17 2017,13.39%
April 13 2017,13.61%
April 12 2017,13.50%
April 11 2017,13.39%
April 10 2017,13.33%
April 7 2017,13.30%
April 6 2017,13.19%
April 5 2017,13.26%
April 4 2017,13.24%
April 3 2017,13.24%
March 31 2017,13.21%
March 30 2017,12.29%
March 29 2017,12.52%
March 28 2017,12.51%
March 27 2017,12.75%
March 24 2017,12.80%
March 23 2017,12.81%
March 22 2017,12.87%
March 21 2017,12.81%
March 20 2017,12.48%
March 17 2017,12.32%
March 16 2017,12.16%
March 15 2017,12.22%
March 14 2017,12.10%
March 13 2017,12.08%
March 10 2017,12.09%
March 9 2017,12.08%
March 8 2017,12.17%
March 7 2017,12.29%
March 6 2017,12.34%
March 3 2017,12.19%
March 2 2017,12.26%
March 1 2017,12.08%
Feb. 28 2017,12.43%
Feb. 27 2017,12.39%
Feb. 24 2017,12.48%
Feb. 23 2017,12.27%
Feb. 22 2017,12.27%
Feb. 21 2017,12.28%
Feb. 17 2017,12.36%
Feb. 16 2017,12.32%
Feb. 15 2017,12.29%
Feb. 14 2017,12.43%
Feb. 13 2017,12.61%
Feb. 10 2017,12.90%
Feb. 9 2017,12.99%
Feb. 8 2017,13.20%
Feb. 7 2017,13.00%
Feb. 6 2017,12.90%
Feb. 3 2017,12.87%
Feb. 2 2017,13.28%
Feb. 1 2017,13.27%
Jan. 31 2017,13.32%
Jan. 30 2017,13.14%
Jan. 27 2017,13.02%
Jan. 26 2017,12.96%
Jan. 25 2017,12.89%
Jan. 24 2017,13.10%
Jan. 23 2017,13.35%
Jan. 20 2017,13.25%
Jan. 19 2017,13.12%
Jan. 18 2017,12.96%
Jan. 17 2017,12.74%
Jan. 13 2017,12.47%
Jan. 12 2017,12.55%
Jan. 11 2017,12.40%
Jan. 10 2017,12.35%
Jan. 9 2017,12.35%
Jan. 6 2017,12.28%
Jan. 5 2017,12.32%
Jan. 4 2017,12.11%
Jan. 3 2017,12.27%
Dec. 30 2016,12.18%
Dec. 29 2016,12.19%
Dec. 28 2016,12.05%
Dec. 27 2016,11.85%
Dec. 23 2016,11.87%
Dec. 22 2016,11.96%
Dec. 21 2016,11.91%
Dec. 20 2016,11.90%
Dec. 19 2016,12.13%
Dec. 16 2016,12.11%
Dec. 15 2016,12.02%
Dec. 14 2016,12.17%
Dec. 13 2016,12.10%
Dec. 12 2016,12.15%
Dec. 9 2016,12.05%
Dec. 8 2016,12.03%
Dec. 7 2016,12.25%
Dec. 6 2016,12.50%
Dec. 5 2016,12.64%
Dec. 2 2016,12.92%
Dec. 1 2016,12.64%
Nov. 30 2016,12.83%
Nov. 29 2016,13.04%
Nov. 28 2016,13.05%
Nov. 25 2016,12.75%
Nov. 23 2016,12.77%
Nov. 22 2016,12.90%
Nov. 21 2016,13.03%
Nov. 18 2016,13.05%
Nov. 17 2016,13.05%
Nov. 16 2016,13.25%
Nov. 15 2016,13.05%
Nov. 14 2016,13.24%
Nov. 11 2016,13.70%
Nov. 10 2016,13.50%
Nov. 9 2016,14.03%
Nov. 8 2016,14.50%
Nov. 7 2016,14.53%
Nov. 4 2016,15.02%
Nov. 3 2016,15.02%
Nov. 2 2016,14.91%
Nov. 1 2016,14.79%
Oct. 31 2016,14.72%
Oct. 28 2016,14.60%
Oct. 27 2016,14.50%
Oct. 26 2016,14.47%
Oct. 25 2016,14.59%
Oct. 24 2016,14.60%
Oct. 21 2016,14.60%
Oct. 20 2016,14.60%
Oct. 19 2016,14.63%
Oct. 18 2016,14.77%
Oct. 17 2016,14.89%
Oct. 14 2016,14.89%
Oct. 13 2016,14.93%
Oct. 12 2016,14.86%
Oct. 11 2016,14.77%
Oct. 10 2016,14.61%
Oct. 7 2016,14.69%
Oct. 6 2016,14.75%
Oct. 5 2016,14.88%
Oct. 4 2016,15.16%
Oct. 3 2016,15.39%
Sept. 30 2016,15.32%
Sept. 29 2016,16.06%
Sept. 28 2016,15.70%
Sept. 27 2016,15.87%
Sept. 26 2016,16.03%
Sept. 23 2016,15.60%
Sept. 22 2016,15.62%
Sept. 21 2016,15.69%
Sept. 20 2016,15.81%
Sept. 19 2016,15.79%
Sept. 16 2016,15.85%
Sept. 15 2016,15.63%
Sept. 14 2016,15.74%
Sept. 13 2016,15.68%
Sept. 12 2016,15.40%
Sept. 9 2016,15.60%
Sept. 8 2016,15.40%
Sept. 7 2016,15.50%
Sept. 6 2016,15.56%
Sept. 2 2016,15.49%
Sept. 1 2016,15.54%
Aug. 31 2016,15.41%
Aug. 30 2016,15.36%
Aug. 29 2016,15.57%
Aug. 26 2016,15.62%
Aug. 25 2016,15.75%
Aug. 24 2016,15.77%
Aug. 23 2016,15.79%
Aug. 22 2016,15.77%
Aug. 19 2016,15.81%
Aug. 18 2016,15.82%
Aug. 17 2016,15.78%
Aug. 16 2016,15.78%
Aug. 15 2016,15.86%
Aug. 12 2016,16.14%
Aug. 11 2016,16.09%
Aug. 10 2016,16.19%
Aug. 9 2016,16.03%
Aug. 8 2016,16.01%
Aug. 5 2016,16.09%
Aug. 4 2016,16.78%
Aug. 3 2016,16.76%
Aug. 2 2016,17.11%
Aug. 1 2016,16.95%
July 29 2016,16.79%
July 28 2016,16.69%
July 27 2016,16.61%
July 26 2016,16.67%
July 25 2016,16.71%
July 22 2016,16.61%
July 21 2016,16.67%
July 20 2016,16.55%
July 19 2016,16.59%
July 18 2016,16.51%
July 15 2016,16.60%
July 14 2016,16.55%
July 13 2016,16.98%
July 12 2016,16.94%
July 11 2016,17.40%
July 8 2016,17.53%
July 7 2016,17.82%
July 6 2016,17.92%
July 5 2016,18.04%
July 1 2016,17.45%
June 30 2016,17.36%
June 29 2016,18.20%
June 28 2016,18.96%
June 27 2016,19.92%
June 24 2016,19.03%
June 23 2016,17.24%
June 22 2016,17.96%
June 21 2016,17.86%
June 20 2016,17.91%
June 17 2016,18.05%
June 16 2016,18.20%
June 15 2016,18.25%
June 14 2016,18.27%
June 13 2016,17.76%
June 10 2016,17.46%
June 9 2016,17.03%
June 8 2016,16.83%
June 7 2016,16.84%
June 6 2016,16.76%
June 3 2016,16.89%
June 2 2016,16.32%
June 1 2016,16.33%
May 31 2016,16.46%
May 27 2016,16.46%
May 26 2016,16.63%
May 25 2016,16.33%
May 24 2016,16.72%
May 23 2016,17.00%
May 20 2016,17.08%
May 19 2016,17.02%
May 18 2016,16.71%
May 17 2016,17.54%
May 16 2016,17.77%
May 13 2016,17.78%
May 12 2016,17.43%
May 11 2016,17.24%
May 10 2016,17.10%
May 9 2016,17.47%
May 6 2016,17.26%
May 5 2016,17.33%
May 4 2016,17.17%
May 3 2016,16.82%
May 2 2016,16.42%
April 29 2016,16.57%
April 28 2016,16.41%
April 27 2016,16.20%
April 26 2016,16.28%
April 25 2016,16.42%
April 22 2016,16.32%
April 21 2016,16.45%
April 20 2016,16.40%
April 19 2016,16.80%
April 18 2016,17.00%
April 15 2016,17.07%
April 14 2016,17.05%
April 13 2016,17.33%
April 12 2016,18.30%
April 11 2016,18.65%
April 8 2016,18.95%
April 7 2016,19.04%
April 6 2016,18.32%
April 5 2016,18.47%
April 4 2016,18.23%
April 1 2016,18.05%
March 31 2016,18.36%
March 30 2016,19.71%
March 29 2016,19.78%
March 28 2016,19.69%
March 24 2016,19.68%
March 23 2016,19.48%
March 22 2016,19.03%
March 21 2016,18.93%
March 18 2016,18.96%
March 17 2016,19.26%
March 16 2016,19.55%
March 15 2016,19.38%
March 14 2016,19.34%
March 11 2016,19.20%
March 10 2016,19.95%
March 9 2016,20.06%
March 8 2016,20.11%
March 7 2016,19.37%
March 4 2016,19.27%
March 3 2016,19.27%
March 2 2016,19.55%
March 1 2016,20.00%
Feb. 29 2016,21.25%
Feb. 26 2016,20.90%
Feb. 25 2016,21.37%
Feb. 24 2016,21.67%
Feb. 23 2016,21.60%
Feb. 22 2016,20.89%
Feb. 19 2016,21.17%
Feb. 18 2016,21.21%
Feb. 17 2016,20.75%
Feb. 16 2016,21.22%
Feb. 12 2016,21.99%
Feb. 11 2016,23.60%
Feb. 10 2016,22.06%
Feb. 9 2016,22.01%
Feb. 8 2016,21.83%
Feb. 5 2016,20.71%
Feb. 4 2016,20.24%
Feb. 3 2016,20.45%
Feb. 2 2016,20.42%
Feb. 1 2016,19.43%
Jan. 29 2016,19.38%
Jan. 28 2016,20.44%
Jan. 27 2016,20.35%
Jan. 26 2016,20.38%
Jan. 25 2016,20.87%
Jan. 22 2016,20.10%
Jan. 21 2016,20.56%
Jan. 20 2016,20.39%
Jan. 19 2016,19.68%
Jan. 15 2016,19.44%
Jan. 14 2016,18.19%
Jan. 13 2016,18.27%
Jan. 12 2016,17.61%
Jan. 11 2016,17.62%
Jan. 8 2016,17.89%
Jan. 7 2016,17.36%
Jan. 6 2016,16.47%
Jan. 5 2016,16.23%
Jan. 4 2016,16.14%
Dec. 31 2015,15.95%
Dec. 30 2015,13.58%
Dec. 29 2015,13.41%
Dec. 28 2015,13.56%
Dec. 24 2015,13.48%
Dec. 23 2015,13.50%
Dec. 22 2015,13.66%
Dec. 21 2015,13.72%
Dec. 18 2015,13.87%
Dec. 17 2015,13.45%
Dec. 16 2015,13.18%
Dec. 15 2015,13.53%
Dec. 14 2015,13.90%
Dec. 11 2015,13.90%
Dec. 10 2015,13.49%
Dec. 9 2015,13.45%
Dec. 8 2015,13.31%
Dec. 7 2015,13.06%
Dec. 4 2015,12.90%
Dec. 3 2015,13.28%
Dec. 2 2015,13.12%
Dec. 1 2015,12.95%
Nov. 30 2015,13.13%
Nov. 27 2015,13.11%
Nov. 25 2015,13.14%
Nov. 24 2015,13.11%
Nov. 23 2015,13.09%
Nov. 20 2015,12.98%
Nov. 19 2015,12.90%
Nov. 18 2015,12.92%
Nov. 17 2015,13.28%
Nov. 16 2015,13.23%
Nov. 13 2015,13.36%
Nov. 12 2015,13.29%
Nov. 11 2015,12.94%
Nov. 10 2015,12.73%
Nov. 9 2015,12.75%
Nov. 6 2015,12.72%
Nov. 5 2015,13.12%
Nov. 4 2015,13.20%
Nov. 3 2015,13.12%
Nov. 2 2015,13.20%
Oct. 30 2015,13.36%
Oct. 29 2015,13.24%
Oct. 28 2015,12.98%
Oct. 27 2015,13.50%
Oct. 26 2015,13.38%
Oct. 23 2015,13.24%
Oct. 22 2015,13.53%
Oct. 21 2015,13.71%
Oct. 20 2015,13.45%
Oct. 19 2015,13.44%
Oct. 16 2015,13.48%
Oct. 15 2015,13.41%
Oct. 14 2015,14.01%
Oct. 13 2015,13.87%
Oct. 12 2015,13.85%
Oct. 9 2015,13.83%
Oct. 8 2015,13.75%
Oct. 7 2015,13.84%
Oct. 6 2015,13.91%
Oct. 5 2015,13.89%
Oct. 2 2015,14.24%
Oct. 1 2015,14.24%
Sept. 30 2015,14.32%
Sept. 29 2015,13.64%
Sept. 28 2015,13.64%
Sept. 25 2015,13.23%
Sept. 24 2015,13.61%
Sept. 23 2015,13.34%
Sept. 22 2015,13.27%
Sept. 21 2015,13.18%
Sept. 18 2015,13.29%
Sept. 17 2015,12.94%
Sept. 16 2015,12.71%
Sept. 15 2015,12.86%
Sept. 14 2015,13.11%
Sept. 11 2015,13.08%
Sept. 10 2015,13.09%
Sept. 9 2015,13.14%
Sept. 8 2015,12.94%
Sept. 4 2015,13.22%
Sept. 3 2015,12.91%
Sept. 2 2015,12.92%
Sept. 1 2015,13.12%
Aug. 31 2015,12.50%
Aug. 28 2015,12.55%
Aug. 27 2015,12.51%
Aug. 26 2015,12.79%
Aug. 25 2015,13.40%
Aug. 24 2015,13.28%
Aug. 21 2015,12.47%
Aug. 20 2015,12.08%
Aug. 19 2015,11.73%
Aug. 18 2015,11.62%
Aug. 17 2015,11.57%
Aug. 14 2015,11.61%
Aug. 13 2015,11.66%
Aug. 12 2015,11.75%
Aug. 11 2015,11.60%
Aug. 10 2015,11.38%
Aug. 7 2015,11.54%
Aug. 6 2015,11.51%
Aug. 5 2015,11.38%
Aug. 4 2015,11.43%
Aug. 3 2015,11.44%
July 31 2015,11.44%
July 30 2015,11.35%
July 29 2015,11.35%
July 28 2015,11.45%
July 27 2015,11.53%
July 24 2015,11.39%
July 23 2015,11.17%
July 22 2015,11.08%
July 21 2015,11.31%
July 20 2015,11.36%
July 17 2015,11.38%
July 16 2015,11.41%
July 15 2015,11.84%
July 14 2015,11.96%
July 13 2015,12.04%
July 10 2015,12.25%
July 9 2015,12.45%
July 8 2015,12.66%
July 7 2015,12.27%
July 6 2015,12.14%
July 2 2015,12.07%
July 1 2015,12.01%
June 30 2015,12.10%
June 29 2015,9.34%
June 26 2015,9.09%
June 25 2015,9.12%
June 24 2015,9.04%
June 23 2015,8.93%
June 22 2015,9.00%
June 19 2015,9.11%
June 18 2015,9.03%
June 17 2015,9.06%
June 16 2015,8.98%
June 15 2015,9.04%
June 12 2015,8.97%
June 11 2015,8.96%
June 10 2015,8.99%
June 9 2015,9.15%
June 8 2015,9.21%
June 5 2015,9.11%
June 4 2015,9.26%
June 3 2015,9.21%
June 2 2015,9.36%
June 1 2015,9.41%
May 29 2015,9.47%
May 28 2015,9.39%
May 27 2015,9.34%
May 26 2015,9.45%
May 22 2015,9.32%
May 21 2015,9.34%
May 20 2015,9.33%
May 19 2015,9.26%
May 18 2015,9.37%
May 15 2015,9.45%
May 14 2015,9.38%
May 13 2015,9.45%
May 12 2015,9.53%
May 11 2015,9.49%
May 8 2015,9.48%
May 7 2015,9.61%
May 6 2015,9.70%
May 5 2015,9.60%
May 4 2015,9.46%
May 1 2015,9.53%
April 30 2015,9.61%
April 29 2015,9.53%
April 28 2015,9.66%
April 27 2015,9.70%
April 24 2015,9.69%
April 23 2015,9.63%
April 22 2015,9.65%
April 21 2015,9.76%
April 20 2015,9.63%
April 17 2015,9.65%
April 16 2015,9.48%
April 15 2015,9.63%
April 14 2015,9.72%
April 13 2015,9.73%
April 10 2015,9.77%
April 9 2015,9.83%
April 8 2015,9.87%
April 7 2015,9.94%
April 6 2015,9.93%
April 2 2015,9.88%
April 1 2015,9.93%
March 31 2015,9.94%
March 30 2015,9.37%
March 27 2015,9.49%
March 26 2015,9.46%
March 25 2015,9.42%
March 24 2015,9.32%
March 23 2015,9.22%
March 20 2015,9.14%
March 19 2015,9.24%
March 18 2015,9.01%
March 17 2015,8.99%
March 16 2015,9.02%
March 13 2015,9.04%
March 12 2015,8.95%
March 11 2015,9.25%
March 10 2015,9.45%
March 9 2015,9.14%
March 6 2015,9.12%
March 5 2015,9.04%
March 4 2015,9.02%
March 3 2015,9.01%
March 2 2015,9.05%
Feb. 27 2015,9.23%
Feb. 26 2015,9.24%
Feb. 25 2015,9.29%
Feb. 24 2015,9.33%
Feb. 23 2015,9.43%
Feb. 20 2015,9.35%
Feb. 19 2015,9.47%
Feb. 18 2015,9.41%
Feb. 17 2015,9.36%
Feb. 13 2015,9.45%
Feb. 12 2015,9.51%
Feb. 11 2015,9.74%
Feb. 10 2015,9.80%
Feb. 9 2015,9.84%
Feb. 6 2015,9.85%
Feb. 5 2015,9.97%
Feb. 4 2015,10.00%
Feb. 3 2015,9.90%
Feb. 2 2015,10.14%
Jan. 30 2015,10.31%
Jan. 29 2015,10.17%
Jan. 28 2015,10.28%
Jan. 27 2015,10.02%
Jan. 26 2015,9.90%
Jan. 23 2015,9.96%
Jan. 22 2015,9.77%
Jan. 21 2015,10.14%
Jan. 20 2015,10.24%
Jan. 16 2015,10.17%
Jan. 15 2015,10.25%
Jan. 14 2015,9.87%
Jan. 13 2015,9.68%
Jan. 12 2015,9.61%
Jan. 9 2015,9.53%
Jan. 8 2015,9.32%
Jan. 7 2015,9.46%
Jan. 6 2015,9.55%
Jan. 5 2015,9.21%
Jan. 2 2015,8.92%
Dec. 31 2014,8.95%
Dec. 30 2014,10.18%
Dec. 29 2014,10.20%
Dec. 26 2014,10.26%
Dec. 24 2014,10.24%
Dec. 23 2014,10.26%
Dec. 22 2014,10.35%
Dec. 19 2014,10.34%
Dec. 18 2014,10.32%
Dec. 17 2014,10.65%
Dec. 16 2014,10.91%
Dec. 15 2014,10.58%
Dec. 12 2014,10.46%
Dec. 11 2014,10.24%
Dec. 10 2014,10.25%
Dec. 9 2014,10.00%
Dec. 8 2014,9.91%
Dec. 5 2014,9.96%
Dec. 4 2014,10.12%
Dec. 3 2014,10.11%
Dec. 2 2014,10.27%
Dec. 1 2014,10.47%
Nov. 28 2014,10.35%
Nov. 26 2014,10.32%
Nov. 25 2014,10.28%
Nov. 24 2014,10.26%
Nov. 21 2014,10.41%
Nov. 20 2014,10.43%
Nov. 19 2014,10.41%
Nov. 18 2014,10.38%
Nov. 17 2014,10.42%
Nov. 14 2014,10.46%
Nov. 13 2014,10.45%
Nov. 12 2014,10.45%
Nov. 11 2014,10.38%
Nov. 10 2014,10.36%
Nov. 7 2014,10.39%
Nov. 6 2014,10.34%
Nov. 5 2014,10.34%
Nov. 4 2014,10.50%
Nov. 3 2014,10.44%
Oct. 31 2014,10.43%
Oct. 30 2014,10.51%
Oct. 29 2014,10.60%
Oct. 28 2014,10.65%
Oct. 27 2014,10.82%
Oct. 24 2014,10.78%
Oct. 23 2014,10.86%
Oct. 22 2014,11.01%
Oct. 21 2014,10.89%
Oct. 20 2014,11.05%
Oct. 17 2014,11.15%
Oct. 16 2014,11.22%
Oct. 15 2014,11.24%
Oct. 14 2014,10.85%
Oct. 13 2014,11.19%
Oct. 10 2014,11.14%
Oct. 9 2014,10.92%
Oct. 8 2014,10.63%
Oct. 7 2014,10.89%
Oct. 6 2014,10.68%
Oct. 3 2014,10.67%
Oct. 2 2014,10.89%
Oct. 1 2014,10.93%
Sept. 30 2014,10.77%
Sept. 29 2014,10.27%
Sept. 26 2014,10.18%
Sept. 25 2014,10.29%
Sept. 24 2014,10.03%
Sept. 23 2014,10.11%
Sept. 22 2014,10.08%
Sept. 19 2014,9.99%
Sept. 18 2014,9.96%
Sept. 17 2014,10.20%
Sept. 16 2014,10.21%
Sept. 15 2014,10.22%
Sept. 12 2014,10.20%
Sept. 11 2014,10.23%
Sept. 10 2014,10.31%
Sept. 9 2014,10.43%
Sept. 8 2014,10.27%
Sept. 5 2014,10.22%
Sept. 4 2014,10.19%
Sept. 3 2014,10.23%
Sept. 2 2014,10.29%
Aug. 29 2014,10.35%
Aug. 28 2014,10.40%
Aug. 27 2014,10.31%
Aug. 26 2014,10.25%
Aug. 25 2014,10.35%
Aug. 22 2014,10.49%
Aug. 21 2014,10.46%
Aug. 20 2014,10.73%
Aug. 19 2014,10.75%
Aug. 18 2014,10.79%
Aug. 15 2014,10.97%
Aug. 14 2014,10.88%
Aug. 13 2014,10.96%
Aug. 12 2014,11.03%
Aug. 11 2014,11.04%
Aug. 8 2014,11.03%
Aug. 7 2014,11.12%
Aug. 6 2014,11.10%
Aug. 5 2014,11.16%
Aug. 4 2014,11.06%
Aug. 1 2014,11.11%
July 31 2014,10.93%
July 30 2014,10.69%
July 29 2014,10.81%
July 28 2014,10.75%
July 25 2014,10.68%
July 24 2014,10.67%
July 23 2014,10.65%
July 22 2014,10.78%
July 21 2014,10.83%
July 18 2014,10.78%
July 17 2014,10.87%
July 16 2014,10.73%
July 15 2014,10.84%
July 14 2014,11.04%
July 11 2014,11.37%
July 10 2014,11.40%
July 9 2014,11.28%
July 8 2014,11.27%
July 7 2014,11.14%
July 3 2014,11.08%
July 2 2014,11.13%
July 1 2014,11.26%
June 30 2014,11.35%
June 27 2014,14.22%
June 26 2014,14.19%
June 25 2014,14.02%
June 24 2014,14.02%
June 23 2014,13.95%
June 20 2014,14.16%
June 19 2014,14.09%
June 18 2014,13.98%
June 17 2014,14.02%
June 16 2014,14.07%
June 13 2014,14.08%
June 12 2014,13.89%
June 11 2014,13.73%
June 10 2014,13.59%
June 9 2014,13.52%
June 6 2014,13.70%
June 5 2014,13.78%
June 4 2014,14.00%
June 3 2014,13.91%
June 2 2014,14.03%
May 30 2014,14.09%
May 29 2014,14.18%
May 28 2014,14.16%
May 27 2014,14.09%
May 23 2014,14.17%
May 22 2014,14.22%
May 21 2014,14.31%
May 20 2014,14.40%
May 19 2014,14.33%
May 16 2014,14.43%
May 15 2014,14.41%
May 14 2014,14.22%
May 13 2014,14.13%
May 12 2014,14.18%
May 9 2014,14.26%
May 8 2014,14.22%
May 7 2014,14.35%
May 6 2014,14.46%
May 5 2014,14.21%
May 2 2014,14.04%
May 1 2014,14.03%
April 30 2014,13.99%
April 29 2014,13.92%
April 28 2014,14.17%
April 25 2014,14.04%
April 24 2014,13.87%
April 23 2014,13.85%
April 22 2014,13.96%
April 21 2014,14.01%
April 17 2014,13.90%
April 16 2014,13.91%
April 15 2014,13.87%
April 14 2014,14.06%
April 11 2014,14.67%
April 10 2014,14.50%
April 9 2014,14.21%
April 8 2014,14.38%
April 7 2014,14.40%
April 4 2014,14.23%
April 3 2014,14.06%
April 2 2014,13.89%
April 1 2014,14.02%
March 31 2014,14.08%
March 28 2014,13.78%
March 27 2014,13.72%
March 26 2014,12.98%
March 25 2014,12.94%
March 24 2014,13.01%
March 21 2014,13.00%
March 20 2014,12.96%
March 19 2014,13.30%
March 18 2014,13.52%
March 17 2014,13.64%
March 14 2014,13.89%
March 13 2014,13.76%
March 12 2014,13.57%
March 11 2014,13.44%
March 10 2014,13.13%
March 7 2014,13.12%
March 6 2014,13.10%
March 5 2014,13.17%
March 4 2014,13.33%
March 3 2014,13.67%
Feb. 28 2014,13.39%
Feb. 27 2014,13.37%
Feb. 26 2014,13.47%
Feb. 25 2014,13.45%
Feb. 24 2014,13.29%
Feb. 21 2014,13.49%
Feb. 20 2014,13.53%
Feb. 19 2014,13.51%
Feb. 18 2014,13.18%
Feb. 14 2014,13.15%
Feb. 13 2014,13.06%
Feb. 12 2014,13.03%
Feb. 11 2014,13.11%
Feb. 10 2014,13.20%
Feb. 7 2014,13.20%
Feb. 6 2014,13.49%
Feb. 5 2014,13.83%
Feb. 4 2014,13.92%
Feb. 3 2014,14.05%
Jan. 31 2014,13.73%
Jan. 30 2014,13.48%
Jan. 29 2014,13.54%
Jan. 28 2014,13.13%
Jan. 27 2014,13.34%
Jan. 24 2014,13.20%
Jan. 23 2014,12.84%
Jan. 22 2014,12.54%
Jan. 21 2014,12.56%
Jan. 17 2014,12.46%
Jan. 16 2014,12.38%
Jan. 15 2014,11.84%
Jan. 14 2014,12.07%
Jan. 13 2014,12.12%
Jan. 10 2014,11.90%
Jan. 9 2014,11.79%
Jan. 8 2014,11.88%
Jan. 7 2014,12.02%
Jan. 6 2014,12.10%
Jan. 3 2014,12.19%
Jan. 2 2014,12.46%
Dec. 31 2013,12.49%
Dec. 30 2013,10.89%
Dec. 27 2013,10.82%
Dec. 26 2013,10.80%
Dec. 24 2013,10.79%
Dec. 23 2013,10.79%
Dec. 20 2013,10.83%
Dec. 19 2013,10.90%
Dec. 18 2013,10.88%
Dec. 17 2013,11.16%
Dec. 16 2013,11.11%
Dec. 13 2013,11.10%
Dec. 12 2013,11.11%
Dec. 11 2013,11.15%
Dec. 10 2013,10.93%
Dec. 9 2013,10.85%
Dec. 6 2013,10.98%
Dec. 5 2013,11.08%
Dec. 4 2013,10.87%
Dec. 3 2013,10.85%
Dec. 2 2013,10.75%
Nov. 29 2013,10.69%
Nov. 27 2013,10.66%
Nov. 26 2013,10.67%
Nov. 25 2013,10.61%
Nov. 22 2013,10.79%
Nov. 21 2013,10.93%
Nov. 20 2013,11.14%
Nov. 19 2013,11.05%
Nov. 18 2013,11.13%
Nov. 15 2013,11.22%
Nov. 14 2013,11.26%
Nov. 13 2013,11.31%
Nov. 12 2013,11.42%
Nov. 11 2013,11.27%
Nov. 8 2013,11.32%
Nov. 7 2013,11.70%
Nov. 6 2013,11.63%
Nov. 5 2013,11.69%
Nov. 4 2013,11.63%
Nov. 1 2013,11.60%
Oct. 31 2013,11.59%
Oct. 30 2013,11.34%
Oct. 29 2013,11.26%
Oct. 28 2013,11.28%
Oct. 25 2013,11.30%
Oct. 24 2013,11.28%
Oct. 23 2013,11.27%
Oct. 22 2013,11.14%
Oct. 21 2013,11.08%
Oct. 18 2013,11.06%
Oct. 17 2013,11.06%
Oct. 16 2013,11.12%
Oct. 15 2013,11.57%
Oct. 14 2013,11.40%
Oct. 11 2013,11.49%
Oct. 10 2013,11.48%
Oct. 9 2013,11.79%
Oct. 8 2013,11.86%
Oct. 7 2013,11.74%
Oct. 4 2013,11.51%
Oct. 3 2013,11.68%
Oct. 2 2013,11.61%
Oct. 1 2013,11.64%
Sept. 30 2013,11.66%
Sept. 27 2013,8.03%
Sept. 26 2013,8.03%
Sept. 25 2013,7.97%
Sept. 24 2013,8.02%
Sept. 23 2013,7.92%
Sept. 20 2013,7.67%
Sept. 19 2013,7.56%
Sept. 18 2013,7.52%
Sept. 17 2013,7.67%
Sept. 16 2013,7.70%
Sept. 13 2013,7.78%
Sept. 12 2013,7.81%
Sept. 11 2013,7.74%
Sept. 10 2013,7.69%
Sept. 9 2013,7.84%
Sept. 6 2013,7.98%
Sept. 5 2013,7.88%
Sept. 4 2013,7.92%
Sept. 3 2013,7.95%
Aug. 30 2013,8.13%
Aug. 29 2013,8.10%
Aug. 28 2013,8.13%
Aug. 27 2013,8.14%
Aug. 26 2013,7.92%
Aug. 23 2013,7.88%
Aug. 22 2013,7.87%
Aug. 21 2013,7.99%
Aug. 20 2013,7.87%
Aug. 19 2013,7.96%
Aug. 16 2013,7.80%
Aug. 15 2013,7.72%
Aug. 14 2013,7.61%
Aug. 13 2013,7.59%
Aug. 12 2013,7.71%
Aug. 9 2013,7.65%
Aug. 8 2013,7.58%
Aug. 7 2013,7.62%
Aug. 6 2013,7.63%
Aug. 5 2013,7.43%
Aug. 2 2013,7.41%
Aug. 1 2013,7.43%
July 31 2013,7.53%
July 30 2013,7.58%
July 29 2013,7.60%
July 26 2013,7.52%
July 25 2013,7.46%
July 24 2013,7.52%
July 23 2013,7.43%
July 22 2013,7.41%
July 19 2013,7.50%
July 18 2013,7.45%
July 17 2013,7.58%
July 16 2013,7.58%
July 15 2013,7.58%
July 12 2013,7.73%
July 11 2013,7.85%
July 10 2013,7.91%
July 9 2013,7.82%
July 8 2013,7.93%
July 5 2013,8.09%
July 3 2013,8.24%
July 2 2013,8.16%
July 1 2013,8.14%
June 28 2013,6.40%
June 27 2013,6.36%
June 26 2013,6.45%
June 25 2013,6.53%
June 24 2013,6.76%
June 21 2013,6.55%
June 20 2013,6.41%
June 19 2013,6.20%
June 18 2013,6.14%
June 17 2013,6.22%
June 14 2013,6.24%
June 13 2013,6.11%
June 12 2013,6.21%
June 11 2013,6.15%
June 10 2013,5.91%
June 7 2013,5.95%
June 6 2013,6.04%
June 5 2013,6.14%
June 4 2013,5.99%
June 3 2013,5.91%
May 31 2013,5.91%
May 30 2013,5.77%
May 29 2013,5.87%
May 28 2013,5.93%
May 24 2013,6.08%
May 23 2013,6.08%
May 22 2013,6.02%
May 21 2013,5.94%
May 20 2013,5.95%
May 17 2013,5.97%
May 16 2013,6.07%
May 15 2013,5.98%
May 14 2013,6.13%
May 13 2013,6.28%
May 10 2013,6.30%
May 9 2013,6.32%
May 8 2013,6.23%
May 7 2013,6.38%
May 6 2013,6.47%
May 3 2013,6.54%
May 2 2013,6.60%
May 1 2013,6.70%
April 30 2013,6.58%
April 29 2013,6.56%
April 26 2013,6.55%
April 25 2013,6.52%
April 24 2013,6.52%
April 23 2013,6.61%
April 22 2013,6.80%
April 19 2013,6.82%
April 18 2013,6.81%
April 17 2013,6.71%
April 16 2013,6.58%
April 15 2013,6.84%
April 12 2013,6.86%
April 11 2013,6.84%
April 10 2013,6.82%
April 9 2013,7.00%
April 8 2013,7.05%
April 5 2013,7.14%
April 4 2013,7.18%
April 3 2013,7.23%
April 2 2013,6.96%
April 1 2013,7.01%
March 28 2013,5.88%
March 27 2013,5.86%
March 26 2013,5.81%
March 25 2013,5.85%
March 22 2013,5.76%
March 21 2013,5.76%
March 20 2013,5.65%
March 19 2013,5.69%
March 18 2013,5.63%
March 15 2013,5.51%
March 14 2013,5.49%
March 13 2013,5.54%
March 12 2013,5.55%
March 11 2013,5.47%
March 8 2013,5.58%
March 7 2013,5.79%
March 6 2013,5.84%
March 5 2013,5.97%
March 4 2013,6.06%
March 1 2013,6.18%
Feb. 28 2013,6.20%
Feb. 27 2013,6.18%
Feb. 26 2013,6.31%
Feb. 25 2013,6.33%
Feb. 22 2013,6.08%
Feb. 21 2013,6.15%
Feb. 20 2013,6.02%
Feb. 19 2013,5.85%
Feb. 15 2013,5.94%
Feb. 14 2013,5.87%
Feb. 13 2013,5.92%
Feb. 12 2013,5.87%
Feb. 11 2013,6.03%
Feb. 8 2013,6.10%
Feb. 7 2013,6.07%
Feb. 6 2013,6.05%
Feb. 5 2013,6.07%
Feb. 4 2013,6.17%
Feb. 1 2013,6.05%
Jan. 31 2013,6.18%
Jan. 30 2013,6.21%
Jan. 29 2013,6.18%
Jan. 28 2013,6.15%
Jan. 25 2013,6.07%
Jan. 24 2013,6.08%
Jan. 23 2013,6.20%
Jan. 22 2013,6.23%
Jan. 18 2013,6.25%
Jan. 17 2013,6.31%
Jan. 16 2013,6.13%
Jan. 15 2013,6.12%
Jan. 14 2013,6.17%
Jan. 11 2013,6.15%
Jan. 10 2013,6.08%
Jan. 9 2013,6.19%
Jan. 8 2013,6.13%
Jan. 7 2013,6.13%
Jan. 4 2013,6.14%
Jan. 3 2013,6.29%
Jan. 2 2013,6.31%
Dec. 31 2012,6.58%
Dec. 28 2012,6.76%
Dec. 27 2012,6.72%
Dec. 26 2012,6.67%
Dec. 24 2012,6.70%
Dec. 21 2012,6.68%
Dec. 20 2012,6.56%
Dec. 19 2012,6.68%
Dec. 18 2012,6.68%
Dec. 17 2012,6.74%
Dec. 14 2012,7.01%
Dec. 13 2012,7.07%
Dec. 12 2012,7.03%
Dec. 11 2012,7.13%
Dec. 10 2012,7.09%
Dec. 7 2012,7.01%
Dec. 6 2012,7.12%
Dec. 5 2012,7.23%
Dec. 4 2012,7.69%
Dec. 3 2012,7.71%
Nov. 30 2012,7.63%
Nov. 29 2012,7.49%
Nov. 28 2012,7.52%
Nov. 27 2012,7.53%
Nov. 26 2012,7.41%
Nov. 23 2012,7.32%
Nov. 21 2012,7.37%
Nov. 20 2012,7.33%
Nov. 19 2012,7.31%
Nov. 16 2012,7.54%
Nov. 15 2012,7.49%
Nov. 14 2012,7.53%
Nov. 13 2012,7.29%
Nov. 12 2012,7.24%
Nov. 9 2012,7.34%
Nov. 8 2012,7.33%
Nov. 7 2012,7.32%
Nov. 6 2012,6.86%
Nov. 5 2012,7.07%
Nov. 2 2012,7.01%
Nov. 1 2012,6.95%
Oct. 31 2012,7.05%
Oct. 26 2012,7.21%
Oct. 25 2012,7.05%
Oct. 24 2012,7.07%
Oct. 23 2012,7.15%
Oct. 22 2012,6.99%
Oct. 19 2012,7.10%
Oct. 18 2012,6.86%
Oct. 17 2012,6.86%
Oct. 16 2012,7.08%
Oct. 15 2012,7.19%
Oct. 12 2012,7.59%
Oct. 11 2012,7.42%
Oct. 10 2012,7.50%
Oct. 9 2012,7.62%
Oct. 8 2012,7.58%
Oct. 5 2012,7.58%
Oct. 4 2012,7.54%
Oct. 3 2012,7.74%
Oct. 2 2012,7.93%
Oct. 1 2012,8.05%
Sept. 28 2012,14.20%
Sept. 27 2012,14.09%
Sept. 26 2012,14.29%
Sept. 25 2012,14.14%
Sept. 24 2012,13.87%
Sept. 21 2012,13.80%
Sept. 20 2012,13.74%
Sept. 19 2012,13.59%
Sept. 18 2012,13.69%
Sept. 17 2012,13.64%
Sept. 14 2012,13.35%
Sept. 13 2012,13.48%
Sept. 12 2012,14.06%
Sept. 11 2012,14.22%
Sept. 10 2012,14.59%
Sept. 7 2012,14.48%
Sept. 6 2012,14.93%
Sept. 5 2012,15.60%
Sept. 4 2012,15.64%
Aug. 31 2012,15.64%
Aug. 30 2012,15.67%
Aug. 29 2012,15.53%
Aug. 28 2012,15.83%
Aug. 27 2012,15.65%
Aug. 24 2012,15.57%
Aug. 23 2012,15.70%
Aug. 22 2012,15.24%
Aug. 21 2012,15.12%
Aug. 20 2012,15.49%
Aug. 17 2012,16.00%
Aug. 16 2012,16.12%
Aug. 15 2012,16.16%
Aug. 14 2012,16.15%
Aug. 13 2012,16.14%
Aug. 10 2012,16.07%
Aug. 9 2012,16.10%
Aug. 8 2012,16.10%
Aug. 7 2012,16.08%
Aug. 6 2012,16.26%
Aug. 3 2012,16.95%
Aug. 2 2012,17.74%
Aug. 1 2012,17.35%
July 31 2012,17.12%
July 30 2012,17.12%
July 27 2012,17.02%
July 26 2012,17.68%
July 25 2012,18.01%
July 24 2012,18.40%
July 23 2012,18.33%
July 20 2012,17.96%
July 19 2012,17.47%
July 18 2012,17.14%
July 17 2012,16.97%
July 16 2012,17.33%
July 13 2012,17.43%
July 12 2012,18.38%
July 11 2012,17.96%
July 10 2012,17.95%
July 9 2012,17.79%
July 6 2012,17.62%
July 5 2012,17.31%
July 3 2012,16.80%
July 2 2012,16.92%
June 29 2012,17.70%
June 28 2012,18.39%
June 27 2012,17.91%
June 26 2012,18.15%
June 25 2012,18.14%
June 22 2012,17.34%
June 21 2012,17.44%
June 20 2012,16.81%
June 19 2012,17.03%
June 18 2012,17.61%
June 15 2012,17.14%
June 14 2012,17.39%
June 13 2012,17.54%
June 12 2012,17.57%
June 11 2012,18.33%
June 8 2012,17.47%
June 7 2012,18.03%
June 6 2012,17.88%
June 5 2012,18.85%
June 4 2012,19.55%
June 1 2012,19.11%
May 31 2012,18.31%
May 30 2012,18.66%
May 29 2012,17.96%
May 25 2012,18.33%
May 24 2012,18.20%
May 23 2012,18.03%
May 22 2012,18.03%
May 21 2012,18.49%
May 18 2012,18.66%
May 17 2012,18.37%
May 16 2012,18.03%
May 15 2012,17.46%
May 14 2012,17.24%
May 11 2012,16.53%
May 10 2012,15.83%
May 9 2012,15.94%
May 8 2012,15.49%
May 7 2012,15.32%
May 4 2012,15.36%
May 3 2012,14.94%
May 2 2012,14.84%
May 1 2012,14.44%
April 30 2012,14.69%
April 27 2012,14.49%
April 26 2012,14.32%
April 25 2012,14.41%
April 24 2012,14.52%
April 23 2012,14.59%
April 20 2012,14.32%
April 19 2012,13.92%
April 18 2012,13.83%
April 17 2012,13.83%
April 16 2012,14.27%
April 13 2012,14.52%
April 12 2012,14.02%
April 11 2012,14.45%
April 10 2012,14.77%
April 9 2012,14.29%
April 5 2012,13.95%
April 4 2012,13.85%
April 3 2012,13.34%
April 2 2012,13.16%
March 30 2012,13.43%
March 29 2012,13.45%
March 28 2012,13.25%
March 27 2012,13.35%
March 26 2012,13.12%
March 23 2012,13.22%
March 22 2012,13.30%
March 21 2012,12.99%
March 20 2012,12.89%
March 19 2012,13.21%
March 16 2012,13.38%
March 15 2012,13.54%
March 14 2012,13.94%
March 13 2012,13.47%
March 12 2012,14.32%
March 9 2012,14.35%
March 8 2012,14.44%
March 7 2012,14.77%
March 6 2012,15.28%
March 5 2012,14.58%
March 2 2012,14.40%
March 1 2012,14.38%
Feb. 29 2012,14.73%
Feb. 28 2012,14.66%
Feb. 27 2012,14.91%
Feb. 24 2012,15.18%
Feb. 23 2012,15.01%
Feb. 22 2012,15.17%
Feb. 21 2012,14.72%
Feb. 17 2012,14.91%
Feb. 16 2012,15.01%
Feb. 15 2012,15.48%
Feb. 14 2012,15.30%
Feb. 13 2012,14.93%
Feb. 10 2012,14.91%
Feb. 9 2012,14.58%
Feb. 8 2012,14.34%
Feb. 7 2012,14.85%
Feb. 6 2012,14.74%
Feb. 3 2012,14.64%
Feb. 2 2012,15.35%
Feb. 1 2012,15.54%
Jan. 31 2012,15.98%
Jan. 30 2012,16.24%
Jan. 27 2012,15.90%
Jan. 26 2012,16.16%
Jan. 25 2012,16.39%
Jan. 24 2012,16.42%
Jan. 23 2012,16.45%
Jan. 20 2012,16.56%
Jan. 19 2012,16.74%
Jan. 18 2012,16.91%
Jan. 17 2012,17.40%
Jan. 13 2012,15.97%
Jan. 12 2012,15.54%
Jan. 11 2012,15.70%
Jan. 10 2012,16.36%
Jan. 9 2012,16.88%
Jan. 6 2012,17.20%
Jan. 5 2012,17.22%
Jan. 4 2012,17.43%
Jan. 3 2012,17.33%
Dec. 30 2011,18.53%
Dec. 29 2011,18.22%
Dec. 28 2011,18.65%
Dec. 27 2011,18.12%
Dec. 23 2011,17.75%
Dec. 22 2011,17.63%
Dec. 21 2011,18.68%
Dec. 20 2011,18.78%
Dec. 19 2011,19.64%
Dec. 16 2011,18.73%
Dec. 15 2011,18.81%
Dec. 14 2011,18.71%
Dec. 13 2011,18.12%
Dec. 12 2011,17.91%
Dec. 9 2011,16.94%
Dec. 8 2011,17.57%
Dec. 7 2011,16.34%
Dec. 6 2011,16.38%
Dec. 5 2011,16.34%
Dec. 2 2011,17.30%
Dec. 1 2011,18.06%
Nov. 30 2011,17.74%
Nov. 29 2011,19.31%
Nov. 28 2011,19.46%
Nov. 25 2011,20.63%
Nov. 23 2011,20.73%
Nov. 22 2011,19.93%
Nov. 21 2011,19.50%
Nov. 18 2011,18.55%
Nov. 17 2011,18.75%
Nov. 16 2011,18.15%
Nov. 15 2011,17.40%
Nov. 14 2011,17.18%
Nov. 11 2011,16.62%
Nov. 10 2011,17.03%
Nov. 9 2011,16.90%
Nov. 8 2011,15.51%
Nov. 7 2011,15.96%
Nov. 4 2011,16.07%
Nov. 3 2011,15.84%
Nov. 2 2011,16.34%
Nov. 1 2011,16.71%
Oct. 31 2011,15.43%
Oct. 28 2011,14.27%
Oct. 27 2011,14.43%
Oct. 26 2011,15.65%
Oct. 25 2011,15.77%
Oct. 24 2011,15.43%
Oct. 21 2011,16.09%
Oct. 20 2011,16.20%
Oct. 19 2011,16.59%
Oct. 18 2011,16.31%
Oct. 17 2011,17.45%
Oct. 14 2011,17.16%
Oct. 13 2011,17.64%
Oct. 12 2011,16.69%
Oct. 11 2011,17.51%
Oct. 10 2011,18.40%
Oct. 7 2011,19.79%
Oct. 6 2011,18.73%
Oct. 5 2011,19.73%
Oct. 4 2011,19.99%
Oct. 3 2011,21.09%
Sept. 30 2011,19.03%
Sept. 29 2011,16.01%
Sept. 28 2011,16.62%
Sept. 27 2011,15.96%
Sept. 26 2011,16.12%
Sept. 23 2011,17.24%
Sept. 22 2011,17.98%
Sept. 21 2011,16.88%
Sept. 20 2011,15.99%
Sept. 19 2011,15.54%
Sept. 16 2011,14.86%
Sept. 15 2011,15.07%
Sept. 14 2011,15.73%
Sept. 13 2011,15.92%
Sept. 12 2011,15.98%
Sept. 9 2011,16.11%
Sept. 8 2011,15.39%
Sept. 7 2011,14.86%
Sept. 6 2011,15.55%
Sept. 2 2011,15.17%
Sept. 1 2011,14.36%
Aug. 31 2011,13.87%
Aug. 30 2011,13.92%
Aug. 29 2011,13.77%
Aug. 26 2011,14.43%
Aug. 25 2011,14.44%
Aug. 24 2011,15.14%
Aug. 23 2011,15.77%
Aug. 22 2011,16.53%
Aug. 19 2011,16.09%
Aug. 18 2011,15.39%
Aug. 17 2011,14.43%
Aug. 16 2011,14.39%
Aug. 15 2011,13.77%
Aug. 12 2011,14.43%
Aug. 11 2011,14.22%
Aug. 10 2011,15.12%
Aug. 9 2011,13.54%
Aug. 8 2011,15.41%
Aug. 5 2011,12.88%
Aug. 4 2011,12.37%
Aug. 3 2011,11.56%
Aug. 2 2011,11.63%
Aug. 1 2011,11.19%
July 29 2011,11.23%
July 28 2011,11.28%
July 27 2011,11.25%
July 26 2011,10.85%
July 25 2011,10.79%
July 22 2011,10.70%
July 21 2011,10.68%
July 20 2011,11.15%
July 19 2011,11.33%
July 18 2011,11.41%
July 15 2011,11.22%
July 14 2011,11.04%
July 13 2011,10.91%
July 12 2011,11.02%
July 11 2011,10.82%
July 8 2011,10.25%
July 7 2011,10.10%
July 6 2011,10.25%
July 5 2011,10.12%
July 1 2011,10.04%
June 30 2011,10.34%
June 29 2011,9.78%
June 28 2011,10.11%
June 27 2011,10.15%
June 24 2011,10.26%
June 23 2011,10.30%
June 22 2011,10.28%
June 21 2011,10.33%
June 20 2011,10.64%
June 17 2011,10.60%
June 16 2011,10.79%
June 15 2011,10.69%
June 14 2011,10.47%
June 13 2011,10.37%
June 10 2011,10.71%
June 9 2011,10.75%
June 8 2011,11.03%
June 7 2011,10.81%
June 6 2011,10.67%
June 3 2011,10.19%
June 2 2011,10.15%
June 1 2011,10.24%
May 31 2011,9.87%
May 27 2011,9.91%
May 26 2011,10.10%
May 25 2011,10.07%
May 24 2011,10.02%
May 23 2011,10.11%
May 20 2011,9.90%
May 19 2011,9.81%
May 18 2011,9.85%
May 17 2011,9.78%
May 16 2011,9.86%
May 13 2011,9.78%
May 12 2011,9.57%
May 11 2011,9.46%
May 10 2011,9.19%
May 9 2011,9.20%
May 6 2011,8.98%
May 5 2011,9.06%
May 4 2011,8.99%
May 3 2011,8.98%
May 2 2011,9.04%
April 29 2011,8.85%
April 28 2011,8.85%
April 27 2011,9.00%
April 26 2011,9.00%
April 25 2011,8.98%
April 21 2011,8.92%
April 20 2011,8.89%
April 19 2011,8.96%
April 18 2011,9.19%
April 15 2011,9.19%
April 14 2011,9.17%
April 13 2011,9.02%
April 12 2011,8.92%
April 11 2011,8.96%
April 8 2011,8.90%
April 7 2011,8.87%
April 6 2011,8.85%
April 5 2011,9.08%
April 4 2011,9.17%
April 1 2011,9.12%
March 31 2011,9.19%
March 30 2011,9.98%
March 29 2011,9.98%
March 28 2011,10.03%
March 25 2011,9.96%
March 24 2011,10.03%
March 23 2011,10.10%
March 22 2011,10.05%
March 21 2011,10.02%
March 18 2011,9.87%
March 17 2011,9.98%
March 16 2011,10.12%
March 15 2011,10.01%
March 14 2011,9.78%
March 11 2011,9.72%
March 10 2011,9.78%
March 9 2011,9.55%
March 8 2011,9.57%
March 7 2011,9.83%
March 4 2011,9.78%
March 3 2011,9.49%
March 2 2011,9.66%
March 1 2011,9.72%
Feb. 28 2011,9.49%
Feb. 25 2011,9.45%
Feb. 24 2011,9.47%
Feb. 23 2011,9.45%
Feb. 22 2011,9.47%
Feb. 18 2011,9.05%
Feb. 17 2011,8.99%
Feb. 16 2011,9.07%
Feb. 15 2011,9.05%
Feb. 14 2011,9.05%
Feb. 11 2011,9.10%
Feb. 10 2011,9.29%
Feb. 9 2011,9.18%
Feb. 8 2011,9.08%
Feb. 7 2011,9.07%
Feb. 4 2011,9.22%
Feb. 3 2011,9.24%
Feb. 2 2011,9.16%
Feb. 1 2011,9.07%
Jan. 31 2011,9.22%
Jan. 28 2011,9.41%
Jan. 27 2011,9.20%
Jan. 26 2011,9.24%
Jan. 25 2011,9.22%
Jan. 24 2011,9.14%
Jan. 21 2011,9.08%
Jan. 20 2011,9.26%
Jan. 19 2011,9.33%
Jan. 18 2011,9.26%
Jan. 14 2011,8.66%
Jan. 13 2011,8.81%
Jan. 12 2011,8.74%
Jan. 11 2011,8.99%
Jan. 10 2011,9.05%
Jan. 7 2011,8.99%
Jan. 6 2011,8.97%
Jan. 5 2011,8.94%
Jan. 4 2011,9.07%
Jan. 3 2011,9.07%
Dec. 31 2010,9.39%
Dec. 30 2010,
Dec. 29 2010,
Dec. 28 2010,
Dec. 27 2010,
Dec. 23 2010,
Dec. 22 2010,
Dec. 21 2010,
Dec. 20 2010,
Dec. 17 2010,
Dec. 16 2010,
Dec. 15 2010,
Dec. 14 2010,
Dec. 13 2010,
Dec. 10 2010,
Dec. 9 2010,
Dec. 8 2010,
Dec. 7 2010,
Dec. 6 2010,
Dec. 3 2010,
Dec. 2 2010,
Dec. 1 2010,
Nov. 30 2010,
Nov. 29 2010,
Nov. 26 2010,
Nov. 24 2010,
Nov. 23 2010,
Nov. 22 2010,
Nov. 19 2010,
Nov. 18 2010,
Nov. 17 2010,
Nov. 16 2010,
Nov. 15 2010,
Nov. 12 2010,
Nov. 11 2010,
Nov. 10 2010,
Nov. 9 2010,
Nov. 8 2010,
Nov. 5 2010,
Nov. 4 2010,
Nov. 3 2010,
Nov. 2 2010,
Nov. 1 2010,
Oct. 29 2010,
Oct. 28 2010,
Oct. 27 2010,
Oct. 26 2010,
Oct. 25 2010,
Oct. 22 2010,
Oct. 21 2010,
Oct. 20 2010,
Oct. 19 2010,
Oct. 18 2010,
Oct. 15 2010,
Oct. 14 2010,
Oct. 13 2010,
Oct. 12 2010,
Oct. 11 2010,
Oct. 8 2010,
Oct. 7 2010,
Oct. 6 2010,
Oct. 5 2010,
Oct. 4 2010,
Oct. 1 2010,
Sept. 30 2010,
Sept. 29 2010,
Sept. 28 2010,
Sept. 27 2010,
Sept. 24 2010,
Sept. 23 2010,
Sept. 22 2010,
Sept. 21 2010,
Sept. 20 2010,
Sept. 17 2010,
Sept. 16 2010,
Sept. 15 2010,
Sept. 14 2010,
Sept. 13 2010,
Sept. 10 2010,
Sept. 9 2010,
Sept. 8 2010,
Sept. 7 2010,
Sept. 3 2010,
Sept. 2 2010,
Sept. 1 2010,
Aug. 31 2010,
Aug. 30 2010,
Aug. 27 2010,
Aug. 26 2010,
Aug. 25 2010,
Aug. 24 2010,
Aug. 23 2010,
Aug. 20 2010,
Aug. 19 2010,
Aug. 18 2010,
Aug. 17 2010,
Aug. 16 2010,
Aug. 13 2010,
Aug. 12 2010,
Aug. 11 2010,
Aug. 10 2010,
Aug. 9 2010,
Aug. 6 2010,
Aug. 5 2010,
Aug. 4 2010,
Aug. 3 2010,
Aug. 2 2010,
July 30 2010,
July 29 2010,
July 28 2010,
July 27 2010,
July 26 2010,
July 23 2010,
July 22 2010,
July 21 2010,
July 20 2010,
July 19 2010,
July 16 2010,
July 15 2010,
July 14 2010,
July 13 2010,
July 12 2010,
July 9 2010,
July 8 2010,
July 7 2010,
July 6 2010,
July 2 2010,
July 1 2010,
June 30 2010,
June 29 2010,
June 28 2010,
June 25 2010,
June 24 2010,
June 23 2010,
June 22 2010,
June 21 2010,
June 18 2010,
June 17 2010,
June 16 2010,
June 15 2010,
June 14 2010,
June 11 2010,
June 10 2010,
June 9 2010,
June 8 2010,
June 7 2010,
June 4 2010,
June 3 2010,
June 2 2010,
June 1 2010,
May 28 2010,
May 27 2010,
May 26 2010,
May 25 2010,
May 24 2010,
May 21 2010,
May 20 2010,
May 19 2010,
May 18 2010,
May 17 2010,
May 14 2010,
May 13 2010,
May 12 2010,
May 11 2010,
May 10 2010,
May 7 2010,
May 6 2010,
May 5 2010,
May 4 2010,
May 3 2010,
April 30 2010,
April 29 2010,
April 28 2010,
April 27 2010,
April 26 2010,
April 23 2010,
April 22 2010,
April 21 2010,
April 20 2010,
April 19 2010,
April 16 2010,
April 15 2010,
April 14 2010,
April 13 2010,
April 12 2010,
April 9 2010,
April 8 2010,
April 7 2010,
April 6 2010,
April 5 2010,
April 1 2010,
March 31 2010,
March 30 2010,
March 29 2010,
March 26 2010,
March 25 2010,
March 24 2010,
March 23 2010,
March 22 2010,
March 19 2010,
March 18 2010,
March 17 2010,
March 16 2010,
March 15 2010,
March 12 2010,
March 11 2010,
March 10 2010,
March 9 2010,
March 8 2010,
March 5 2010,
March 4 2010,
March 3 2010,
March 2 2010,
March 1 2010,
Feb. 26 2010,
Feb. 25 2010,
Feb. 24 2010,
Feb. 23 2010,
Feb. 22 2010,
Feb. 19 2010,
Feb. 18 2010,
Feb. 17 2010,
Feb. 16 2010,
Feb. 12 2010,
Feb. 11 2010,
Feb. 10 2010,
Feb. 9 2010,
Feb. 8 2010,
Feb. 5 2010,
Feb. 4 2010,
Feb. 3 2010,
Feb. 2 2010,
Feb. 1 2010,
Jan. 29 2010,
Jan. 28 2010,
Jan. 27 2010,
Jan. 26 2010,
Jan. 25 2010,
Jan. 22 2010,
Jan. 21 2010,
Jan. 20 2010,
Jan. 19 2010,
Jan. 15 2010,
Jan. 14 2010,
Jan. 13 2010,
Jan. 12 2010,
Jan. 11 2010,
Jan. 8 2010,
Jan. 7 2010,
Jan. 6 2010,
Jan. 5 2010,
Jan. 4 2010,
Dec. 31 2009,
Dec. 30 2009,
Dec. 29 2009,
Dec. 28 2009,
Dec. 24 2009,
Dec. 23 2009,
Dec. 22 2009,
Dec. 21 2009,
Dec. 18 2009,
Dec. 17 2009,
Dec. 16 2009,
Dec. 15 2009,
Dec. 14 2009,
Dec. 11 2009,
Dec. 10 2009,
Dec. 9 2009,
Dec. 8 2009,
Dec. 7 2009,
Dec. 4 2009,
Dec. 3 2009,
Dec. 2 2009,
Dec. 1 2009,
Nov. 30 2009,
Nov. 27 2009,
Nov. 25 2009,
Nov. 24 2009,
Nov. 23 2009,
Nov. 20 2009,
Nov. 19 2009,
Nov. 18 2009,
Nov. 17 2009,
Nov. 16 2009,
Nov. 13 2009,
Nov. 12 2009,
Nov. 11 2009,
Nov. 10 2009,
Nov. 9 2009,
Nov. 6 2009,
Nov. 5 2009,
Nov. 4 2009,
Nov. 3 2009,
Nov. 2 2009,
Oct. 30 2009,
Oct. 29 2009,
Oct. 28 2009,
Oct. 27 2009,
Oct. 26 2009,
Oct. 23 2009,
Oct. 22 2009,
Oct. 21 2009,
Oct. 20 2009,
Oct. 19 2009,
Oct. 16 2009,
Oct. 15 2009,
Oct. 14 2009,
Oct. 13 2009,
Oct. 12 2009,
Oct. 9 2009,
Oct. 8 2009,
Oct. 7 2009,
Oct. 6 2009,
Oct. 5 2009,
Oct. 2 2009,
Oct. 1 2009,
Sept. 30 2009,
Sept. 29 2009,
Sept. 28 2009,
Sept. 25 2009,
Sept. 24 2009,
Sept. 23 2009,
Sept. 22 2009,
Sept. 21 2009,
Sept. 18 2009,
Sept. 17 2009,
Sept. 16 2009,
Sept. 15 2009,
Sept. 14 2009,
Sept. 11 2009,
Sept. 10 2009,
Sept. 9 2009,
Sept. 8 2009,
Sept. 4 2009,
Sept. 3 2009,
Sept. 2 2009,
Sept. 1 2009,
Aug. 31 2009,
Aug. 28 2009,
Aug. 27 2009,
Aug. 26 2009,
Aug. 25 2009,
Aug. 24 2009,
Aug. 21 2009,
Aug. 20 2009,
Aug. 19 2009,
Aug. 18 2009,
Aug. 17 2009,
Aug. 14 2009,
Aug. 13 2009,
Aug. 12 2009,
Aug. 11 2009,
Aug. 10 2009,
Aug. 7 2009,
Aug. 6 2009,
Aug. 5 2009,
Aug. 4 2009,
Aug. 3 2009,
July 31 2009,
July 30 2009,
July 29 2009,
July 28 2009,
July 27 2009,
July 24 2009,
July 23 2009,
July 22 2009,
July 21 2009,
July 20 2009,
July 17 2009,
July 16 2009,
July 15 2009,
July 14 2009,
July 13 2009,
July 10 2009,
July 9 2009,
July 8 2009,
July 7 2009,
July 6 2009,
July 2 2009,
July 1 2009,
June 30 2009,
June 29 2009,
June 26 2009,
June 25 2009,
June 24 2009,
June 23 2009,
June 22 2009,
June 19 2009,
June 18 2009,
June 17 2009,
June 16 2009,
June 15 2009,
June 12 2009,
June 11 2009,
June 10 2009,
June 9 2009,
June 8 2009,
June 5 2009,
June 4 2009,
June 3 2009,
June 2 2009,
June 1 2009,
May 29 2009,
May 28 2009,
May 27 2009,
May 26 2009,
May 22 2009,
May 21 2009,
May 20 2009,
May 19 2009,
May 18 2009,
May 15 2009,
May 14 2009,
May 13 2009,
May 12 2009,
May 11 2009,
May 8 2009,
May 7 2009,
May 6 2009,
May 5 2009,
May 4 2009,
May 1 2009,
April 30 2009,
April 29 2009,
April 28 2009,
April 27 2009,
April 24 2009,
April 23 2009,
April 22 2009,
April 21 2009,
April 20 2009,
April 17 2009,
April 16 2009,
April 15 2009,
April 14 2009,
April 13 2009,
April 9 2009,
April 8 2009,
April 7 2009,
April 6 2009,
April 3 2009,
April 2 2009,
April 1 2009,
March 31 2009,
March 30 2009,
March 27 2009,
March 26 2009,
March 25 2009,
March 24 2009,
March 23 2009,
March 20 2009,
March 19 2009,
March 18 2009,
March 17 2009,
March 16 2009,
March 13 2009,
March 12 2009,
March 11 2009,
March 10 2009,
March 9 2009,
March 6 2009,
March 5 2009,
March 4 2009,
March 3 2009,
March 2 2009,
Feb. 27 2009,
Feb. 26 2009,
Feb. 25 2009,
Feb. 24 2009,
Feb. 23 2009,
Feb. 20 2009,
Feb. 19 2009,
Feb. 18 2009,
Feb. 17 2009,
Feb. 13 2009,
Feb. 12 2009,
Feb. 11 2009,
Feb. 10 2009,
Feb. 9 2009,
Feb. 6 2009,
Feb. 5 2009,
Feb. 4 2009,
Feb. 3 2009,
Feb. 2 2009,
Jan. 30 2009,
Jan. 29 2009,
Jan. 28 2009,
Jan. 27 2009,
Jan. 26 2009,
Jan. 23 2009,
Jan. 22 2009,
Jan. 21 2009,
Jan. 20 2009,
Jan. 16 2009,
Jan. 15 2009,
Jan. 14 2009,
Jan. 13 2009,
Jan. 12 2009,
Jan. 9 2009,
Jan. 8 2009,
Jan. 7 2009,
Jan. 6 2009,
Jan. 5 2009,
Jan. 2 2009,
Dec. 31 2008,
Dec. 30 2008,
Dec. 29 2008,
Dec. 26 2008,
Dec. 24 2008,
Dec. 23 2008,
Dec. 22 2008,
Dec. 19 2008,
Dec. 18 2008,
Dec. 17 2008,
Dec. 16 2008,
Dec. 15 2008,
Dec. 12 2008,
Dec. 11 2008,
Dec. 10 2008,
Dec. 9 2008,
Dec. 8 2008,
Dec. 5 2008,
Dec. 4 2008,
Dec. 3 2008,
Dec. 2 2008,
Dec. 1 2008,
Nov. 28 2008,
Nov. 26 2008,
Nov. 25 2008,
Nov. 24 2008,
Nov. 21 2008,
Nov. 20 2008,
Nov. 19 2008,
Nov. 18 2008,
Nov. 17 2008,
Nov. 14 2008,
Nov. 13 2008,
Nov. 12 2008,
Nov. 11 2008,
Nov. 10 2008,
Nov. 7 2008,
Nov. 6 2008,
Nov. 5 2008,
Nov. 4 2008,
Nov. 3 2008,
Oct. 31 2008,
Oct. 30 2008,
Oct. 29 2008,
Oct. 28 2008,
Oct. 27 2008,
Oct. 24 2008,
Oct. 23 2008,
Oct. 22 2008,
Oct. 21 2008,
Oct. 20 2008,
Oct. 17 2008,
Oct. 16 2008,
Oct. 15 2008,
Oct. 14 2008,
Oct. 13 2008,
Oct. 10 2008,
Oct. 9 2008,
Oct. 8 2008,
Oct. 7 2008,
Oct. 6 2008,
Oct. 3 2008,
Oct. 2 2008,
Oct. 1 2008,
Sept. 30 2008,
Sept. 29 2008,
Sept. 26 2008,
Sept. 25 2008,
Sept. 24 2008,
Sept. 23 2008,
Sept. 22 2008,
Sept. 19 2008,
Sept. 18 2008,
Sept. 17 2008,
Sept. 16 2008,
Sept. 15 2008,
Sept. 12 2008,
Sept. 11 2008,
Sept. 10 2008,
Sept. 9 2008,
Sept. 8 2008,
Sept. 5 2008,
Sept. 4 2008,
Sept. 3 2008,
Sept. 2 2008,
Aug. 29 2008,
Aug. 28 2008,
Aug. 27 2008,
Aug. 26 2008,
Aug. 25 2008,
Aug. 22 2008,
Aug. 21 2008,
Aug. 20 2008,
Aug. 19 2008,
Aug. 18 2008,
Aug. 15 2008,
Aug. 14 2008,
Aug. 13 2008,
Aug. 12 2008,
Aug. 11 2008,
Aug. 8 2008,
Aug. 7 2008,
Aug. 6 2008,
Aug. 5 2008,
Aug. 4 2008,
Aug. 1 2008,
July 31 2008,
July 30 2008,
July 29 2008,
July 28 2008,
July 25 2008,
July 24 2008,
July 23 2008,
July 22 2008,
July 21 2008,
July 18 2008,
July 17 2008,
July 16 2008,
July 15 2008,
July 14 2008,
July 11 2008,
July 10 2008,
July 9 2008,
July 8 2008,
July 7 2008,
July 3 2008,
July 2 2008,
July 1 2008,
June 30 2008,
June 27 2008,
June 26 2008,
June 25 2008,
June 24 2008,
June 23 2008,
June 20 2008,
June 19 2008,
June 18 2008,
June 17 2008,
June 16 2008,
June 13 2008,
June 12 2008,
June 11 2008,
June 10 2008,
June 9 2008,
June 6 2008,
June 5 2008,
June 4 2008,
June 3 2008,
June 2 2008,
May 30 2008,
May 29 2008,
May 28 2008,
May 27 2008,
May 23 2008,
May 22 2008,
May 21 2008,
May 20 2008,
May 19 2008,
May 16 2008,
May 15 2008,
May 14 2008,
May 13 2008,
May 12 2008,
May 9 2008,
May 8 2008,
May 7 2008,
May 6 2008,
May 5 2008,
May 2 2008,
May 1 2008,
April 30 2008,
April 29 2008,
April 28 2008,
April 25 2008,
April 24 2008,
April 23 2008,
April 22 2008,
April 21 2008,
April 18 2008,
April 17 2008,
April 16 2008,
April 15 2008,
April 14 2008,
April 11 2008,
April 10 2008,
April 9 2008,
April 8 2008,
April 7 2008,
April 4 2008,
April 3 2008,
April 2 2008,
April 1 2008,
March 31 2008,
March 28 2008,1.08%
March 27 2008,1.04%
March 26 2008,1.02%
March 25 2008,0.96%
March 24 2008,0.97%
March 20 2008,1.00%
March 19 2008,1.11%
March 18 2008,1.09%
March 17 2008,1.21%
March 14 2008,1.14%
March 13 2008,1.07%
March 12 2008,1.07%
March 11 2008,1.05%
March 10 2008,1.15%
March 7 2008,1.08%
March 6 2008,1.07%
March 5 2008,1.02%
March 4 2008,1.02%
March 3 2008,0.98%
Feb. 29 2008,0.95%
Feb. 28 2008,0.90%
Feb. 27 2008,0.88%
Feb. 26 2008,0.91%
Feb. 25 2008,0.91%
Feb. 22 2008,0.90%
Feb. 21 2008,0.90%
Feb. 20 2008,0.89%
Feb. 19 2008,0.89%
Feb. 15 2008,0.89%
Feb. 14 2008,0.88%
Feb. 13 2008,0.86%
Feb. 12 2008,0.86%
Feb. 11 2008,0.88%
Feb. 8 2008,0.87%
Feb. 7 2008,0.85%
Feb. 6 2008,0.84%
Feb. 5 2008,0.84%
Feb. 4 2008,0.77%
Feb. 1 2008,0.76%
Jan. 31 2008,0.80%
Jan. 30 2008,0.81%
Jan. 29 2008,0.81%
Jan. 28 2008,0.82%
Jan. 25 2008,0.85%
Jan. 24 2008,0.83%
Jan. 23 2008,0.86%
Jan. 22 2008,0.93%
Jan. 18 2008,0.92%
Jan. 17 2008,0.91%
Jan. 16 2008,0.86%
Jan. 15 2008,0.84%
Jan. 14 2008,0.78%
Jan. 11 2008,0.79%
Jan. 10 2008,0.80%
Jan. 9 2008,0.82%
Jan. 8 2008,0.83%
Jan. 7 2008,0.80%
Jan. 4 2008,0.80%
Jan. 3 2008,0.78%
Jan. 2 2008,0.78%
Dec. 31 2007,0.77%
Dec. 28 2007,17.01%
Dec. 27 2007,16.86%
Dec. 26 2007,16.37%
Dec. 24 2007,16.09%
Dec. 21 2007,16.48%
Dec. 20 2007,16.67%
Dec. 19 2007,16.50%
Dec. 18 2007,16.40%
Dec. 17 2007,16.20%
Dec. 14 2007,16.23%
Dec. 13 2007,16.07%
Dec. 12 2007,15.84%
Dec. 11 2007,15.00%
Dec. 10 2007,14.33%
Dec. 7 2007,14.53%
Dec. 6 2007,14.51%
Dec. 5 2007,14.79%
Dec. 4 2007,15.31%
Dec. 3 2007,15.07%
Nov. 30 2007,14.97%
Nov. 29 2007,15.43%
Nov. 28 2007,15.43%
Nov. 27 2007,16.44%
Nov. 26 2007,16.23%
Nov. 23 2007,15.72%
Nov. 21 2007,16.22%
Nov. 20 2007,15.87%
Nov. 19 2007,15.57%
Nov. 16 2007,14.66%
Nov. 15 2007,14.41%
Nov. 14 2007,13.83%
Nov. 13 2007,13.88%
Nov. 12 2007,14.85%
Nov. 9 2007,15.06%
Nov. 8 2007,15.15%
Nov. 7 2007,14.92%
Nov. 6 2007,14.21%
Nov. 5 2007,13.88%
Nov. 2 2007,13.21%
Nov. 1 2007,12.94%
Oct. 31 2007,11.89%
Oct. 30 2007,11.83%
Oct. 29 2007,11.67%
Oct. 26 2007,11.69%
Oct. 25 2007,12.09%
Oct. 24 2007,11.92%
Oct. 23 2007,11.74%
Oct. 22 2007,11.70%
Oct. 19 2007,11.77%
Oct. 18 2007,11.37%
Oct. 17 2007,11.16%
Oct. 16 2007,11.13%
Oct. 15 2007,10.78%
Oct. 12 2007,10.41%
Oct. 11 2007,10.31%
Oct. 10 2007,10.57%
Oct. 9 2007,10.47%
Oct. 8 2007,10.43%
Oct. 5 2007,10.32%
Oct. 4 2007,10.46%
Oct. 3 2007,10.41%
Oct. 2 2007,10.41%
Oct. 1 2007,10.44%
Sept. 28 2007,12.74%
Sept. 27 2007,12.68%
Sept. 26 2007,12.77%
Sept. 25 2007,12.84%
Sept. 24 2007,12.76%
Sept. 21 2007,12.51%
Sept. 20 2007,12.60%
Sept. 19 2007,12.32%
Sept. 18 2007,12.29%
Sept. 17 2007,12.92%
Sept. 14 2007,12.75%
Sept. 13 2007,12.83%
Sept. 12 2007,12.99%
Sept. 11 2007,12.92%
Sept. 10 2007,13.13%
Sept. 7 2007,13.07%
Sept. 6 2007,13.02%
Sept. 5 2007,12.93%
Sept. 4 2007,12.59%
Aug. 31 2007,12.68%
Aug. 30 2007,12.86%
Aug. 29 2007,12.66%
Aug. 28 2007,12.89%
Aug. 27 2007,12.44%
Aug. 24 2007,12.26%
Aug. 23 2007,12.30%
Aug. 22 2007,12.28%
Aug. 21 2007,12.37%
Aug. 20 2007,12.29%
Aug. 17 2007,12.18%
Aug. 16 2007,12.50%
Aug. 15 2007,13.04%
Aug. 14 2007,13.02%
Aug. 13 2007,12.78%
Aug. 10 2007,12.65%
Aug. 9 2007,12.68%
Aug. 8 2007,12.01%
Aug. 7 2007,12.24%
Aug. 6 2007,12.30%
Aug. 3 2007,13.00%
Aug. 2 2007,12.59%
Aug. 1 2007,12.69%
July 31 2007,12.77%
July 30 2007,12.60%
July 27 2007,12.66%
July 26 2007,12.44%
July 25 2007,12.08%
July 24 2007,12.06%
July 23 2007,11.69%
July 20 2007,11.72%
July 19 2007,11.63%
July 18 2007,11.52%
July 17 2007,11.33%
July 16 2007,11.39%
July 13 2007,11.32%
July 12 2007,11.25%
July 11 2007,11.57%
July 10 2007,11.66%
July 9 2007,11.52%
July 6 2007,11.50%
July 5 2007,11.55%
July 3 2007,11.47%
July 2 2007,11.51%
June 29 2007,11.07%
June 28 2007,10.96%
June 27 2007,10.96%
June 26 2007,11.10%
June 25 2007,10.99%
June 22 2007,10.84%
June 21 2007,10.58%
June 20 2007,10.63%
June 19 2007,10.47%
June 18 2007,10.52%
June 15 2007,10.52%
June 14 2007,10.58%
June 13 2007,10.58%
June 12 2007,10.80%
June 11 2007,10.62%
June 8 2007,10.65%
June 7 2007,10.81%
June 6 2007,10.65%
June 5 2007,10.54%
June 4 2007,10.49%
June 1 2007,10.42%
May 31 2007,10.42%
May 30 2007,10.29%
May 29 2007,10.34%
May 25 2007,10.30%
May 24 2007,10.34%
May 23 2007,10.32%
May 22 2007,10.31%
May 21 2007,10.36%
May 18 2007,10.32%
May 17 2007,10.36%
May 16 2007,10.34%
May 15 2007,10.76%
May 14 2007,10.74%
May 11 2007,10.69%
May 10 2007,10.67%
May 9 2007,10.49%
May 8 2007,10.57%
May 7 2007,10.54%
May 4 2007,10.50%
May 3 2007,10.53%
May 2 2007,10.46%
May 1 2007,10.48%
April 30 2007,10.59%
April 27 2007,10.64%
April 26 2007,10.60%
April 25 2007,10.56%
April 24 2007,10.75%
April 23 2007,10.69%
April 20 2007,10.63%
April 19 2007,10.70%
April 18 2007,10.72%
April 17 2007,10.81%
April 16 2007,10.73%
April 13 2007,11.01%
April 12 2007,10.99%
April 11 2007,10.96%
April 10 2007,10.84%
April 9 2007,11.01%
April 5 2007,11.01%
April 4 2007,11.06%
April 3 2007,11.05%
April 2 2007,11.06%
March 30 2007,11.13%
March 29 2007,11.12%
March 28 2007,11.21%
March 27 2007,11.19%
March 26 2007,11.09%
March 23 2007,11.05%
March 22 2007,11.02%
March 21 2007,10.98%
March 20 2007,11.28%
March 19 2007,11.41%
March 16 2007,11.54%
March 15 2007,11.40%
March 14 2007,11.64%
March 13 2007,11.72%
March 12 2007,11.35%
March 9 2007,11.35%
March 8 2007,11.31%
March 7 2007,11.38%
March 6 2007,11.30%
March 5 2007,11.60%
March 2 2007,11.43%
March 1 2007,11.19%
Feb. 28 2007,11.34%
Feb. 27 2007,11.29%
Feb. 26 2007,10.85%
Feb. 23 2007,10.63%
Feb. 22 2007,10.66%
Feb. 21 2007,10.63%
Feb. 20 2007,10.54%
Feb. 16 2007,10.56%
Feb. 15 2007,10.54%
Feb. 14 2007,10.55%
Feb. 13 2007,10.64%
Feb. 12 2007,10.69%
Feb. 9 2007,10.70%
Feb. 8 2007,10.50%
Feb. 7 2007,10.40%
Feb. 6 2007,10.40%
Feb. 5 2007,10.44%
Feb. 2 2007,10.45%
Feb. 1 2007,10.44%
Jan. 31 2007,10.36%
Jan. 30 2007,10.53%
Jan. 29 2007,10.57%
Jan. 26 2007,10.45%
Jan. 25 2007,10.59%
Jan. 24 2007,10.42%
Jan. 23 2007,10.49%
Jan. 22 2007,10.45%
Jan. 19 2007,10.48%
Jan. 18 2007,10.51%
Jan. 17 2007,10.51%
Jan. 16 2007,10.43%
Jan. 12 2007,10.51%
Jan. 11 2007,10.55%
Jan. 10 2007,10.56%
Jan. 9 2007,10.47%
Jan. 8 2007,10.38%
Jan. 5 2007,10.43%
Jan. 4 2007,10.38%
Jan. 3 2007,10.34%
Dec. 29 2006,10.52%
Dec. 28 2006,10.49%
Dec. 27 2006,10.39%
Dec. 26 2006,10.64%
Dec. 22 2006,10.75%
Dec. 21 2006,10.71%
Dec. 20 2006,10.63%
Dec. 19 2006,10.61%
Dec. 18 2006,10.57%
Dec. 15 2006,10.84%
Dec. 14 2006,11.04%
Dec. 13 2006,11.20%
Dec. 12 2006,11.22%
Dec. 11 2006,11.09%
Dec. 8 2006,11.31%
Dec. 7 2006,11.56%
Dec. 6 2006,11.54%
Dec. 5 2006,11.61%
Dec. 4 2006,11.72%
Dec. 1 2006,11.87%
Nov. 30 2006,11.82%
Nov. 29 2006,11.76%
Nov. 28 2006,11.83%
Nov. 27 2006,11.75%
Nov. 24 2006,11.65%
Nov. 22 2006,11.55%
Nov. 21 2006,11.58%
Nov. 20 2006,11.56%
Nov. 17 2006,11.54%
Nov. 16 2006,11.57%
Nov. 15 2006,11.62%
Nov. 14 2006,11.55%
Nov. 13 2006,11.56%
Nov. 10 2006,11.58%
Nov. 9 2006,11.58%
Nov. 8 2006,11.59%
Nov. 7 2006,11.61%
Nov. 6 2006,11.67%
Nov. 3 2006,11.82%
Nov. 2 2006,11.79%
Nov. 1 2006,11.70%
Oct. 31 2006,11.69%
Oct. 30 2006,11.70%
Oct. 27 2006,11.64%
Oct. 26 2006,11.53%
Oct. 25 2006,11.52%
Oct. 24 2006,11.62%
Oct. 23 2006,11.58%
Oct. 20 2006,11.75%
Oct. 19 2006,11.76%
Oct. 18 2006,11.68%
Oct. 17 2006,11.71%
Oct. 16 2006,11.69%
Oct. 13 2006,11.64%
Oct. 12 2006,11.68%
Oct. 11 2006,11.64%
Oct. 10 2006,11.54%
Oct. 9 2006,11.48%
Oct. 6 2006,11.48%
Oct. 5 2006,11.50%
Oct. 4 2006,11.49%
Oct. 3 2006,11.70%
Oct. 2 2006,11.85%
Sept. 29 2006,11.66%
Sept. 28 2006,11.59%
Sept. 27 2006,11.59%
Sept. 26 2006,11.53%
Sept. 25 2006,11.56%
Sept. 22 2006,11.70%
Sept. 21 2006,11.64%
Sept. 20 2006,11.60%
Sept. 19 2006,11.65%
Sept. 18 2006,11.67%
Sept. 15 2006,11.77%
Sept. 14 2006,11.75%
Sept. 13 2006,11.74%
Sept. 12 2006,11.82%
Sept. 11 2006,11.83%
Sept. 8 2006,11.88%
Sept. 7 2006,11.92%
Sept. 6 2006,11.78%
Sept. 5 2006,11.71%
Sept. 1 2006,11.73%
Aug. 31 2006,11.73%
Aug. 30 2006,11.69%
Aug. 29 2006,11.75%
Aug. 28 2006,11.79%
Aug. 25 2006,11.90%
Aug. 24 2006,11.88%
Aug. 23 2006,11.92%
Aug. 22 2006,11.96%
Aug. 21 2006,11.94%
Aug. 18 2006,11.91%
Aug. 17 2006,11.92%
Aug. 16 2006,11.93%
Aug. 15 2006,11.96%
Aug. 14 2006,12.13%
Aug. 11 2006,12.15%
Aug. 10 2006,12.07%
Aug. 9 2006,12.10%
Aug. 8 2006,11.98%
Aug. 7 2006,12.00%
Aug. 4 2006,11.94%
Aug. 3 2006,11.94%
Aug. 2 2006,11.88%
Aug. 1 2006,11.93%
July 31 2006,11.98%
July 28 2006,11.98%
July 27 2006,12.24%
July 26 2006,12.18%
July 25 2006,12.20%
July 24 2006,12.20%
July 21 2006,12.34%
July 20 2006,12.29%
July 19 2006,12.25%
July 18 2006,12.44%
July 17 2006,12.48%
July 14 2006,12.17%
July 13 2006,12.09%
July 12 2006,11.86%
July 11 2006,11.67%
July 10 2006,11.73%
July 7 2006,11.80%
July 6 2006,11.75%
July 5 2006,11.81%
July 3 2006,11.82%
June 30 2006,12.00%
June 29 2006,11.55%
June 28 2006,11.79%
June 27 2006,11.82%
June 26 2006,11.68%
June 23 2006,11.82%
June 22 2006,11.71%
June 21 2006,11.67%
June 20 2006,11.75%
June 19 2006,11.80%
June 16 2006,11.67%
June 15 2006,11.59%
June 14 2006,11.81%
June 13 2006,11.70%
June 12 2006,11.44%
June 9 2006,11.34%
June 8 2006,11.30%
June 7 2006,11.30%
June 6 2006,11.34%
June 5 2006,11.37%
June 2 2006,11.25%
June 1 2006,11.32%
May 31 2006,11.45%
May 30 2006,11.51%
May 26 2006,11.38%
May 25 2006,11.50%
May 24 2006,11.60%
May 23 2006,11.63%
May 22 2006,11.55%
May 19 2006,11.56%
May 18 2006,11.58%
May 17 2006,11.56%
May 16 2006,11.39%
May 15 2006,11.40%
May 12 2006,11.52%
May 11 2006,11.40%
May 10 2006,11.22%
May 9 2006,11.21%
May 8 2006,11.25%
May 5 2006,11.20%
May 4 2006,11.43%
May 3 2006,11.32%
May 2 2006,11.38%
May 1 2006,11.41%
April 28 2006,11.30%
April 27 2006,11.72%
April 26 2006,11.82%
April 25 2006,11.89%
April 24 2006,11.76%
April 21 2006,11.75%
April 20 2006,11.68%
April 19 2006,11.70%
April 18 2006,11.64%
April 17 2006,11.67%
April 13 2006,11.74%
April 12 2006,11.86%
April 11 2006,11.89%
April 10 2006,11.77%
April 7 2006,11.84%
April 6 2006,11.79%
April 5 2006,11.69%
April 4 2006,11.70%
April 3 2006,11.90%
March 31 2006,11.95%
March 30 2006,12.06%
March 29 2006,11.97%
March 28 2006,11.98%
March 27 2006,11.97%
March 24 2006,11.93%
March 23 2006,11.94%
March 22 2006,11.96%
March 21 2006,12.07%
March 20 2006,12.03%
March 17 2006,12.03%
March 16 2006,12.05%
March 15 2006,12.13%
March 14 2006,12.08%
March 13 2006,12.17%
March 10 2006,12.13%
March 9 2006,12.26%
March 8 2006,12.21%
March 7 2006,12.29%
March 6 2006,12.37%
March 3 2006,12.42%
March 2 2006,12.38%
March 1 2006,12.25%
Feb. 28 2006,12.30%
Feb. 27 2006,12.19%
Feb. 24 2006,12.17%
Feb. 23 2006,12.18%
Feb. 22 2006,12.16%
Feb. 21 2006,12.35%
Feb. 17 2006,12.33%
Feb. 16 2006,12.28%
Feb. 15 2006,12.33%
Feb. 14 2006,12.36%
Feb. 13 2006,12.48%
Feb. 10 2006,12.41%
Feb. 9 2006,12.45%
Feb. 8 2006,12.57%
Feb. 7 2006,12.66%
Feb. 6 2006,12.62%
Feb. 3 2006,12.65%
Feb. 2 2006,12.62%
Feb. 1 2006,12.31%
Jan. 31 2006,12.24%
Jan. 30 2006,12.18%
Jan. 27 2006,12.16%
Jan. 26 2006,12.13%
Jan. 25 2006,12.33%
Jan. 24 2006,12.39%
Jan. 23 2006,12.39%
Jan. 20 2006,12.48%
Jan. 19 2006,11.89%
Jan. 18 2006,11.78%
Jan. 17 2006,11.77%
Jan. 13 2006,11.65%
Jan. 12 2006,11.63%
Jan. 11 2006,11.64%
Jan. 10 2006,11.75%
Jan. 9 2006,11.78%
Jan. 6 2006,11.73%
Jan. 5 2006,11.73%
Jan. 4 2006,11.78%
Jan. 3 2006,11.57%
Dec. 30 2005,11.65%
Dec. 29 2005,11.64%
Dec. 28 2005,11.67%
Dec. 27 2005,11.63%
Dec. 23 2005,11.49%
Dec. 22 2005,11.50%
Dec. 21 2005,11.48%
Dec. 20 2005,11.49%
Dec. 19 2005,11.50%
Dec. 16 2005,11.46%
Dec. 15 2005,11.52%
Dec. 14 2005,11.39%
Dec. 13 2005,11.44%
Dec. 12 2005,11.62%
Dec. 9 2005,11.56%
Dec. 8 2005,11.66%
Dec. 7 2005,11.61%
Dec. 6 2005,11.57%
Dec. 5 2005,11.58%
Dec. 2 2005,11.60%
Dec. 1 2005,11.58%
Nov. 30 2005,11.65%
Nov. 29 2005,11.52%
Nov. 28 2005,11.47%
Nov. 25 2005,11.42%
Nov. 23 2005,11.46%
Nov. 22 2005,11.56%
Nov. 21 2005,11.66%
Nov. 18 2005,11.68%
Nov. 17 2005,11.80%
Nov. 16 2005,11.86%
Nov. 15 2005,11.87%
Nov. 14 2005,11.72%
Nov. 11 2005,11.78%
Nov. 10 2005,11.85%
Nov. 9 2005,12.08%
Nov. 8 2005,12.14%
Nov. 7 2005,12.18%
Nov. 4 2005,12.40%
Nov. 3 2005,12.44%
Nov. 2 2005,12.42%
Nov. 1 2005,12.46%
Oct. 31 2005,12.35%
Oct. 28 2005,12.32%
Oct. 27 2005,12.45%
Oct. 26 2005,12.39%
Oct. 25 2005,12.52%
Oct. 24 2005,12.55%
Oct. 21 2005,12.76%
Oct. 20 2005,12.76%
Oct. 19 2005,12.60%
Oct. 18 2005,12.72%
Oct. 17 2005,12.62%
Oct. 14 2005,12.56%
Oct. 13 2005,12.65%
Oct. 12 2005,12.68%
Oct. 11 2005,12.62%
Oct. 10 2005,12.50%
Oct. 7 2005,12.45%
Oct. 6 2005,12.45%
Oct. 5 2005,12.49%
Oct. 4 2005,12.47%
Oct. 3 2005,12.43%
Sept. 30 2005,12.42%
Sept. 29 2005,12.39%
Sept. 28 2005,12.52%
Sept. 27 2005,12.54%
Sept. 26 2005,12.54%
Sept. 23 2005,12.50%
Sept. 22 2005,12.52%
Sept. 21 2005,12.62%
Sept. 20 2005,12.52%
Sept. 19 2005,12.47%
Sept. 16 2005,12.44%
Sept. 15 2005,12.56%
Sept. 14 2005,12.57%
Sept. 13 2005,12.54%
Sept. 12 2005,12.56%
Sept. 9 2005,12.68%
Sept. 8 2005,12.72%
Sept. 7 2005,12.72%
Sept. 6 2005,12.76%
Sept. 2 2005,12.89%
Sept. 1 2005,12.94%
Aug. 31 2005,12.92%
Aug. 30 2005,13.07%
Aug. 29 2005,12.99%
Aug. 26 2005,13.12%
Aug. 25 2005,13.07%
Aug. 24 2005,13.14%
Aug. 23 2005,12.98%
Aug. 22 2005,12.79%
Aug. 19 2005,12.81%
Aug. 18 2005,12.79%
Aug. 17 2005,12.82%
Aug. 16 2005,12.81%
Aug. 15 2005,12.91%
Aug. 12 2005,12.96%
Aug. 11 2005,13.00%
Aug. 10 2005,13.06%
Aug. 9 2005,12.97%
Aug. 8 2005,13.06%
Aug. 5 2005,12.96%
Aug. 4 2005,12.88%
Aug. 3 2005,12.84%
Aug. 2 2005,12.83%
Aug. 1 2005,12.94%
July 29 2005,13.00%
July 28 2005,12.89%
July 27 2005,12.74%
July 26 2005,12.68%
July 25 2005,12.70%
July 22 2005,12.73%
July 21 2005,12.81%
July 20 2005,12.79%
July 19 2005,12.74%
July 18 2005,12.57%
July 15 2005,12.18%
July 14 2005,12.16%
July 13 2005,12.36%
July 12 2005,12.29%
July 11 2005,12.26%
July 8 2005,12.16%
July 7 2005,12.22%
July 6 2005,12.21%
July 5 2005,12.17%
July 1 2005,12.25%
June 30 2005,12.23%
June 29 2005,9.51%
June 28 2005,9.46%
June 27 2005,9.51%
June 24 2005,9.48%
June 23 2005,9.49%
June 22 2005,9.38%
June 21 2005,9.40%
June 20 2005,9.39%
June 17 2005,9.38%
June 16 2005,9.36%
June 15 2005,9.39%
June 14 2005,9.39%
June 13 2005,9.35%
June 10 2005,9.34%
June 9 2005,9.33%
June 8 2005,9.32%
June 7 2005,9.34%
June 6 2005,9.33%
June 3 2005,9.36%
June 2 2005,9.33%
June 1 2005,9.32%
May 31 2005,9.45%
May 27 2005,9.41%
May 26 2005,9.39%
May 25 2005,9.38%
May 24 2005,9.33%
May 23 2005,9.35%
May 20 2005,9.31%
May 19 2005,9.30%
May 18 2005,9.32%
May 17 2005,9.44%
May 16 2005,9.51%
May 13 2005,9.69%
May 12 2005,9.59%
May 11 2005,9.53%
May 10 2005,9.59%
May 9 2005,9.50%
May 6 2005,9.55%
May 5 2005,9.49%
May 4 2005,9.47%
May 3 2005,9.51%
May 2 2005,9.56%
April 29 2005,9.48%
April 28 2005,9.63%
April 27 2005,9.46%
April 26 2005,9.54%
April 25 2005,9.51%
April 22 2005,9.61%
April 21 2005,9.62%
April 20 2005,9.65%
April 19 2005,9.60%
April 18 2005,9.63%
April 15 2005,9.73%
April 14 2005,9.80%
April 13 2005,9.71%
April 12 2005,9.58%
April 11 2005,9.76%
April 8 2005,9.80%
April 7 2005,9.79%
April 6 2005,9.86%
April 5 2005,9.90%
April 4 2005,9.98%
April 1 2005,9.97%
March 31 2005,9.90%
March 30 2005,9.76%
March 29 2005,9.89%
March 28 2005,9.80%
March 24 2005,9.85%
March 23 2005,9.87%
March 22 2005,9.87%
March 21 2005,9.58%
March 18 2005,9.36%
March 17 2005,9.28%
March 16 2005,9.26%
March 15 2005,9.18%
March 14 2005,9.10%
March 11 2005,9.18%
March 10 2005,9.11%
March 9 2005,9.16%
March 8 2005,9.05%
March 7 2005,9.05%
March 4 2005,9.06%
March 3 2005,9.14%
March 2 2005,9.11%
March 1 2005,9.16%
Feb. 28 2005,9.19%
Feb. 25 2005,9.08%
Feb. 24 2005,9.08%
Feb. 23 2005,9.07%
Feb. 22 2005,9.15%
Feb. 18 2005,9.03%
Feb. 17 2005,8.99%
Feb. 16 2005,8.92%
Feb. 15 2005,8.88%
Feb. 14 2005,8.91%
Feb. 11 2005,8.88%
Feb. 10 2005,8.95%
Feb. 9 2005,8.92%
Feb. 8 2005,8.86%
Feb. 7 2005,8.82%
Feb. 4 2005,8.81%
Feb. 3 2005,8.92%
Feb. 2 2005,8.83%
Feb. 1 2005,8.86%
Jan. 31 2005,8.94%
Jan. 28 2005,9.07%
Jan. 27 2005,9.03%
Jan. 26 2005,9.05%
Jan. 25 2005,9.04%
Jan. 24 2005,9.07%
Jan. 21 2005,9.15%
Jan. 20 2005,9.18%
Jan. 19 2005,9.13%
Jan. 18 2005,9.11%
Jan. 14 2005,9.23%
Jan. 13 2005,9.21%
Jan. 12 2005,9.12%
Jan. 11 2005,9.10%
Jan. 10 2005,9.07%
Jan. 7 2005,9.02%
Jan. 6 2005,8.96%
Jan. 5 2005,9.05%
Jan. 4 2005,9.16%
Jan. 3 2005,9.09%
Dec. 31 2004,9.10%
Dec. 30 2004,9.00%
Dec. 29 2004,9.01%
Dec. 28 2004,8.94%
Dec. 27 2004,8.95%
Dec. 23 2004,8.87%
Dec. 22 2004,8.95%
Dec. 21 2004,9.16%
Dec. 20 2004,9.26%
Dec. 17 2004,9.28%
Dec. 16 2004,9.19%
Dec. 15 2004,9.14%
Dec. 14 2004,9.23%
Dec. 13 2004,9.25%
Dec. 10 2004,9.42%
Dec. 9 2004,9.31%
Dec. 8 2004,9.34%
Dec. 7 2004,9.40%
Dec. 6 2004,9.37%
Dec. 3 2004,9.47%
Dec. 2 2004,9.45%
Dec. 1 2004,9.41%
Nov. 30 2004,9.66%
Nov. 29 2004,9.62%
Nov. 26 2004,9.52%
Nov. 24 2004,9.50%
Nov. 23 2004,9.57%
Nov. 22 2004,9.57%
Nov. 19 2004,9.58%
Nov. 18 2004,9.42%
Nov. 17 2004,9.36%
Nov. 16 2004,9.39%
Nov. 15 2004,9.27%
Nov. 12 2004,9.19%
Nov. 11 2004,9.35%
Nov. 10 2004,9.39%
Nov. 9 2004,9.36%
Nov. 8 2004,9.35%
Nov. 5 2004,9.37%
Nov. 4 2004,9.38%
Nov. 3 2004,9.55%
Nov. 2 2004,9.63%
Nov. 1 2004,9.76%
Oct. 29 2004,9.75%
Oct. 28 2004,9.77%
Oct. 27 2004,9.84%
Oct. 26 2004,9.98%
Oct. 25 2004,10.16%
Oct. 22 2004,10.16%
Oct. 21 2004,10.07%
Oct. 20 2004,9.99%
Oct. 19 2004,9.92%
Oct. 18 2004,9.78%
Oct. 15 2004,9.84%
Oct. 14 2004,9.90%
Oct. 13 2004,9.80%
Oct. 12 2004,9.65%
Oct. 11 2004,9.64%
Oct. 8 2004,9.70%
Oct. 7 2004,9.66%
Oct. 6 2004,9.67%
Oct. 5 2004,9.71%
Oct. 4 2004,9.67%
Oct. 1 2004,9.64%
Sept. 30 2004,9.80%
Sept. 29 2004,9.56%
Sept. 28 2004,9.65%
Sept. 27 2004,9.80%
Sept. 24 2004,9.68%
Sept. 23 2004,9.74%
Sept. 22 2004,9.63%
Sept. 21 2004,9.36%
Sept. 20 2004,9.41%
Sept. 17 2004,9.10%
Sept. 16 2004,9.06%
Sept. 15 2004,9.10%
Sept. 14 2004,9.06%
Sept. 13 2004,9.09%
Sept. 10 2004,9.05%
Sept. 9 2004,9.10%
Sept. 8 2004,9.13%
Sept. 7 2004,9.05%
Sept. 3 2004,9.13%
Sept. 2 2004,9.10%
Sept. 1 2004,9.20%
Aug. 31 2004,9.18%
Aug. 30 2004,9.21%
Aug. 27 2004,9.15%
Aug. 26 2004,9.20%
Aug. 25 2004,9.23%
Aug. 24 2004,9.31%
Aug. 23 2004,9.33%
Aug. 20 2004,9.30%
Aug. 19 2004,9.43%
Aug. 18 2004,9.37%
Aug. 17 2004,9.47%
Aug. 16 2004,9.55%
Aug. 13 2004,9.70%
Aug. 12 2004,9.74%
Aug. 11 2004,9.66%
Aug. 10 2004,9.70%
Aug. 9 2004,9.83%
Aug. 6 2004,9.90%
Aug. 5 2004,9.75%
Aug. 4 2004,9.63%
Aug. 3 2004,9.71%
Aug. 2 2004,9.64%
July 30 2004,9.69%
July 29 2004,9.65%
July 28 2004,9.70%
July 27 2004,9.74%
July 26 2004,9.76%
July 23 2004,9.65%
July 22 2004,9.58%
July 21 2004,9.72%
July 20 2004,9.71%
July 19 2004,9.69%
July 16 2004,9.80%
July 15 2004,9.65%
July 14 2004,9.48%
July 13 2004,9.44%
July 12 2004,9.50%
July 9 2004,9.49%
July 8 2004,9.46%
July 7 2004,9.37%
July 6 2004,9.41%
July 2 2004,9.34%
July 1 2004,9.29%
June 30 2004,9.17%
June 29 2004,11.48%
June 28 2004,11.43%
June 25 2004,11.37%
June 24 2004,11.29%
June 23 2004,11.26%
June 22 2004,11.33%
June 21 2004,11.26%
June 18 2004,11.20%
June 17 2004,11.30%
June 16 2004,11.30%
June 15 2004,11.33%
June 14 2004,11.38%
June 10 2004,11.24%
June 9 2004,11.31%
June 8 2004,11.21%
June 7 2004,11.19%
June 4 2004,11.44%
June 3 2004,11.42%
June 2 2004,11.31%
June 1 2004,11.38%
May 28 2004,11.46%
May 27 2004,11.46%
May 26 2004,11.47%
May 25 2004,11.44%
May 24 2004,11.72%
May 21 2004,11.77%
May 20 2004,11.75%
May 19 2004,11.82%
May 18 2004,11.77%
May 17 2004,11.81%
May 14 2004,11.65%
May 13 2004,11.52%
May 12 2004,11.49%
May 11 2004,11.64%
May 10 2004,11.77%
May 7 2004,11.39%
May 6 2004,11.16%
May 5 2004,10.94%
May 4 2004,10.89%
May 3 2004,11.01%
April 30 2004,11.04%
April 29 2004,11.05%
April 28 2004,10.99%
April 27 2004,10.87%
April 26 2004,10.88%
April 23 2004,10.81%
April 22 2004,10.71%
April 21 2004,10.83%
April 20 2004,10.81%
April 19 2004,10.65%
April 16 2004,10.62%
April 15 2004,10.66%
April 14 2004,10.44%
April 13 2004,10.39%
April 12 2004,10.22%
April 8 2004,10.32%
April 7 2004,10.29%
April 6 2004,10.18%
April 5 2004,10.19%
April 2 2004,10.27%
April 1 2004,10.17%
March 31 2004,10.29%
March 30 2004,9.76%
March 29 2004,9.88%
March 26 2004,10.13%
March 25 2004,10.09%
March 24 2004,10.18%
March 23 2004,10.18%
March 22 2004,10.22%
March 19 2004,10.07%
March 18 2004,9.89%
March 17 2004,9.98%
March 16 2004,10.14%
March 15 2004,10.32%
March 12 2004,10.28%
March 11 2004,10.43%
March 10 2004,10.30%
March 9 2004,10.17%
March 8 2004,10.15%
March 5 2004,10.14%
March 4 2004,10.27%
March 3 2004,10.18%
March 2 2004,10.19%
March 1 2004,10.05%
Feb. 27 2004,10.09%
Feb. 26 2004,10.14%
Feb. 25 2004,10.17%
Feb. 24 2004,10.26%
Feb. 23 2004,10.28%
Feb. 20 2004,10.37%
Feb. 19 2004,10.32%
Feb. 18 2004,10.23%
Feb. 17 2004,10.16%
Feb. 13 2004,10.25%
Feb. 12 2004,10.24%
Feb. 11 2004,10.19%
Feb. 10 2004,10.36%
Feb. 9 2004,10.32%
Feb. 6 2004,10.28%
Feb. 5 2004,10.54%
Feb. 4 2004,10.44%
Feb. 3 2004,10.37%
Feb. 2 2004,10.30%
Jan. 30 2004,10.25%
Jan. 29 2004,10.25%
Jan. 28 2004,10.30%
Jan. 27 2004,10.13%
Jan. 26 2004,9.96%
Jan. 23 2004,10.08%
Jan. 22 2004,10.00%
Jan. 21 2004,10.07%
Jan. 20 2004,10.29%
Jan. 16 2004,10.24%
Jan. 15 2004,10.24%
Jan. 14 2004,10.14%
Jan. 13 2004,10.22%
Jan. 12 2004,10.17%
Jan. 9 2004,10.16%
Jan. 8 2004,10.12%
Jan. 7 2004,10.16%
Jan. 6 2004,10.17%
Jan. 5 2004,10.18%
Jan. 2 2004,10.35%
Dec. 31 2003,10.45%
Dec. 30 2003,9.20%
Dec. 29 2003,9.21%
Dec. 26 2003,9.31%
Dec. 24 2003,9.31%
Dec. 23 2003,9.27%
Dec. 22 2003,9.19%
Dec. 19 2003,9.23%
Dec. 18 2003,9.31%
Dec. 17 2003,9.39%
Dec. 16 2003,9.30%
Dec. 15 2003,9.33%
Dec. 12 2003,9.37%
Dec. 11 2003,9.37%
Dec. 10 2003,9.41%
Dec. 9 2003,9.46%
Dec. 8 2003,9.41%
Dec. 5 2003,9.57%
Dec. 4 2003,9.44%
Dec. 3 2003,9.49%
Dec. 2 2003,9.44%
Dec. 1 2003,9.37%
Nov. 28 2003,9.48%
Nov. 26 2003,9.49%
Nov. 25 2003,9.50%
Nov. 24 2003,9.54%
Nov. 21 2003,9.62%
Nov. 20 2003,9.74%
Nov. 19 2003,9.70%
Nov. 18 2003,9.78%
Nov. 17 2003,9.63%
Nov. 14 2003,9.60%
Nov. 13 2003,9.46%
Nov. 12 2003,9.40%
Nov. 11 2003,9.40%
Nov. 10 2003,9.30%
Nov. 7 2003,9.33%
Nov. 6 2003,9.12%
Nov. 5 2003,9.22%
Nov. 4 2003,9.22%
Nov. 3 2003,9.28%
Oct. 31 2003,9.40%
Oct. 30 2003,9.38%
Oct. 29 2003,9.37%
Oct. 28 2003,9.37%
Oct. 27 2003,9.54%
Oct. 24 2003,9.36%
Oct. 23 2003,9.33%
Oct. 22 2003,9.44%
Oct. 21 2003,9.37%
Oct. 20 2003,9.26%
Oct. 17 2003,9.21%
Oct. 16 2003,9.10%
Oct. 15 2003,9.12%
Oct. 14 2003,9.10%
Oct. 13 2003,9.11%
Oct. 10 2003,9.30%
Oct. 9 2003,9.31%
Oct. 8 2003,9.37%
Oct. 7 2003,9.32%
Oct. 6 2003,9.42%
Oct. 3 2003,9.46%
Oct. 2 2003,9.43%
Oct. 1 2003,9.48%
Sept. 30 2003,9.79%
Sept. 29 2003,9.11%
Sept. 26 2003,9.26%
Sept. 25 2003,9.13%
Sept. 24 2003,9.02%
Sept. 23 2003,8.90%
Sept. 22 2003,9.05%
Sept. 19 2003,8.94%
Sept. 18 2003,9.00%
Sept. 17 2003,9.34%
Sept. 16 2003,9.39%
Sept. 15 2003,9.51%
Sept. 12 2003,9.48%
Sept. 11 2003,9.50%
Sept. 10 2003,9.55%
Sept. 9 2003,9.48%
Sept. 8 2003,9.43%
Sept. 5 2003,9.47%
Sept. 4 2003,9.46%
Sept. 3 2003,9.44%
Sept. 2 2003,9.50%
Aug. 29 2003,9.69%
Aug. 28 2003,9.75%
Aug. 27 2003,9.77%
Aug. 26 2003,9.70%
Aug. 25 2003,9.78%
Aug. 22 2003,9.74%
Aug. 21 2003,9.56%
Aug. 20 2003,9.51%
Aug. 19 2003,9.46%
Aug. 18 2003,9.40%
Aug. 15 2003,9.35%
Aug. 14 2003,9.30%
Aug. 13 2003,9.34%
Aug. 12 2003,9.29%
Aug. 11 2003,9.43%
Aug. 8 2003,9.46%
Aug. 7 2003,9.52%
Aug. 6 2003,9.65%
Aug. 5 2003,9.75%
Aug. 4 2003,9.57%
Aug. 1 2003,9.66%
July 31 2003,9.37%
July 30 2003,9.28%
July 29 2003,9.24%
July 28 2003,9.17%
July 25 2003,9.18%
July 24 2003,9.36%
July 23 2003,9.20%
July 22 2003,9.24%
July 21 2003,9.34%
July 18 2003,9.18%
July 17 2003,9.37%
July 16 2003,9.22%
July 15 2003,8.97%
July 14 2003,8.91%
July 11 2003,9.10%
July 10 2003,9.29%
July 9 2003,9.13%
July 8 2003,9.26%
July 7 2003,9.34%
July 3 2003,9.57%
July 2 2003,9.46%
July 1 2003,9.59%
June 30 2003,9.81%
June 27 2003,9.57%
June 26 2003,9.41%
June 25 2003,9.56%
June 24 2003,9.48%
June 23 2003,9.55%
June 20 2003,9.34%
June 19 2003,9.40%
June 18 2003,9.16%
June 17 2003,9.03%
June 16 2003,9.10%
June 13 2003,9.33%
June 12 2003,9.34%
June 11 2003,9.33%
June 10 2003,9.53%
June 9 2003,9.60%
June 6 2003,9.42%
June 5 2003,9.46%
June 4 2003,9.57%
June 3 2003,9.74%
June 2 2003,9.95%
May 30 2003,10.03%
May 29 2003,10.09%
May 28 2003,10.00%
May 27 2003,10.24%
May 23 2003,10.53%
May 22 2003,10.63%
May 21 2003,10.59%
May 20 2003,10.68%
May 19 2003,10.76%
May 16 2003,10.51%
May 15 2003,10.43%
May 14 2003,10.58%
May 13 2003,10.48%
May 12 2003,10.45%
May 9 2003,10.54%
May 8 2003,10.50%
May 7 2003,10.28%
May 6 2003,10.30%
May 5 2003,10.41%
May 2 2003,10.37%
May 1 2003,10.55%
April 30 2003,10.48%
April 29 2003,10.52%
April 28 2003,10.48%
April 25 2003,10.70%
April 24 2003,10.51%
April 23 2003,10.21%
April 22 2003,10.30%
April 21 2003,10.63%
April 17 2003,10.54%
April 16 2003,10.76%
April 15 2003,10.48%
April 14 2003,10.71%
April 11 2003,11.02%
April 10 2003,11.14%
April 9 2003,11.11%
April 8 2003,10.94%
April 7 2003,11.06%
April 4 2003,11.05%
April 3 2003,11.27%
April 2 2003,11.11%
April 1 2003,11.56%
March 31 2003,11.95%
March 28 2003,11.22%
March 27 2003,11.07%
March 26 2003,11.08%
March 25 2003,11.07%
March 24 2003,11.14%
March 21 2003,10.69%
March 20 2003,11.09%
March 19 2003,11.21%
March 18 2003,11.45%
March 17 2003,11.62%
March 14 2003,11.78%
March 13 2003,11.91%
March 12 2003,12.56%
March 11 2003,12.60%
March 10 2003,12.35%
March 7 2003,11.99%
March 6 2003,12.12%
March 5 2003,11.98%
March 4 2003,12.28%
March 3 2003,12.03%
Feb. 28 2003,11.92%
Feb. 27 2003,12.10%
Feb. 26 2003,12.32%
Feb. 25 2003,12.09%
Feb. 24 2003,12.26%
Feb. 21 2003,11.97%
Feb. 20 2003,12.10%
Feb. 19 2003,11.92%
Feb. 18 2003,11.96%
Feb. 14 2003,12.22%
Feb. 13 2003,12.49%
Feb. 12 2003,12.65%
Feb. 11 2003,12.40%
Feb. 10 2003,12.09%
Feb. 7 2003,12.08%
Feb. 6 2003,11.99%
Feb. 5 2003,11.81%
Feb. 4 2003,11.82%
Feb. 3 2003,11.47%
Jan. 31 2003,11.56%
Jan. 30 2003,11.62%
Jan. 29 2003,11.18%
Jan. 28 2003,11.21%
Jan. 27 2003,11.33%
Jan. 24 2003,11.11%
Jan. 23 2003,10.70%
Jan. 22 2003,11.07%
Jan. 21 2003,11.00%
Jan. 17 2003,10.80%
Jan. 16 2003,10.71%
Jan. 15 2003,10.61%
Jan. 14 2003,10.48%
Jan. 13 2003,10.73%
Jan. 10 2003,10.61%
Jan. 9 2003,10.74%
Jan. 8 2003,10.83%
Jan. 7 2003,10.75%
Jan. 6 2003,10.65%
Jan. 3 2003,11.01%
Jan. 2 2003,10.94%
Dec. 31 2002,11.30%
Dec. 30 2002,12.20%
Dec. 27 2002,12.23%
Dec. 26 2002,11.94%
Dec. 24 2002,11.79%
Dec. 23 2002,11.42%
Dec. 20 2002,11.28%
Dec. 19 2002,11.63%
Dec. 18 2002,11.58%
Dec. 17 2002,11.59%
Dec. 16 2002,11.48%
Dec. 13 2002,11.95%
Dec. 12 2002,11.75%
Dec. 11 2002,11.86%
Dec. 10 2002,11.69%
Dec. 9 2002,11.90%
Dec. 6 2002,11.45%
Dec. 5 2002,11.58%
Dec. 4 2002,11.36%
Dec. 3 2002,11.36%
Dec. 2 2002,11.17%
Nov. 29 2002,11.06%
Nov. 27 2002,11.04%
Nov. 26 2002,11.58%
Nov. 25 2002,11.13%
Nov. 22 2002,11.16%
Nov. 21 2002,11.05%
Nov. 20 2002,11.38%
Nov. 19 2002,11.80%
Nov. 18 2002,12.01%
Nov. 15 2002,11.66%
Nov. 14 2002,11.90%
Nov. 13 2002,12.29%
Nov. 12 2002,11.82%
Nov. 11 2002,12.05%
Nov. 8 2002,11.67%
Nov. 7 2002,11.80%
Nov. 6 2002,11.35%
Nov. 5 2002,11.32%
Nov. 4 2002,11.44%
Nov. 1 2002,11.43%
Oct. 31 2002,11.64%
Oct. 30 2002,11.60%
Oct. 29 2002,11.79%
Oct. 28 2002,11.85%
Oct. 25 2002,12.05%
Oct. 24 2002,12.41%
Oct. 23 2002,12.12%
Oct. 22 2002,12.11%
Oct. 21 2002,12.11%
Oct. 18 2002,12.30%
Oct. 17 2002,12.03%
Oct. 16 2002,12.71%
Oct. 15 2002,12.60%
Oct. 14 2002,14.19%
Oct. 11 2002,14.15%
Oct. 10 2002,15.06%
Oct. 9 2002,16.00%
Oct. 8 2002,15.45%
Oct. 7 2002,16.09%
Oct. 4 2002,15.37%
Oct. 3 2002,15.09%
Oct. 2 2002,14.53%
Oct. 1 2002,13.88%
Sept. 30 2002,14.51%
Sept. 27 2002,14.39%
Sept. 26 2002,14.15%
Sept. 25 2002,14.87%
Sept. 24 2002,15.35%
Sept. 23 2002,15.14%
Sept. 20 2002,15.56%
Sept. 19 2002,15.10%
Sept. 18 2002,14.34%
Sept. 17 2002,14.01%
Sept. 16 2002,13.97%
Sept. 13 2002,14.21%
Sept. 12 2002,14.32%
Sept. 11 2002,13.85%
Sept. 10 2002,13.52%
Sept. 9 2002,13.44%
Sept. 6 2002,13.79%
Sept. 5 2002,14.25%
Sept. 4 2002,13.78%
Sept. 3 2002,14.20%
Aug. 30 2002,12.75%
Aug. 29 2002,12.72%
Aug. 28 2002,12.59%
Aug. 27 2002,12.21%
Aug. 26 2002,12.14%
Aug. 23 2002,12.28%
Aug. 22 2002,11.87%
Aug. 21 2002,12.15%
Aug. 20 2002,11.66%
Aug. 19 2002,11.48%
Aug. 16 2002,11.96%
Aug. 15 2002,11.65%
Aug. 14 2002,11.85%
Aug. 13 2002,12.61%
Aug. 12 2002,12.25%
Aug. 9 2002,12.17%
Aug. 8 2002,12.31%
Aug. 7 2002,13.24%
Aug. 6 2002,13.73%
Aug. 5 2002,14.57%
Aug. 2 2002,13.52%
Aug. 1 2002,12.92%
July 31 2002,12.45%
July 30 2002,12.30%
July 29 2002,12.53%
July 26 2002,13.58%
July 25 2002,14.08%
July 24 2002,14.11%
July 23 2002,15.46%
July 22 2002,13.03%
July 19 2002,11.60%
July 18 2002,11.31%
July 17 2002,11.30%
July 16 2002,11.51%
July 15 2002,11.71%
July 12 2002,11.48%
July 11 2002,11.56%
July 10 2002,11.25%
July 9 2002,11.11%
July 8 2002,10.85%
July 5 2002,10.56%
July 3 2002,11.28%
July 2 2002,11.14%
July 1 2002,10.85%
June 28 2002,10.70%
June 27 2002,10.59%
June 26 2002,11.21%
June 25 2002,10.60%
June 24 2002,10.47%
June 21 2002,10.42%
June 20 2002,10.24%
June 19 2002,9.86%
June 18 2002,9.68%
June 17 2002,9.68%
June 14 2002,10.31%
June 13 2002,10.32%
June 12 2002,10.22%
June 11 2002,10.18%
June 10 2002,10.05%
June 7 2002,10.11%
June 6 2002,9.87%
June 5 2002,9.87%
June 4 2002,9.87%
June 3 2002,9.78%
May 31 2002,9.60%
May 30 2002,9.57%
May 29 2002,9.53%
May 28 2002,9.43%
May 24 2002,9.25%
May 23 2002,9.14%
May 22 2002,9.21%
May 21 2002,9.16%
May 20 2002,9.04%
May 17 2002,8.86%
May 16 2002,8.95%
May 15 2002,8.99%
May 14 2002,9.13%
May 13 2002,9.37%
May 10 2002,9.58%
May 9 2002,9.31%
May 8 2002,9.26%
May 7 2002,9.84%
May 6 2002,9.77%
May 3 2002,9.36%
May 2 2002,9.22%
May 1 2002,9.43%
April 30 2002,9.58%
April 29 2002,9.67%
April 26 2002,9.63%
April 25 2002,9.39%
April 24 2002,9.28%
April 23 2002,9.11%
April 22 2002,9.12%
April 19 2002,8.91%
April 18 2002,8.81%
April 17 2002,8.71%
April 16 2002,8.62%
April 15 2002,9.03%
April 12 2002,8.80%
April 11 2002,8.87%
April 10 2002,8.53%
April 9 2002,8.49%
April 8 2002,8.53%
April 5 2002,8.52%
April 4 2002,8.52%
April 3 2002,8.50%
April 2 2002,8.38%
April 1 2002,8.38%
March 28 2002,8.49%
March 27 2002,8.41%
March 26 2002,8.56%
March 25 2002,8.64%
March 22 2002,8.44%
March 21 2002,8.48%
March 20 2002,8.54%
March 19 2002,8.43%
March 18 2002,8.49%
March 15 2002,8.46%
March 14 2002,8.61%
March 13 2002,8.69%
March 12 2002,8.52%
March 11 2002,8.60%
March 8 2002,8.60%
March 7 2002,8.63%
March 6 2002,8.63%
March 5 2002,8.82%
March 4 2002,8.83%
March 1 2002,9.18%
Feb. 28 2002,9.29%
Feb. 27 2002,9.50%
Feb. 26 2002,9.60%
Feb. 25 2002,9.60%
Feb. 22 2002,9.92%
Feb. 21 2002,9.82%
Feb. 20 2002,9.66%
Feb. 19 2002,9.96%
Feb. 15 2002,9.53%
Feb. 14 2002,9.23%
Feb. 13 2002,9.27%
Feb. 12 2002,9.31%
Feb. 11 2002,9.18%
Feb. 8 2002,9.24%
Feb. 7 2002,9.53%
Feb. 6 2002,9.56%
Feb. 5 2002,9.39%
Feb. 4 2002,9.49%
Feb. 1 2002,9.04%
Jan. 31 2002,8.95%
Jan. 30 2002,8.85%
Jan. 29 2002,9.00%
Jan. 28 2002,8.53%
Jan. 25 2002,8.47%
Jan. 24 2002,8.43%
Jan. 23 2002,8.50%
Jan. 22 2002,8.55%
Jan. 18 2002,8.42%
Jan. 17 2002,8.43%
Jan. 16 2002,8.61%
Jan. 15 2002,8.46%
Jan. 14 2002,8.60%
Jan. 11 2002,8.57%
Jan. 10 2002,8.44%
Jan. 9 2002,8.45%
Jan. 8 2002,8.49%
Jan. 7 2002,8.18%
Jan. 4 2002,8.09%
Jan. 3 2002,8.26%
Jan. 2 2002,8.24%
Dec. 31 2001,8.33%
Dec. 28 2001,7.18%
Dec. 27 2001,7.24%
Dec. 26 2001,7.32%
Dec. 24 2001,7.34%
Dec. 21 2001,7.33%
Dec. 20 2001,7.39%
Dec. 19 2001,7.35%
Dec. 18 2001,7.64%
Dec. 17 2001,7.79%
Dec. 14 2001,7.91%
Dec. 13 2001,7.78%
Dec. 12 2001,7.63%
Dec. 11 2001,7.56%
Dec. 10 2001,7.61%
Dec. 7 2001,7.47%
Dec. 6 2001,7.41%
Dec. 5 2001,7.50%
Dec. 4 2001,7.68%
Dec. 3 2001,7.83%
Nov. 30 2001,7.65%
Nov. 29 2001,7.67%
Nov. 28 2001,7.69%
Nov. 27 2001,7.27%
Nov. 26 2001,7.23%
Nov. 23 2001,7.36%
Nov. 21 2001,7.51%
Nov. 20 2001,7.41%
Nov. 19 2001,7.41%
Nov. 16 2001,7.53%
Nov. 15 2001,7.34%
Nov. 14 2001,7.33%
Nov. 13 2001,7.35%
Nov. 12 2001,7.62%
Nov. 9 2001,7.61%
Nov. 8 2001,7.58%
Nov. 7 2001,7.64%
Nov. 6 2001,7.73%
Nov. 5 2001,7.75%
Nov. 2 2001,7.83%
Nov. 1 2001,7.94%
Oct. 31 2001,8.07%
Oct. 30 2001,8.08%
Oct. 29 2001,7.92%
Oct. 26 2001,7.56%
Oct. 25 2001,7.64%
Oct. 24 2001,7.83%
Oct. 23 2001,7.69%
Oct. 22 2001,7.82%
Oct. 19 2001,8.08%
Oct. 18 2001,7.90%
Oct. 17 2001,7.89%
Oct. 16 2001,7.98%
Oct. 15 2001,8.20%
Oct. 12 2001,8.15%
Oct. 11 2001,8.03%
Oct. 10 2001,8.29%
Oct. 9 2001,8.60%
Oct. 8 2001,8.66%
Oct. 5 2001,8.52%
Oct. 4 2001,8.42%
Oct. 3 2001,8.45%
Oct. 2 2001,8.70%
Oct. 1 2001,8.80%
Sept. 28 2001,9.29%
Sept. 27 2001,9.44%
Sept. 26 2001,9.57%
Sept. 25 2001,9.64%
Sept. 24 2001,9.65%
Sept. 21 2001,10.54%
Sept. 20 2001,10.35%
Sept. 19 2001,9.79%
Sept. 18 2001,9.53%
Sept. 17 2001,9.50%
Sept. 10 2001,8.86%
Sept. 7 2001,8.67%
Sept. 6 2001,8.54%
Sept. 5 2001,8.26%
Sept. 4 2001,8.15%
Aug. 31 2001,8.22%
Aug. 30 2001,8.26%
Aug. 29 2001,8.10%
Aug. 28 2001,8.00%
Aug. 27 2001,7.84%
Aug. 24 2001,7.79%
Aug. 23 2001,8.04%
Aug. 22 2001,8.01%
Aug. 21 2001,8.01%
Aug. 20 2001,7.94%
Aug. 17 2001,8.07%
Aug. 16 2001,7.86%
Aug. 15 2001,7.74%
Aug. 14 2001,7.72%
Aug. 13 2001,7.66%
Aug. 10 2001,7.58%
Aug. 9 2001,7.62%
Aug. 8 2001,7.59%
Aug. 7 2001,7.41%
Aug. 6 2001,7.47%
Aug. 3 2001,7.36%
Aug. 2 2001,7.37%
Aug. 1 2001,7.43%
July 31 2001,7.49%
July 30 2001,7.58%
July 27 2001,7.52%
July 26 2001,7.53%
July 25 2001,7.62%
July 24 2001,7.68%
July 23 2001,7.49%
July 20 2001,7.44%
July 19 2001,7.50%
July 18 2001,7.43%
July 17 2001,7.42%
July 16 2001,7.66%
July 13 2001,7.70%
July 12 2001,7.73%
July 11 2001,7.90%
July 10 2001,7.66%
July 9 2001,7.40%
July 6 2001,7.41%
July 5 2001,7.20%
July 3 2001,7.09%
July 2 2001,7.04%
June 29 2001,6.93%
June 28 2001,6.96%
June 27 2001,7.08%
June 26 2001,7.02%
June 25 2001,6.97%
June 22 2001,6.86%
June 21 2001,6.84%
June 20 2001,7.23%
June 19 2001,7.22%
June 18 2001,7.36%
June 15 2001,7.43%
June 14 2001,7.53%
June 13 2001,7.34%
June 12 2001,7.27%
June 11 2001,7.27%
June 8 2001,7.19%
June 7 2001,7.12%
June 6 2001,7.06%
June 5 2001,6.97%
June 4 2001,7.01%
June 1 2001,7.07%
May 31 2001,7.15%
May 30 2001,7.21%
May 29 2001,7.10%
May 25 2001,7.06%
May 24 2001,6.97%
May 23 2001,7.04%
May 22 2001,6.97%
May 21 2001,7.10%
May 18 2001,7.20%
May 17 2001,7.22%
May 16 2001,7.07%
May 15 2001,7.25%
May 14 2001,7.31%
May 11 2001,7.43%
May 10 2001,7.38%
May 9 2001,7.41%
May 8 2001,7.36%
May 7 2001,7.23%
May 4 2001,7.21%
May 3 2001,7.18%
May 2 2001,7.24%
May 1 2001,7.27%
April 30 2001,7.45%
April 27 2001,7.19%
April 26 2001,7.40%
April 25 2001,7.43%
April 24 2001,7.52%
April 23 2001,7.55%
April 20 2001,7.41%
April 19 2001,7.28%
April 18 2001,7.32%
April 17 2001,7.64%
April 16 2001,7.80%
April 12 2001,7.74%
April 11 2001,7.90%
April 10 2001,8.07%
April 9 2001,8.55%
April 6 2001,8.57%
April 5 2001,8.14%
April 4 2001,8.58%
April 3 2001,8.38%
April 2 2001,8.01%
March 30 2001,8.36%
March 29 2001,8.41%
March 28 2001,8.34%
March 27 2001,8.10%
March 26 2001,8.51%
March 23 2001,8.78%
March 22 2001,9.26%
March 21 2001,8.90%
March 20 2001,8.49%
March 19 2001,8.12%
March 16 2001,8.27%
March 15 2001,8.11%
March 14 2001,8.38%
March 13 2001,7.77%
March 12 2001,7.99%
March 9 2001,7.66%
March 8 2001,7.41%
March 7 2001,7.46%
March 6 2001,7.73%
March 5 2001,7.80%
March 2 2001,7.84%
March 1 2001,7.73%
Feb. 28 2001,7.65%
Feb. 27 2001,7.55%
Feb. 26 2001,7.48%
Feb. 23 2001,7.80%
Feb. 22 2001,7.74%
Feb. 21 2001,7.79%
Feb. 20 2001,7.35%
Feb. 16 2001,6.97%
Feb. 15 2001,6.96%
Feb. 14 2001,7.01%
Feb. 13 2001,6.89%
Feb. 12 2001,6.78%
Feb. 9 2001,6.96%
Feb. 8 2001,6.95%
Feb. 7 2001,6.92%
Feb. 6 2001,6.82%
Feb. 5 2001,6.68%
Feb. 2 2001,6.78%
Feb. 1 2001,6.70%
Jan. 31 2001,6.72%
Jan. 30 2001,6.69%
Jan. 29 2001,6.69%
Jan. 26 2001,6.82%
Jan. 25 2001,6.80%
Jan. 24 2001,6.74%
Jan. 23 2001,6.85%
Jan. 22 2001,6.98%
Jan. 19 2001,6.92%
Jan. 18 2001,6.93%
Jan. 17 2001,6.99%
Jan. 16 2001,6.88%
Jan. 12 2001,7.08%
Jan. 11 2001,6.84%
Jan. 10 2001,6.97%
Jan. 9 2001,7.21%
Jan. 8 2001,7.05%
Jan. 5 2001,7.01%
Jan. 4 2001,6.75%
Jan. 3 2001,6.85%
Jan. 2 2001,7.45%
Dec. 29 2000,8.20%
Dec. 28 2000,8.17%
Dec. 27 2000,8.23%
Dec. 26 2000,8.22%
Dec. 22 2000,8.36%
Dec. 21 2000,8.58%
Dec. 20 2000,8.72%
Dec. 19 2000,8.33%
Dec. 18 2000,8.48%
Dec. 15 2000,8.71%
Dec. 14 2000,8.25%
Dec. 13 2000,7.90%
Dec. 12 2000,7.95%
Dec. 11 2000,7.91%
Dec. 8 2000,8.13%
Dec. 7 2000,8.41%
Dec. 6 2000,8.41%
Dec. 5 2000,8.25%
Dec. 4 2000,8.75%
Dec. 1 2000,8.55%
Nov. 30 2000,8.40%
Nov. 29 2000,8.46%
Nov. 28 2000,8.79%
Nov. 27 2000,8.82%
Nov. 24 2000,8.84%
Nov. 22 2000,8.89%
Nov. 21 2000,8.52%
Nov. 20 2000,8.48%
Nov. 17 2000,8.15%
Nov. 16 2000,8.10%
Nov. 15 2000,8.34%
Nov. 14 2000,8.25%
Nov. 13 2000,8.29%
Nov. 10 2000,8.13%
Nov. 9 2000,7.94%
Nov. 8 2000,7.89%
Nov. 7 2000,7.64%
Nov. 6 2000,7.63%
Nov. 3 2000,7.76%
Nov. 2 2000,7.89%
Nov. 1 2000,8.10%
Oct. 31 2000,7.95%
Oct. 30 2000,8.12%
Oct. 27 2000,8.33%
Oct. 26 2000,8.54%
Oct. 25 2000,8.27%
Oct. 24 2000,8.10%
Oct. 23 2000,8.30%
Oct. 20 2000,8.22%
Oct. 19 2000,8.16%
Oct. 18 2000,8.44%
Oct. 17 2000,8.48%
Oct. 16 2000,8.24%
Oct. 13 2000,8.40%
Oct. 12 2000,8.95%
Oct. 11 2000,8.46%
Oct. 10 2000,8.21%
Oct. 9 2000,7.95%
Oct. 6 2000,7.83%
Oct. 5 2000,7.46%
Oct. 4 2000,7.64%
Oct. 3 2000,7.37%
Oct. 2 2000,7.56%
Sept. 29 2000,7.38%
Sept. 28 2000,7.42%
Sept. 27 2000,7.62%
Sept. 26 2000,7.46%
Sept. 25 2000,7.38%
Sept. 22 2000,7.57%
Sept. 21 2000,7.52%
Sept. 20 2000,7.45%
Sept. 19 2000,7.36%
Sept. 18 2000,7.46%
Sept. 15 2000,7.30%
Sept. 14 2000,7.19%
Sept. 13 2000,7.19%
Sept. 12 2000,7.08%
Sept. 11 2000,7.05%
Sept. 8 2000,7.13%
Sept. 7 2000,7.32%
Sept. 6 2000,7.27%
Sept. 5 2000,6.89%
Sept. 1 2000,6.92%
Aug. 31 2000,6.84%
Aug. 30 2000,6.99%
Aug. 29 2000,6.87%
Aug. 28 2000,6.88%
Aug. 25 2000,7.01%
Aug. 24 2000,6.94%
Aug. 23 2000,6.95%
Aug. 22 2000,6.88%
Aug. 21 2000,6.93%
Aug. 18 2000,7.12%
Aug. 17 2000,7.12%
Aug. 16 2000,7.31%
Aug. 15 2000,7.20%
Aug. 14 2000,7.19%
Aug. 11 2000,7.35%
Aug. 10 2000,7.48%
Aug. 9 2000,7.33%
Aug. 8 2000,7.31%
Aug. 7 2000,7.22%
Aug. 4 2000,7.24%
Aug. 3 2000,7.47%
Aug. 2 2000,7.53%
Aug. 1 2000,7.55%
July 31 2000,7.55%
July 28 2000,7.79%
July 27 2000,7.61%
July 26 2000,7.65%
July 25 2000,7.56%
July 24 2000,7.53%
July 21 2000,7.50%
July 20 2000,7.55%
July 19 2000,7.84%
July 18 2000,7.98%
July 17 2000,8.02%
July 14 2000,7.84%
July 13 2000,7.96%
July 12 2000,7.93%
July 11 2000,8.07%
July 10 2000,8.16%
July 7 2000,8.17%
July 6 2000,8.34%
July 5 2000,8.42%
July 3 2000,8.53%
June 30 2000,8.84%
June 29 2000,8.18%
June 28 2000,8.01%
June 27 2000,8.06%
June 26 2000,8.02%
June 23 2000,8.30%
June 22 2000,8.27%
June 21 2000,8.15%
June 20 2000,7.98%
June 19 2000,8.03%
June 16 2000,8.19%
June 15 2000,7.92%
June 14 2000,7.65%
June 13 2000,7.86%
June 12 2000,8.03%
June 9 2000,8.03%
June 8 2000,7.96%
June 7 2000,7.76%
June 6 2000,7.92%
June 5 2000,7.73%
June 2 2000,7.75%
June 1 2000,8.07%
May 31 2000,8.26%
May 30 2000,8.52%
May 26 2000,8.82%
May 25 2000,8.77%
May 24 2000,8.41%
May 23 2000,8.24%
May 22 2000,8.38%
May 19 2000,8.43%
May 18 2000,8.33%
May 17 2000,8.34%
May 16 2000,8.33%
May 15 2000,8.17%
May 12 2000,8.53%
May 11 2000,8.71%
May 10 2000,9.10%
May 9 2000,8.66%
May 8 2000,8.54%
May 5 2000,8.62%
May 4 2000,8.76%
May 3 2000,8.54%
May 2 2000,8.40%
May 1 2000,8.52%
April 28 2000,8.64%
April 27 2000,8.34%
April 26 2000,8.19%
April 25 2000,7.98%
April 24 2000,8.32%
April 20 2000,8.39%
April 19 2000,8.61%
April 18 2000,8.23%
April 17 2000,8.61%
April 14 2000,8.91%
April 13 2000,8.27%
April 12 2000,8.14%
April 11 2000,8.10%
April 10 2000,8.25%
April 7 2000,8.71%
April 6 2000,8.66%
April 5 2000,8.76%
April 4 2000,8.70%
April 3 2000,8.29%
March 31 2000,8.66%
March 30 2000,7.93%
March 29 2000,7.79%
March 28 2000,7.74%
March 27 2000,7.86%
March 24 2000,7.80%
March 23 2000,7.64%
March 22 2000,8.02%
March 21 2000,8.13%
March 20 2000,8.42%
March 17 2000,8.28%
March 16 2000,8.29%
March 15 2000,9.06%
March 14 2000,9.41%
March 13 2000,9.63%
March 10 2000,9.65%
March 9 2000,9.39%
March 8 2000,9.47%
March 7 2000,9.37%
March 6 2000,9.02%
March 3 2000,8.83%
March 2 2000,9.14%
March 1 2000,9.10%
Feb. 29 2000,9.11%
Feb. 28 2000,9.56%
Feb. 25 2000,9.82%
Feb. 24 2000,9.55%
Feb. 23 2000,9.31%
Feb. 22 2000,9.21%
Feb. 18 2000,9.19%
Feb. 17 2000,8.99%
Feb. 16 2000,8.82%
Feb. 15 2000,8.69%
Feb. 14 2000,8.95%
Feb. 11 2000,8.75%
Feb. 10 2000,8.79%
Feb. 9 2000,8.71%
Feb. 8 2000,8.47%
Feb. 7 2000,8.65%
Feb. 4 2000,8.60%
Feb. 3 2000,8.40%
Feb. 2 2000,8.27%
Feb. 1 2000,8.10%
Jan. 31 2000,8.22%
Jan. 28 2000,8.41%
Jan. 27 2000,8.00%
Jan. 26 2000,8.15%
Jan. 25 2000,8.46%
Jan. 24 2000,8.53%
Jan. 21 2000,8.36%
Jan. 20 2000,8.21%
Jan. 19 2000,7.91%
Jan. 18 2000,8.17%
Jan. 14 2000,8.14%
Jan. 13 2000,8.50%
Jan. 12 2000,8.60%
Jan. 11 2000,8.88%
Jan. 10 2000,8.76%
Jan. 7 2000,8.66%
Jan. 6 2000,8.71%
Jan. 5 2000,9.29%
Jan. 4 2000,9.34%
Jan. 3 2000,8.93%
Dec. 31 1999,8.50%
Dec. 30 1999,7.60%
Dec. 29 1999,7.66%
Dec. 28 1999,7.57%
Dec. 27 1999,7.73%
Dec. 23 1999,7.51%
Dec. 22 1999,7.65%
Dec. 21 1999,7.61%
Dec. 20 1999,7.88%
Dec. 17 1999,7.71%
Dec. 16 1999,7.80%
Dec. 15 1999,7.71%
Dec. 14 1999,7.86%
Dec. 13 1999,7.60%
Dec. 10 1999,7.49%
Dec. 9 1999,7.61%
Dec. 8 1999,7.67%
Dec. 7 1999,7.35%
Dec. 6 1999,7.46%
Dec. 3 1999,7.78%
Dec. 2 1999,7.78%
Dec. 1 1999,7.71%
Nov. 30 1999,7.80%
Nov. 29 1999,7.84%
Nov. 26 1999,7.73%
Nov. 24 1999,7.79%
Nov. 23 1999,7.68%
Nov. 22 1999,7.57%
Nov. 19 1999,7.49%
Nov. 18 1999,7.49%
Nov. 17 1999,7.47%
Nov. 16 1999,7.23%
Nov. 15 1999,7.55%
Nov. 12 1999,7.67%
Nov. 11 1999,8.06%
Nov. 10 1999,7.99%
Nov. 9 1999,7.96%
Nov. 8 1999,7.79%
Nov. 5 1999,7.74%
Nov. 4 1999,7.86%
Nov. 3 1999,7.95%
Nov. 2 1999,7.83%
Nov. 1 1999,7.87%
Oct. 29 1999,7.77%
Oct. 28 1999,7.77%
Oct. 27 1999,8.19%
Oct. 26 1999,8.67%
Oct. 25 1999,8.80%
Oct. 22 1999,8.72%
Oct. 21 1999,8.92%
Oct. 20 1999,9.09%
Oct. 19 1999,9.35%
Oct. 18 1999,9.59%
Oct. 15 1999,9.95%
Oct. 14 1999,9.57%
Oct. 13 1999,9.59%
Oct. 12 1999,9.24%
Oct. 11 1999,9.16%
Oct. 8 1999,9.03%
Oct. 7 1999,9.16%
Oct. 6 1999,9.06%
Oct. 5 1999,9.30%
Oct. 4 1999,9.43%
Oct. 1 1999,9.75%
Sept. 30 1999,9.55%
Sept. 29 1999,9.14%
Sept. 28 1999,8.97%
Sept. 27 1999,9.07%
Sept. 24 1999,8.87%
Sept. 23 1999,9.06%
Sept. 22 1999,9.08%
Sept. 21 1999,9.14%
Sept. 20 1999,8.84%
Sept. 17 1999,8.92%
Sept. 16 1999,9.02%
Sept. 15 1999,9.01%
Sept. 14 1999,9.02%
Sept. 13 1999,9.06%
Sept. 10 1999,9.02%
Sept. 9 1999,8.93%
Sept. 8 1999,8.80%
Sept. 7 1999,8.70%
Sept. 3 1999,8.54%
Sept. 2 1999,8.85%
Sept. 1 1999,8.67%
Aug. 31 1999,8.77%
Aug. 30 1999,8.70%
Aug. 27 1999,8.32%
Aug. 26 1999,8.20%
Aug. 25 1999,7.99%
Aug. 24 1999,7.97%
Aug. 23 1999,8.03%
Aug. 20 1999,8.40%
Aug. 19 1999,8.56%
Aug. 18 1999,8.28%
Aug. 17 1999,8.18%
Aug. 16 1999,8.41%
Aug. 13 1999,8.50%
Aug. 12 1999,8.85%
Aug. 11 1999,8.89%
Aug. 10 1999,9.25%
Aug. 9 1999,9.16%
Aug. 6 1999,9.19%
Aug. 5 1999,8.85%
Aug. 4 1999,8.89%
Aug. 3 1999,8.83%
Aug. 2 1999,8.84%
July 30 1999,8.74%
July 29 1999,8.51%
July 28 1999,8.19%
July 27 1999,8.24%
July 26 1999,8.25%
July 23 1999,8.23%
July 22 1999,8.11%
July 21 1999,8.20%
July 20 1999,8.01%
July 19 1999,7.94%
July 16 1999,7.95%
July 15 1999,8.09%
July 14 1999,8.19%
July 13 1999,8.16%
July 12 1999,7.98%
July 9 1999,7.97%
July 8 1999,8.08%
July 7 1999,7.99%
July 6 1999,8.00%
July 2 1999,7.96%
July 1 1999,8.03%
June 30 1999,8.20%
June 29 1999,9.54%
June 28 1999,9.56%
June 25 1999,10.03%
June 24 1999,10.03%
June 23 1999,9.62%
June 22 1999,9.50%
June 21 1999,9.35%
June 18 1999,9.47%
June 17 1999,9.37%
June 16 1999,9.55%
June 15 1999,10.03%
June 14 1999,10.41%
June 11 1999,10.17%
June 10 1999,10.41%
June 9 1999,10.14%
June 8 1999,10.20%
June 7 1999,9.91%
June 4 1999,10.06%
June 3 1999,10.43%
June 2 1999,10.57%
June 1 1999,10.25%
May 28 1999,9.95%
May 27 1999,10.39%
May 26 1999,10.19%
May 25 1999,10.47%
May 24 1999,10.12%
May 21 1999,9.74%
May 20 1999,9.55%
May 19 1999,9.36%
May 18 1999,9.54%
May 17 1999,9.41%
May 14 1999,9.28%
May 13 1999,8.96%
May 12 1999,8.93%
May 11 1999,9.09%
May 10 1999,9.24%
May 7 1999,9.37%
May 6 1999,9.44%
May 5 1999,9.06%
May 4 1999,9.13%
May 3 1999,8.79%
April 30 1999,8.76%
April 29 1999,8.64%
April 28 1999,8.82%
April 27 1999,8.73%
April 26 1999,8.94%
April 23 1999,8.80%
April 22 1999,8.79%
April 21 1999,8.93%
April 20 1999,9.03%
April 19 1999,9.31%
April 16 1999,9.20%
April 15 1999,9.37%
April 14 1999,8.99%
April 13 1999,8.74%
April 12 1999,8.91%
April 9 1999,8.94%
April 8 1999,9.02%
April 7 1999,9.19%
April 6 1999,9.82%
April 5 1999,9.91%
April 1 1999,10.19%
March 31 1999,10.32%
March 30 1999,11.76%
March 29 1999,11.72%
March 26 1999,11.86%
March 25 1999,11.93%
March 24 1999,12.51%
March 23 1999,12.31%
March 22 1999,11.82%
March 19 1999,11.73%
March 18 1999,11.66%
March 17 1999,11.99%
March 16 1999,11.65%
March 15 1999,11.41%
March 12 1999,11.40%
March 11 1999,11.41%
March 10 1999,11.76%
March 9 1999,12.01%
March 8 1999,12.10%
March 5 1999,12.18%
March 4 1999,12.47%
March 3 1999,13.00%
March 2 1999,12.77%
March 1 1999,12.28%
Feb. 26 1999,12.81%
Feb. 25 1999,13.06%
Feb. 24 1999,13.21%
Feb. 23 1999,12.94%
Feb. 22 1999,13.57%
Feb. 19 1999,13.88%
Feb. 18 1999,14.20%
Feb. 17 1999,14.18%
Feb. 16 1999,14.08%
Feb. 12 1999,14.50%
Feb. 11 1999,14.03%
Feb. 10 1999,14.47%
Feb. 9 1999,14.73%
Feb. 8 1999,14.31%
Feb. 5 1999,14.23%
Feb. 4 1999,14.18%
Feb. 3 1999,13.85%
Feb. 2 1999,14.18%
Feb. 1 1999,13.80%
Jan. 29 1999,13.42%
Jan. 28 1999,13.56%
Jan. 27 1999,13.90%
Jan. 26 1999,13.68%
Jan. 25 1999,14.15%
Jan. 22 1999,14.57%
Jan. 21 1999,14.33%
Jan. 20 1999,14.08%
Jan. 19 1999,14.63%
Jan. 15 1999,14.47%
Jan. 14 1999,14.90%
Jan. 13 1999,14.42%
Jan. 12 1999,13.38%
Jan. 11 1999,13.03%
Jan. 8 1999,12.99%
Jan. 7 1999,12.83%
Jan. 6 1999,13.82%
Jan. 5 1999,14.68%
Jan. 4 1999,14.95%
Dec. 31 1998,15.20%
Dec. 30 1998,24.70%
Dec. 29 1998,24.48%
Dec. 28 1998,24.48%
Dec. 24 1998,24.19%
Dec. 23 1998,24.13%
Dec. 22 1998,24.76%
Dec. 21 1998,24.45%
Dec. 18 1998,25.04%
Dec. 17 1998,24.97%
Dec. 16 1998,26.22%
Dec. 15 1998,25.61%
Dec. 14 1998,27.11%
Dec. 11 1998,26.15%
Dec. 10 1998,26.08%
Dec. 9 1998,25.39%
Dec. 8 1998,25.75%
Dec. 7 1998,25.45%
Dec. 4 1998,25.85%
Dec. 3 1998,25.91%
Dec. 2 1998,24.82%
Dec. 1 1998,24.97%
Nov. 30 1998,24.88%
Nov. 27 1998,23.62%
Nov. 25 1998,23.87%
Nov. 24 1998,24.73%
Nov. 23 1998,25.48%
Nov. 20 1998,27.71%
Nov. 19 1998,28.10%
Nov. 18 1998,28.30%
Nov. 17 1998,27.56%
Nov. 16 1998,28.22%
Nov. 13 1998,28.79%
Nov. 12 1998,29.69%
Nov. 11 1998,29.51%
Nov. 10 1998,28.70%
Nov. 9 1998,27.75%
Nov. 6 1998,27.14%
Nov. 5 1998,27.75%
Nov. 4 1998,28.30%
Nov. 3 1998,28.30%
Nov. 2 1998,27.07%
Oct. 30 1998,26.53%
Oct. 29 1998,27.59%
Oct. 28 1998,28.18%
Oct. 27 1998,28.66%
Oct. 26 1998,26.96%
Oct. 23 1998,26.82%
Oct. 22 1998,27.71%
Oct. 21 1998,28.42%
Oct. 20 1998,27.56%
Oct. 19 1998,29.25%
Oct. 16 1998,29.86%
Oct. 15 1998,31.36%
Oct. 14 1998,34.93%
Oct. 13 1998,36.32%
Oct. 12 1998,35.74%
Oct. 9 1998,35.30%
Oct. 8 1998,39.02%
Oct. 7 1998,39.14%
Oct. 6 1998,36.67%
Oct. 5 1998,36.38%
Oct. 2 1998,33.01%
Oct. 1 1998,35.37%
Sept. 30 1998,33.59%
Sept. 29 1998,32.88%
Sept. 28 1998,31.94%
Sept. 25 1998,32.00%
Sept. 24 1998,32.24%
Sept. 23 1998,30.34%
Sept. 22 1998,33.81%
Sept. 21 1998,33.16%
Sept. 18 1998,33.20%
Sept. 17 1998,33.33%
Sept. 16 1998,31.30%
Sept. 15 1998,30.96%
Sept. 14 1998,31.85%
Sept. 11 1998,33.18%
Sept. 10 1998,36.45%
Sept. 9 1998,34.47%
Sept. 8 1998,32.29%
Sept. 4 1998,34.84%
Sept. 3 1998,32.65%
Sept. 2 1998,29.71%
Sept. 1 1998,30.08%
Aug. 31 1998,29.75%
Aug. 28 1998,27.43%
Aug. 27 1998,26.26%
Aug. 26 1998,24.18%
Aug. 25 1998,23.63%
Aug. 24 1998,24.09%
Aug. 21 1998,23.95%
Aug. 20 1998,23.13%
Aug. 19 1998,22.41%
Aug. 18 1998,21.89%
Aug. 17 1998,22.38%
Aug. 14 1998,23.14%
Aug. 13 1998,22.97%
Aug. 12 1998,21.88%
Aug. 11 1998,22.22%
Aug. 10 1998,21.23%
Aug. 7 1998,21.14%
Aug. 6 1998,20.70%
Aug. 5 1998,20.63%
Aug. 4 1998,20.89%
Aug. 3 1998,19.66%
July 31 1998,18.92%
July 30 1998,18.97%
July 29 1998,19.50%
July 28 1998,19.63%
July 27 1998,19.19%
July 24 1998,19.55%
July 23 1998,19.23%
July 22 1998,18.65%
July 21 1998,18.70%
July 20 1998,17.80%
July 17 1998,18.03%
July 16 1998,18.17%
July 15 1998,18.49%
July 14 1998,18.18%
July 13 1998,18.31%
July 10 1998,18.75%
July 9 1998,18.99%
July 8 1998,18.71%
July 7 1998,20.09%
July 6 1998,20.37%
July 2 1998,20.42%
July 1 1998,20.65%
June 30 1998,21.55%
June 29 1998,18.18%
June 26 1998,18.20%
June 25 1998,17.84%
June 24 1998,17.82%
June 23 1998,18.42%
June 22 1998,18.50%
June 19 1998,18.33%
June 18 1998,18.27%
June 17 1998,18.07%
June 16 1998,18.78%
June 15 1998,18.98%
June 12 1998,18.12%
June 11 1998,18.16%
June 10 1998,17.67%
June 9 1998,17.38%
June 8 1998,17.39%
June 5 1998,17.40%
June 4 1998,17.81%
June 3 1998,18.03%
June 2 1998,17.60%
June 1 1998,17.95%
May 29 1998,18.42%
May 28 1998,18.31%
May 27 1998,18.44%
May 26 1998,17.96%
May 22 1998,17.73%
May 21 1998,17.77%
May 20 1998,17.33%
May 19 1998,17.67%
May 18 1998,17.90%
May 15 1998,17.94%
May 14 1998,18.44%
May 13 1998,18.25%
May 12 1998,18.06%
May 11 1998,18.31%
May 8 1998,18.81%
May 7 1998,18.69%
May 6 1998,18.58%
May 5 1998,18.35%
May 4 1998,18.00%
May 1 1998,17.92%
April 30 1998,18.25%
April 29 1998,18.44%
April 28 1998,18.56%
April 27 1998,18.37%
April 24 1998,17.72%
April 23 1998,17.58%
April 22 1998,17.18%
April 21 1998,17.14%
April 20 1998,17.39%
April 17 1998,17.16%
April 16 1998,17.47%
April 15 1998,17.16%
April 14 1998,16.71%
April 13 1998,16.92%
April 9 1998,16.56%
April 8 1998,16.66%
April 7 1998,16.64%
April 6 1998,15.11%
April 3 1998,19.23%
April 2 1998,19.22%
April 1 1998,19.25%
March 31 1998,19.34%
March 30 1998,16.26%
March 27 1998,16.09%
March 26 1998,16.05%
March 25 1998,16.06%
March 24 1998,15.82%
March 23 1998,16.05%
March 20 1998,15.98%
March 19 1998,15.62%
March 18 1998,15.60%
March 17 1998,15.98%
March 16 1998,16.28%
March 13 1998,16.65%
March 12 1998,16.85%
March 11 1998,16.98%
March 10 1998,17.28%
March 9 1998,17.53%
March 6 1998,17.41%
March 5 1998,17.58%
March 4 1998,17.28%
March 3 1998,16.93%
March 2 1998,17.06%
Feb. 27 1998,17.13%
Feb. 26 1998,17.65%
Feb. 25 1998,17.83%
Feb. 24 1998,18.00%
Feb. 23 1998,17.76%
Feb. 20 1998,17.76%
Feb. 19 1998,17.72%
Feb. 18 1998,17.71%
Feb. 17 1998,17.81%
Feb. 13 1998,18.06%
Feb. 12 1998,17.73%
Feb. 11 1998,17.76%
Feb. 10 1998,17.70%
Feb. 9 1998,17.75%
Feb. 6 1998,17.94%
Feb. 5 1998,18.13%
Feb. 4 1998,18.33%
Feb. 3 1998,18.11%
Feb. 2 1998,18.25%
