Feb. 1 2018,1.122
Jan. 31 2018,1.111
Jan. 30 2018,1.113
Jan. 29 2018,1.132
Jan. 26 2018,1.134
Jan. 25 2018,1.125
Jan. 24 2018,1.125
Jan. 23 2018,1.112
Jan. 22 2018,1.113
Jan. 19 2018,1.109
Jan. 18 2018,1.096
Jan. 17 2018,1.097
Jan. 16 2018,1.092
Jan. 12 2018,1.088
Jan. 11 2018,1.07
Jan. 10 2018,1.071
Jan. 9 2018,1.066
Jan. 8 2018,1.055
Jan. 5 2018,1.068
Jan. 4 2018,1.069
Jan. 3 2018,1.056
Jan. 2 2018,1.053
Dec. 29 2017,0.9441
Dec. 28 2017,0.9526
Dec. 27 2017,0.9502
Dec. 26 2017,0.9488
Dec. 22 2017,0.9578
Dec. 21 2017,0.962
Dec. 20 2017,0.9473
Dec. 19 2017,0.9478
Dec. 18 2017,0.9601
Dec. 15 2017,0.9487
Dec. 14 2017,0.9379
Dec. 13 2017,0.9534
Dec. 12 2017,0.9662
Dec. 11 2017,0.9624
Dec. 8 2017,0.9606
Dec. 7 2017,0.9514
Dec. 6 2017,0.9572
Dec. 5 2017,0.9712
Dec. 4 2017,0.9783
Dec. 1 2017,0.9581
Nov. 30 2017,0.958
Nov. 29 2017,0.9521
Nov. 28 2017,0.9351
Nov. 27 2017,0.9058
Nov. 24 2017,0.9138
Nov. 22 2017,0.9169
Nov. 21 2017,0.9184
Nov. 20 2017,0.9142
Nov. 17 2017,0.9051
Nov. 16 2017,0.9094
Nov. 15 2017,0.9101
Nov. 14 2017,0.9076
Nov. 13 2017,0.9134
Nov. 10 2017,0.9167
Nov. 9 2017,0.919
Nov. 8 2017,0.9179
Nov. 7 2017,0.9226
Nov. 6 2017,0.9364
Nov. 3 2017,0.9396
Nov. 2 2017,0.9483
Nov. 1 2017,0.9393
Oct. 31 2017,0.9326
Oct. 30 2017,0.9361
Oct. 27 2017,0.9373
Oct. 26 2017,0.9363
Oct. 25 2017,0.9341
Oct. 24 2017,0.942
Oct. 23 2017,0.933
Oct. 20 2017,0.933
Oct. 19 2017,0.9247
Oct. 18 2017,0.9278
Oct. 17 2017,0.916
Oct. 16 2017,0.9106
Oct. 13 2017,0.915
Oct. 12 2017,0.9183
Oct. 11 2017,0.9509
Oct. 10 2017,0.9539
Oct. 9 2017,0.9566
Oct. 6 2017,0.9597
Oct. 5 2017,0.9608
Oct. 4 2017,0.9397
Oct. 3 2017,0.9406
Oct. 2 2017,0.9364
Sept. 29 2017,0.9403
Sept. 28 2017,0.9391
Sept. 27 2017,0.9344
Sept. 26 2017,0.917
Sept. 25 2017,0.9157
Sept. 22 2017,0.923
Sept. 21 2017,0.9276
Sept. 20 2017,0.9238
Sept. 19 2017,0.9198
Sept. 18 2017,0.9126
Sept. 15 2017,0.8925
Sept. 14 2017,0.8951
Sept. 13 2017,0.897
Sept. 12 2017,0.8892
Sept. 11 2017,0.8753
Sept. 8 2017,0.8554
Sept. 7 2017,0.854
Sept. 6 2017,0.8702
Sept. 5 2017,0.8682
Sept. 1 2017,0.8865
Aug. 31 2017,0.8794
Aug. 30 2017,0.8792
Aug. 29 2017,0.8723
Aug. 28 2017,0.8766
Aug. 25 2017,0.8771
Aug. 24 2017,0.875
Aug. 23 2017,0.8691
Aug. 22 2017,0.8642
Aug. 21 2017,0.8525
Aug. 18 2017,0.8607
Aug. 17 2017,0.8609
Aug. 16 2017,0.8753
Aug. 15 2017,0.8786
Aug. 14 2017,0.8776
Aug. 11 2017,0.8635
Aug. 10 2017,0.8689
Aug. 9 2017,0.8846
Aug. 8 2017,0.8904
Aug. 7 2017,0.8925
Aug. 4 2017,0.8917
Aug. 3 2017,0.8807
Aug. 2 2017,0.8974
Aug. 1 2017,0.8997
July 31 2017,0.8848
July 28 2017,0.8717
July 27 2017,0.8739
July 26 2017,0.8788
July 25 2017,0.8794
July 24 2017,0.8545
July 21 2017,0.8532
July 20 2017,0.8578
July 19 2017,0.8622
July 18 2017,0.8647
July 17 2017,0.8639
July 14 2017,0.8625
July 13 2017,0.8664
July 12 2017,0.8651
July 11 2017,0.8638
July 10 2017,0.8745
July 7 2017,0.8779
July 6 2017,0.8742
July 5 2017,0.8848
July 3 2017,0.8824
June 30 2017,0.8646
June 29 2017,0.8829
June 28 2017,0.8591
June 27 2017,0.8466
June 26 2017,0.8407
June 23 2017,0.8358
June 22 2017,0.8386
June 21 2017,0.8414
June 20 2017,0.8424
June 19 2017,0.8499
June 16 2017,0.8421
June 15 2017,0.8449
June 14 2017,0.8531
June 13 2017,0.8527
June 12 2017,0.8478
June 9 2017,0.8495
June 8 2017,0.8332
June 7 2017,0.8156
June 6 2017,0.8042
June 5 2017,0.8073
June 2 2017,0.8055
June 1 2017,0.8051
May 31 2017,0.798
May 30 2017,0.8125
May 26 2017,0.8182
May 25 2017,0.8166
May 24 2017,0.8208
May 23 2017,0.8134
May 22 2017,0.8048
May 19 2017,0.8054
May 18 2017,0.7919
May 17 2017,0.7906
May 16 2017,0.8237
May 15 2017,0.8096
May 12 2017,0.805
May 11 2017,0.8001
May 10 2017,0.7957
May 9 2017,0.7939
May 8 2017,0.7975
May 5 2017,0.794
May 4 2017,0.7936
May 3 2017,0.794
May 2 2017,0.787
May 1 2017,0.7837
April 28 2017,0.7793
April 27 2017,0.7828
April 26 2017,0.7922
April 25 2017,0.7936
April 24 2017,0.7835
April 21 2017,0.7608
April 20 2017,0.7699
April 19 2017,0.7609
April 18 2017,0.77
April 17 2017,0.7776
April 13 2017,0.765
April 12 2017,0.7712
April 11 2017,0.7781
April 10 2017,0.7814
April 7 2017,0.7834
April 6 2017,0.7894
April 5 2017,0.7855
April 4 2017,0.7866
April 3 2017,0.7866
March 31 2017,0.7885
March 30 2017,0.8127
March 29 2017,0.7976
March 28 2017,0.798
March 27 2017,0.7834
March 24 2017,0.7799
March 23 2017,0.7796
March 22 2017,0.7759
March 21 2017,0.7795
March 20 2017,0.8003
March 17 2017,0.8108
March 16 2017,0.8213
March 15 2017,0.8171
March 14 2017,0.8252
March 13 2017,0.8264
March 10 2017,0.8258
March 9 2017,0.8266
March 8 2017,0.8207
March 7 2017,0.8125
March 6 2017,0.8096
March 3 2017,0.8193
March 2 2017,0.8143
March 1 2017,0.8265
Feb. 28 2017,0.8033
Feb. 27 2017,0.8061
Feb. 24 2017,0.8016
Feb. 23 2017,0.8159
Feb. 22 2017,0.8159
Feb. 21 2017,0.8149
Feb. 17 2017,0.8098
Feb. 16 2017,0.8127
Feb. 15 2017,0.8143
Feb. 14 2017,0.8053
Feb. 13 2017,0.7935
Feb. 10 2017,0.7757
Feb. 9 2017,0.7707
Feb. 8 2017,0.7581
Feb. 7 2017,0.7698
Feb. 6 2017,0.7758
Feb. 3 2017,0.7775
Feb. 2 2017,0.7535
Feb. 1 2017,0.7544
Jan. 31 2017,0.7515
Jan. 30 2017,0.7624
Jan. 27 2017,0.7691
Jan. 26 2017,0.7725
Jan. 25 2017,0.7769
Jan. 24 2017,0.7641
Jan. 23 2017,0.7498
Jan. 20 2017,0.7556
Jan. 19 2017,0.763
Jan. 18 2017,0.7729
Jan. 17 2017,0.7862
Jan. 13 2017,0.803
Jan. 12 2017,0.7976
Jan. 11 2017,0.8075
Jan. 10 2017,0.8111
Jan. 9 2017,0.811
Jan. 6 2017,0.8154
Jan. 5 2017,0.8126
Jan. 4 2017,0.827
Jan. 3 2017,0.816
Dec. 30 2016,0.7977
Dec. 29 2016,0.797
Dec. 28 2016,0.8058
Dec. 27 2016,0.8199
Dec. 23 2016,0.8186
Dec. 22 2016,0.8119
Dec. 21 2016,0.8154
Dec. 20 2016,0.816
Dec. 19 2016,0.8007
Dec. 16 2016,0.8019
Dec. 15 2016,0.8084
Dec. 14 2016,0.7979
Dec. 13 2016,0.8025
Dec. 12 2016,0.7993
Dec. 9 2016,0.8058
Dec. 8 2016,0.8073
Dec. 7 2016,0.7927
Dec. 6 2016,0.7774
Dec. 5 2016,0.7688
Dec. 2 2016,0.7519
Dec. 1 2016,0.7687
Nov. 30 2016,0.7569
Nov. 29 2016,0.7452
Nov. 28 2016,0.7445
Nov. 25 2016,0.7621
Nov. 23 2016,0.7609
Nov. 22 2016,0.753
Nov. 21 2016,0.7454
Nov. 18 2016,0.7444
Nov. 17 2016,0.7442
Nov. 16 2016,0.7332
Nov. 15 2016,0.7442
Nov. 14 2016,0.7339
Nov. 11 2016,0.7091
Nov. 10 2016,0.7195
Nov. 9 2016,0.6924
Nov. 8 2016,0.6699
Nov. 7 2016,0.6687
Nov. 4 2016,0.6465
Nov. 3 2016,0.6468
Nov. 2 2016,0.6515
Nov. 1 2016,0.6569
Oct. 31 2016,0.6597
Oct. 28 2016,0.6652
Oct. 27 2016,0.6701
Oct. 26 2016,0.6712
Oct. 25 2016,0.6656
Oct. 24 2016,0.6654
Oct. 21 2016,0.6653
Oct. 20 2016,0.6654
Oct. 19 2016,0.6641
Oct. 18 2016,0.6575
Oct. 17 2016,0.6523
Oct. 14 2016,0.6524
Oct. 13 2016,0.6506
Oct. 12 2016,0.6536
Oct. 11 2016,0.6575
Oct. 10 2016,0.665
Oct. 7 2016,0.6614
Oct. 6 2016,0.6586
Oct. 5 2016,0.653
Oct. 4 2016,0.6409
Oct. 3 2016,0.6312
Sept. 30 2016,0.6339
Sept. 29 2016,0.6258
Sept. 28 2016,0.6404
Sept. 27 2016,0.6336
Sept. 26 2016,0.627
Sept. 23 2016,0.6442
Sept. 22 2016,0.6437
Sept. 21 2016,0.6408
Sept. 20 2016,0.6359
Sept. 19 2016,0.6366
Sept. 16 2016,0.6341
Sept. 15 2016,0.6433
Sept. 14 2016,0.6388
Sept. 13 2016,0.6411
Sept. 12 2016,0.653
Sept. 9 2016,0.6445
Sept. 8 2016,0.653
Sept. 7 2016,0.6488
Sept. 6 2016,0.6462
Sept. 2 2016,0.6492
Sept. 1 2016,0.6471
Aug. 31 2016,0.6523
Aug. 30 2016,0.6545
Aug. 29 2016,0.6457
Aug. 26 2016,0.6437
Aug. 25 2016,0.6384
Aug. 24 2016,0.6375
Aug. 23 2016,0.6366
Aug. 22 2016,0.6375
Aug. 19 2016,0.6358
Aug. 18 2016,0.6354
Aug. 17 2016,0.6371
Aug. 16 2016,0.637
Aug. 15 2016,0.6339
Aug. 12 2016,0.6228
Aug. 11 2016,0.6248
Aug. 10 2016,0.621
Aug. 9 2016,0.6272
Aug. 8 2016,0.628
Aug. 5 2016,0.6247
Aug. 4 2016,0.599
Aug. 3 2016,0.5997
Aug. 2 2016,0.5874
Aug. 1 2016,0.5933
July 29 2016,0.5986
July 28 2016,0.6023
July 27 2016,0.6052
July 26 2016,0.6033
July 25 2016,0.6017
July 22 2016,0.6053
July 21 2016,0.603
July 20 2016,0.6076
July 19 2016,0.606
July 18 2016,0.609
July 15 2016,0.6057
July 14 2016,0.6074
July 13 2016,0.592
July 12 2016,0.5936
July 11 2016,0.5778
July 8 2016,0.5736
July 7 2016,0.5642
July 6 2016,0.561
July 5 2016,0.5572
July 1 2016,0.5762
June 30 2016,0.5792
June 29 2016,0.5893
June 28 2016,0.5658
June 27 2016,0.5384
June 24 2016,0.5638
June 23 2016,0.6221
June 22 2016,0.5971
June 21 2016,0.6005
June 20 2016,0.5988
June 17 2016,0.5943
June 16 2016,0.5893
June 15 2016,0.5878
June 14 2016,0.5871
June 13 2016,0.6039
June 10 2016,0.6142
June 9 2016,0.6297
June 8 2016,0.6374
June 7 2016,0.6372
June 6 2016,0.64
June 3 2016,0.6351
June 2 2016,0.6572
June 1 2016,0.6567
May 31 2016,0.6516
May 27 2016,0.6517
May 26 2016,0.6451
May 25 2016,0.6567
May 24 2016,0.6416
May 23 2016,0.6311
May 20 2016,0.6282
May 19 2016,0.6304
May 18 2016,0.6418
May 17 2016,0.6114
May 16 2016,0.6037
May 13 2016,0.6032
May 12 2016,0.6156
May 11 2016,0.6222
May 10 2016,0.6274
May 9 2016,0.6141
May 6 2016,0.6214
May 5 2016,0.6188
May 4 2016,0.6248
May 3 2016,0.6376
May 2 2016,0.6531
April 29 2016,0.6475
April 28 2016,0.6538
April 27 2016,0.6622
April 26 2016,0.659
April 25 2016,0.6533
April 22 2016,0.6572
April 21 2016,0.652
April 20 2016,0.654
April 19 2016,0.6384
April 18 2016,0.6311
April 15 2016,0.6285
April 14 2016,0.6293
April 13 2016,0.6191
April 12 2016,0.5862
April 11 2016,0.5753
April 8 2016,0.5662
April 7 2016,0.5634
April 6 2016,0.5857
April 5 2016,0.5808
April 4 2016,0.5885
April 1 2016,0.5942
March 31 2016,0.5841
March 30 2016,0.6005
March 29 2016,0.5982
March 28 2016,0.601
March 24 2016,0.6013
March 23 2016,0.6075
March 22 2016,0.622
March 21 2016,0.6251
March 18 2016,0.6243
March 17 2016,0.6144
March 16 2016,0.6055
March 15 2016,0.6106
March 14 2016,0.6118
March 11 2016,0.6164
March 10 2016,0.5932
March 9 2016,0.59
March 8 2016,0.5886
March 7 2016,0.6109
March 4 2016,0.6141
March 3 2016,0.6141
March 2 2016,0.6053
March 1 2016,0.5917
Feb. 29 2016,0.557
Feb. 26 2016,0.5677
Feb. 25 2016,0.555
Feb. 24 2016,0.5474
Feb. 23 2016,0.5493
Feb. 22 2016,0.568
Feb. 19 2016,0.5603
Feb. 18 2016,0.5593
Feb. 17 2016,0.5717
Feb. 16 2016,0.5589
Feb. 12 2016,0.5395
Feb. 11 2016,0.5027
Feb. 10 2016,0.5376
Feb. 9 2016,0.5391
Feb. 8 2016,0.5434
Feb. 5 2016,0.5728
Feb. 4 2016,0.5862
Feb. 3 2016,0.58
Feb. 2 2016,0.5809
Feb. 1 2016,0.6105
Jan. 29 2016,0.613
Jan. 28 2016,0.5815
Jan. 27 2016,0.5839
Jan. 26 2016,0.5831
Jan. 25 2016,0.5694
Jan. 22 2016,0.5911
Jan. 21 2016,0.578
Jan. 20 2016,0.5829
Jan. 19 2016,0.6038
Jan. 15 2016,0.6114
Jan. 14 2016,0.6533
Jan. 13 2016,0.6506
Jan. 12 2016,0.6749
Jan. 11 2016,0.6745
Jan. 8 2016,0.6641
Jan. 7 2016,0.6847
Jan. 6 2016,0.7216
Jan. 5 2016,0.7322
Jan. 4 2016,0.7361
Dec. 31 2015,0.745
Dec. 30 2015,0.7577
Dec. 29 2015,0.7675
Dec. 28 2015,0.7588
Dec. 24 2015,0.7636
Dec. 23 2015,0.7625
Dec. 22 2015,0.7535
Dec. 21 2015,0.7503
Dec. 18 2015,0.7419
Dec. 17 2015,0.7655
Dec. 16 2015,0.7809
Dec. 15 2015,0.7609
Dec. 14 2015,0.7403
Dec. 11 2015,0.7404
Dec. 10 2015,0.7627
Dec. 9 2015,0.7651
Dec. 8 2015,0.7735
Dec. 7 2015,0.7881
Dec. 4 2015,0.7981
Dec. 3 2015,0.7752
Dec. 2 2015,0.7843
Dec. 1 2015,0.7951
Nov. 30 2015,0.7836
Nov. 27 2015,0.7853
Nov. 25 2015,0.7835
Nov. 24 2015,0.7849
Nov. 23 2015,0.7864
Nov. 20 2015,0.7932
Nov. 19 2015,0.7977
Nov. 18 2015,0.7965
Nov. 17 2015,0.7749
Nov. 16 2015,0.7778
Nov. 13 2015,0.7703
Nov. 12 2015,0.7745
Nov. 11 2015,0.7953
Nov. 10 2015,0.8084
Nov. 9 2015,0.8071
Nov. 6 2015,0.8094
Nov. 5 2015,0.7845
Nov. 4 2015,0.7798
Nov. 3 2015,0.7846
Nov. 2 2015,0.7798
Oct. 30 2015,0.7703
Oct. 29 2015,0.7774
Oct. 28 2015,0.7929
Oct. 27 2015,0.7622
Oct. 26 2015,0.7694
Oct. 23 2015,0.7771
Oct. 22 2015,0.7607
Oct. 21 2015,0.7506
Oct. 20 2015,0.7655
Oct. 19 2015,0.7658
Oct. 16 2015,0.7633
Oct. 15 2015,0.7674
Oct. 14 2015,0.7348
Oct. 13 2015,0.7419
Oct. 12 2015,0.7429
Oct. 9 2015,0.7443
Oct. 8 2015,0.7483
Oct. 7 2015,0.7435
Oct. 6 2015,0.7397
Oct. 5 2015,0.7412
Oct. 2 2015,0.7226
Oct. 1 2015,0.7228
Sept. 30 2015,0.7187
Sept. 29 2015,0.7178
Sept. 28 2015,0.7182
Sept. 25 2015,0.7405
Sept. 24 2015,0.7197
Sept. 23 2015,0.7342
Sept. 22 2015,0.738
Sept. 21 2015,0.7428
Sept. 18 2015,0.7367
Sept. 17 2015,0.7566
Sept. 16 2015,0.7704
Sept. 15 2015,0.7617
Sept. 14 2015,0.7468
Sept. 11 2015,0.7485
Sept. 10 2015,0.7481
Sept. 9 2015,0.7453
Sept. 8 2015,0.7566
Sept. 4 2015,0.7411
Sept. 3 2015,0.7586
Sept. 2 2015,0.7581
Sept. 1 2015,0.7462
Aug. 31 2015,0.7834
Aug. 28 2015,0.7805
Aug. 27 2015,0.7828
Aug. 26 2015,0.7658
Aug. 25 2015,0.7307
Aug. 24 2015,0.7374
Aug. 21 2015,0.7852
Aug. 20 2015,0.8105
Aug. 19 2015,0.835
Aug. 18 2015,0.843
Aug. 17 2015,0.8462
Aug. 14 2015,0.8436
Aug. 13 2015,0.8398
Aug. 12 2015,0.8336
Aug. 11 2015,0.8443
Aug. 10 2015,0.8604
Aug. 7 2015,0.8483
Aug. 6 2015,0.8511
Aug. 5 2015,0.8604
Aug. 4 2015,0.8565
Aug. 3 2015,0.8561
July 31 2015,0.8563
July 30 2015,0.8625
July 29 2015,0.8631
July 28 2015,0.855
July 27 2015,0.849
July 24 2015,0.8599
July 23 2015,0.877
July 22 2015,0.8839
July 21 2015,0.8657
July 20 2015,0.8621
July 17 2015,0.8606
July 16 2015,0.8583
July 15 2015,0.8271
July 14 2015,0.819
July 13 2015,0.8136
July 10 2015,0.7992
July 9 2015,0.7868
July 8 2015,0.7734
July 7 2015,0.7983
July 6 2015,0.8068
July 2 2015,0.8111
July 1 2015,0.8156
June 30 2015,0.8092
June 29 2015,0.8217
June 26 2015,0.8435
June 25 2015,0.8413
June 24 2015,0.8483
June 23 2015,0.8593
June 22 2015,0.8527
June 19 2015,0.8419
June 18 2015,0.8498
June 17 2015,0.8465
June 16 2015,0.8545
June 15 2015,0.8482
June 12 2015,0.8551
June 11 2015,0.8566
June 10 2015,0.8537
June 9 2015,0.8384
June 8 2015,0.8332
June 5 2015,0.842
June 4 2015,0.8284
June 3 2015,0.8329
June 2 2015,0.8193
June 1 2015,0.8152
May 29 2015,0.8097
May 28 2015,0.8167
May 27 2015,0.8215
May 26 2015,0.8121
May 22 2015,0.823
May 21 2015,0.8211
May 20 2015,0.8218
May 19 2015,0.8284
May 18 2015,0.8185
May 15 2015,0.8121
May 14 2015,0.8175
May 13 2015,0.8115
May 12 2015,0.8046
May 11 2015,0.808
May 8 2015,0.8088
May 7 2015,0.7982
May 6 2015,0.7908
May 5 2015,0.7988
May 4 2015,0.811
May 1 2015,0.8049
April 30 2015,0.7983
April 29 2015,0.8049
April 28 2015,0.7938
April 27 2015,0.7905
April 24 2015,0.792
April 23 2015,0.7968
April 22 2015,0.795
April 21 2015,0.7857
April 20 2015,0.7965
April 17 2015,0.7946
April 16 2015,0.8088
April 15 2015,0.7967
April 14 2015,0.7895
April 13 2015,0.7884
April 10 2015,0.785
April 9 2015,0.7805
April 8 2015,0.7769
April 7 2015,0.7714
April 6 2015,0.7729
April 2 2015,0.7765
April 1 2015,0.7729
March 31 2015,0.7714
March 30 2015,0.7847
March 27 2015,0.775
March 26 2015,0.7779
March 25 2015,0.7808
March 24 2015,0.7893
March 23 2015,0.7975
March 20 2015,0.8051
March 19 2015,0.796
March 18 2015,0.8163
March 17 2015,0.8182
March 16 2015,0.8159
March 13 2015,0.8136
March 12 2015,0.8218
March 11 2015,0.7952
March 10 2015,0.7785
March 9 2015,0.8046
March 6 2015,0.8063
March 5 2015,0.8139
March 4 2015,0.8156
March 3 2015,0.8165
March 2 2015,0.8128
Feb. 27 2015,0.7966
Feb. 26 2015,0.7961
Feb. 25 2015,0.7913
Feb. 24 2015,0.7884
Feb. 23 2015,0.7796
Feb. 20 2015,0.7866
Feb. 19 2015,0.7766
Feb. 18 2015,0.7811
Feb. 17 2015,0.7852
Feb. 13 2015,0.7778
Feb. 12 2015,0.7731
Feb. 11 2015,0.7547
Feb. 10 2015,0.7503
Feb. 9 2015,0.7475
Feb. 6 2015,0.7465
Feb. 5 2015,0.7374
Feb. 4 2015,0.7352
Feb. 3 2015,0.7425
Feb. 2 2015,0.7249
Jan. 30 2015,0.7109
Jan. 29 2015,0.721
Jan. 28 2015,0.7133
Jan. 27 2015,0.7315
Jan. 26 2015,0.7402
Jan. 23 2015,0.7362
Jan. 22 2015,0.7505
Jan. 21 2015,0.7228
Jan. 20 2015,0.7156
Jan. 16 2015,0.7209
Jan. 15 2015,0.7151
Jan. 14 2015,0.7427
Jan. 13 2015,0.7574
Jan. 12 2015,0.7628
Jan. 9 2015,0.7689
Jan. 8 2015,0.7864
Jan. 7 2015,0.7748
Jan. 6 2015,0.7676
Jan. 5 2015,0.7957
Jan. 2 2015,0.8216
Dec. 31 2014,0.8193
Dec. 30 2014,0.8172
Dec. 29 2014,0.8155
Dec. 26 2014,0.8111
Dec. 24 2014,0.8127
Dec. 23 2014,0.8109
Dec. 22 2014,0.8041
Dec. 19 2014,0.8048
Dec. 18 2014,0.8062
Dec. 17 2014,0.7816
Dec. 16 2014,0.7625
Dec. 15 2014,0.7866
Dec. 12 2014,0.7957
Dec. 11 2014,0.8123
Dec. 10 2014,0.8117
Dec. 9 2014,0.8322
Dec. 8 2014,0.84
Dec. 5 2014,0.8357
Dec. 4 2014,0.8223
Dec. 3 2014,0.8227
Dec. 2 2014,0.81
Dec. 1 2014,0.795
Nov. 28 2014,0.8042
Nov. 26 2014,0.8066
Nov. 25 2014,0.8096
Nov. 24 2014,0.8106
Nov. 21 2014,0.7996
Nov. 20 2014,0.7975
Nov. 19 2014,0.7996
Nov. 18 2014,0.8018
Nov. 17 2014,0.7983
Nov. 14 2014,0.7954
Nov. 13 2014,0.7963
Nov. 12 2014,0.796
Nov. 11 2014,0.8018
Nov. 10 2014,0.803
Nov. 7 2014,0.8009
Nov. 6 2014,0.8045
Nov. 5 2014,0.805
Nov. 4 2014,0.7926
Nov. 3 2014,0.7968
Oct. 31 2014,0.7977
Oct. 30 2014,0.792
Oct. 29 2014,0.7846
Oct. 28 2014,0.7814
Oct. 27 2014,0.7688
Oct. 24 2014,0.7719
Oct. 23 2014,0.7661
Oct. 22 2014,0.7555
Oct. 21 2014,0.764
Oct. 20 2014,0.753
Oct. 17 2014,0.7461
Oct. 16 2014,0.7413
Oct. 15 2014,0.7403
Oct. 14 2014,0.767
Oct. 13 2014,0.7436
Oct. 10 2014,0.7467
Oct. 9 2014,0.7621
Oct. 8 2014,0.7829
Oct. 7 2014,0.764
Oct. 6 2014,0.779
Oct. 3 2014,0.7796
Oct. 2 2014,0.7637
Oct. 1 2014,0.7615
Sept. 30 2014,0.7722
Sept. 29 2014,0.7797
Sept. 26 2014,0.7863
Sept. 25 2014,0.7783
Sept. 24 2014,0.7978
Sept. 23 2014,0.7915
Sept. 22 2014,0.7945
Sept. 19 2014,0.8011
Sept. 18 2014,0.8038
Sept. 17 2014,0.7848
Sept. 16 2014,0.7843
Sept. 15 2014,0.7836
Sept. 12 2014,0.7846
Sept. 11 2014,0.7824
Sept. 10 2014,0.7764
Sept. 9 2014,0.7679
Sept. 8 2014,0.7797
Sept. 5 2014,0.7834
Sept. 4 2014,0.786
Sept. 3 2014,0.7824
Sept. 2 2014,0.7783
Aug. 29 2014,0.7737
Aug. 28 2014,0.7698
Aug. 27 2014,0.7768
Aug. 26 2014,0.7809
Aug. 25 2014,0.7734
Aug. 22 2014,0.7629
Aug. 21 2014,0.765
Aug. 20 2014,0.746
Aug. 19 2014,0.7445
Aug. 18 2014,0.7416
Aug. 15 2014,0.7298
Aug. 14 2014,0.7359
Aug. 13 2014,0.7303
Aug. 12 2014,0.7256
Aug. 11 2014,0.7249
Aug. 8 2014,0.7258
Aug. 7 2014,0.7199
Aug. 6 2014,0.7211
Aug. 5 2014,0.7174
Aug. 4 2014,0.7241
Aug. 1 2014,0.7205
July 31 2014,0.7326
July 30 2014,0.749
July 29 2014,0.7403
July 28 2014,0.7445
July 25 2014,0.7494
July 24 2014,0.7503
July 23 2014,0.7517
July 22 2014,0.743
July 21 2014,0.7392
July 18 2014,0.7424
July 17 2014,0.7367
July 16 2014,0.7463
July 15 2014,0.7383
July 14 2014,0.7253
July 11 2014,0.704
July 10 2014,0.7025
July 9 2014,0.7097
July 8 2014,0.7103
July 7 2014,0.7187
July 3 2014,0.7226
July 2 2014,0.7192
July 1 2014,0.7109
June 30 2014,0.7055
June 27 2014,0.7116
June 26 2014,0.7129
June 25 2014,0.7218
June 24 2014,0.7217
June 23 2014,0.7255
June 20 2014,0.7146
June 19 2014,0.7179
June 18 2014,0.7235
June 17 2014,0.7214
June 16 2014,0.7191
June 13 2014,0.7184
June 12 2014,0.7286
June 11 2014,0.7368
June 10 2014,0.7446
June 9 2014,0.7484
June 6 2014,0.7386
June 5 2014,0.7341
June 4 2014,0.7228
June 3 2014,0.7274
June 2 2014,0.7209
May 30 2014,0.7181
May 29 2014,0.7137
May 28 2014,0.7143
May 27 2014,0.7181
May 23 2014,0.7138
May 22 2014,0.7116
May 21 2014,0.7072
May 20 2014,0.7027
May 19 2014,0.706
May 16 2014,0.701
May 15 2014,0.7022
May 14 2014,0.7113
May 13 2014,0.7158
May 12 2014,0.7135
May 9 2014,0.7093
May 8 2014,0.7116
May 7 2014,0.7049
May 6 2014,0.6998
May 5 2014,0.7122
May 2 2014,0.7205
May 1 2014,0.7209
April 30 2014,0.7232
April 29 2014,0.727
April 28 2014,0.714
April 25 2014,0.7208
April 24 2014,0.7295
April 23 2014,0.7306
April 22 2014,0.7249
April 21 2014,0.7221
April 17 2014,0.7279
April 16 2014,0.7273
April 15 2014,0.7292
April 14 2014,0.7196
April 11 2014,0.6895
April 10 2014,0.6978
April 9 2014,0.7119
April 8 2014,0.7034
April 7 2014,0.7027
April 4 2014,0.7111
April 3 2014,0.7197
April 2 2014,0.7282
April 1 2014,0.7215
March 31 2014,0.7185
March 28 2014,0.7265
March 27 2014,0.7296
March 26 2014,0.7713
March 25 2014,0.7734
March 24 2014,0.7696
March 21 2014,0.77
March 20 2014,0.7722
March 19 2014,0.7525
March 18 2014,0.7402
March 17 2014,0.7339
March 14 2014,0.7208
March 13 2014,0.7278
March 12 2014,0.7378
March 11 2014,0.7447
March 10 2014,0.7622
March 7 2014,0.763
March 6 2014,0.7644
March 5 2014,0.7599
March 4 2014,0.7508
March 3 2014,0.7321
Feb. 28 2014,0.7478
Feb. 27 2014,0.7487
Feb. 26 2014,0.743
Feb. 25 2014,0.7442
Feb. 24 2014,0.7531
Feb. 21 2014,0.7416
Feb. 20 2014,0.7396
Feb. 19 2014,0.7405
Feb. 18 2014,0.7588
Feb. 14 2014,0.761
Feb. 13 2014,0.7662
Feb. 12 2014,0.7677
Feb. 11 2014,0.7631
Feb. 10 2014,0.7579
Feb. 7 2014,0.7582
Feb. 6 2014,0.7414
Feb. 5 2014,0.7232
Feb. 4 2014,0.7188
Feb. 3 2014,0.7121
Jan. 31 2014,0.7288
Jan. 30 2014,0.7404
Jan. 29 2014,0.7371
Jan. 28 2014,0.7604
Jan. 27 2014,0.7483
Jan. 24 2014,0.7562
Jan. 23 2014,0.7775
Jan. 22 2014,0.7956
Jan. 21 2014,0.7949
Jan. 17 2014,0.8013
Jan. 16 2014,0.8064
Jan. 15 2014,0.843
Jan. 14 2014,0.8271
Jan. 13 2014,0.8235
Jan. 10 2014,0.8389
Jan. 9 2014,0.8462
Jan. 8 2014,0.8402
Jan. 7 2014,0.8306
Jan. 6 2014,0.8249
Jan. 3 2014,0.8186
Jan. 2 2014,0.8013
Dec. 31 2013,0.7989
Dec. 30 2013,0.8051
Dec. 27 2013,0.8103
Dec. 26 2013,0.8117
Dec. 24 2013,0.813
Dec. 23 2013,0.8127
Dec. 20 2013,0.8096
Dec. 19 2013,0.8044
Dec. 18 2013,0.8057
Dec. 17 2013,0.786
Dec. 16 2013,0.7892
Dec. 13 2013,0.7903
Dec. 12 2013,0.7894
Dec. 11 2013,0.7863
Dec. 10 2013,0.8023
Dec. 9 2013,0.808
Dec. 6 2013,0.7984
Dec. 5 2013,0.7917
Dec. 4 2013,0.8069
Dec. 3 2013,0.8083
Dec. 2 2013,0.8159
Nov. 29 2013,0.8206
Nov. 27 2013,0.8226
Nov. 26 2013,0.822
Nov. 25 2013,0.8263
Nov. 22 2013,0.8127
Nov. 21 2013,0.8021
Nov. 20 2013,0.7872
Nov. 19 2013,0.7934
Nov. 18 2013,0.7875
Nov. 15 2013,0.7815
Nov. 14 2013,0.7786
Nov. 13 2013,0.7751
Nov. 12 2013,0.7679
Nov. 11 2013,0.7779
Nov. 8 2013,0.7744
Nov. 7 2013,0.7497
Nov. 6 2013,0.7539
Nov. 5 2013,0.7502
Nov. 4 2013,0.7541
Nov. 1 2013,0.7558
Oct. 31 2013,0.7564
Oct. 30 2013,0.7736
Oct. 29 2013,0.7787
Oct. 28 2013,0.7776
Oct. 25 2013,0.7762
Oct. 24 2013,0.7776
Oct. 23 2013,0.7782
Oct. 22 2013,0.7871
Oct. 21 2013,0.7913
Oct. 18 2013,0.7931
Oct. 17 2013,0.7927
Oct. 16 2013,0.7883
Oct. 15 2013,0.7576
Oct. 14 2013,0.7691
Oct. 11 2013,0.7632
Oct. 10 2013,0.764
Oct. 9 2013,0.7435
Oct. 8 2013,0.7392
Oct. 7 2013,0.7471
Oct. 4 2013,0.762
Oct. 3 2013,0.7505
Oct. 2 2013,0.7553
Oct. 1 2013,0.7536
Sept. 30 2013,0.7522
Sept. 27 2013,0.7758
Sept. 26 2013,0.7765
Sept. 25 2013,0.7817
Sept. 24 2013,0.7769
Sept. 23 2013,0.7866
Sept. 20 2013,0.8127
Sept. 19 2013,0.8244
Sept. 18 2013,0.8285
Sept. 17 2013,0.8125
Sept. 16 2013,0.8093
Sept. 13 2013,0.8012
Sept. 12 2013,0.7976
Sept. 11 2013,0.805
Sept. 10 2013,0.8107
Sept. 9 2013,0.7949
Sept. 6 2013,0.7811
Sept. 5 2013,0.7912
Sept. 4 2013,0.7871
Sept. 3 2013,0.7835
Aug. 30 2013,0.7669
Aug. 29 2013,0.7692
Aug. 28 2013,0.7666
Aug. 27 2013,0.7655
Aug. 26 2013,0.7871
Aug. 23 2013,0.7908
Aug. 22 2013,0.792
Aug. 21 2013,0.7801
Aug. 20 2013,0.7922
Aug. 19 2013,0.7828
Aug. 16 2013,0.799
Aug. 15 2013,0.8071
Aug. 14 2013,0.8187
Aug. 13 2013,0.8215
Aug. 12 2013,0.8077
Aug. 9 2013,0.8144
Aug. 8 2013,0.8217
Aug. 7 2013,0.8173
Aug. 6 2013,0.8169
Aug. 5 2013,0.839
Aug. 2 2013,0.8411
Aug. 1 2013,0.8388
July 31 2013,0.8274
July 30 2013,0.8217
July 29 2013,0.8195
July 26 2013,0.8285
July 25 2013,0.8357
July 24 2013,0.8282
July 23 2013,0.8392
July 22 2013,0.8411
July 19 2013,0.8307
July 18 2013,0.8361
July 17 2013,0.8219
July 16 2013,0.8225
July 15 2013,0.8222
July 12 2013,0.8063
July 11 2013,0.7941
July 10 2013,0.7876
July 9 2013,0.7968
July 8 2013,0.7858
July 5 2013,0.7701
July 3 2013,0.7565
July 2 2013,0.7641
July 1 2013,0.7657
June 28 2013,0.7674
June 27 2013,0.7723
June 26 2013,0.7616
June 25 2013,0.7518
June 24 2013,0.7269
June 21 2013,0.7498
June 20 2013,0.7662
June 19 2013,0.7923
June 18 2013,0.80
June 17 2013,0.7896
June 14 2013,0.7873
June 13 2013,0.8045
June 12 2013,0.7909
June 11 2013,0.799
June 10 2013,0.8307
June 7 2013,0.8254
June 6 2013,0.8131
June 5 2013,0.8003
June 4 2013,0.8195
June 3 2013,0.8312
May 31 2013,0.8317
May 30 2013,0.8521
May 29 2013,0.8363
May 28 2013,0.8285
May 24 2013,0.8081
May 23 2013,0.8083
May 22 2013,0.8158
May 21 2013,0.8264
May 20 2013,0.8254
May 17 2013,0.823
May 16 2013,0.8096
May 15 2013,0.8213
May 14 2013,0.8013
May 13 2013,0.7825
May 10 2013,0.7798
May 9 2013,0.7774
May 8 2013,0.7885
May 7 2013,0.7696
May 6 2013,0.7595
May 3 2013,0.7514
May 2 2013,0.7445
May 1 2013,0.7338
April 30 2013,0.7464
April 29 2013,0.749
April 26 2013,0.7506
April 25 2013,0.7536
April 24 2013,0.7538
April 23 2013,0.7432
April 22 2013,0.7222
April 19 2013,0.7203
April 18 2013,0.7213
April 17 2013,0.7317
April 16 2013,0.7464
April 15 2013,0.7178
April 12 2013,0.7163
April 11 2013,0.7178
April 10 2013,0.7208
April 9 2013,0.7021
April 8 2013,0.6968
April 5 2013,0.688
April 4 2013,0.6842
April 3 2013,0.6799
April 2 2013,0.7056
April 1 2013,0.7005
March 28 2013,0.7216
March 27 2013,0.7252
March 26 2013,0.7312
March 25 2013,0.7257
March 22 2013,0.7378
March 21 2013,0.7378
March 20 2013,0.7518
March 19 2013,0.7469
March 18 2013,0.7542
March 15 2013,0.7709
March 14 2013,0.7741
March 13 2013,0.7661
March 12 2013,0.7658
March 11 2013,0.7764
March 8 2013,0.7614
March 7 2013,0.734
March 6 2013,0.7271
March 5 2013,0.7112
March 4 2013,0.7004
March 1 2013,0.6869
Feb. 28 2013,0.6846
Feb. 27 2013,0.6877
Feb. 26 2013,0.6735
Feb. 25 2013,0.6712
Feb. 22 2013,0.6973
Feb. 21 2013,0.6901
Feb. 20 2013,0.7043
Feb. 19 2013,0.7251
Feb. 15 2013,0.7144
Feb. 14 2013,0.7222
Feb. 13 2013,0.717
Feb. 12 2013,0.7227
Feb. 11 2013,0.7031
Feb. 8 2013,0.6955
Feb. 7 2013,0.6986
Feb. 6 2013,0.7015
Feb. 5 2013,0.6994
Feb. 4 2013,0.6878
Feb. 1 2013,0.701
Jan. 31 2013,0.687
Jan. 30 2013,0.6813
Jan. 29 2013,0.6848
Jan. 28 2013,0.6877
Jan. 25 2013,0.6969
Jan. 24 2013,0.6951
Jan. 23 2013,0.6825
Jan. 22 2013,0.6786
Jan. 18 2013,0.6766
Jan. 17 2013,0.6698
Jan. 16 2013,0.69
Jan. 15 2013,0.6914
Jan. 14 2013,0.6857
Jan. 11 2013,0.6877
Jan. 10 2013,0.6956
Jan. 9 2013,0.6828
Jan. 8 2013,0.6896
Jan. 7 2013,0.6898
Jan. 4 2013,0.6891
Jan. 3 2013,0.6722
Jan. 2 2013,0.67
Dec. 31 2012,0.6425
Dec. 28 2012,0.6135
Dec. 27 2012,0.6173
Dec. 26 2012,0.622
Dec. 24 2012,0.6193
Dec. 21 2012,0.6211
Dec. 20 2012,0.6318
Dec. 19 2012,0.6204
Dec. 18 2012,0.6206
Dec. 17 2012,0.6157
Dec. 14 2012,0.5913
Dec. 13 2012,0.5865
Dec. 12 2012,0.5902
Dec. 11 2012,0.5819
Dec. 10 2012,0.5849
Dec. 7 2012,0.592
Dec. 6 2012,0.5822
Dec. 5 2012,0.5734
Dec. 4 2012,0.5393
Dec. 3 2012,0.5382
Nov. 30 2012,0.5437
Nov. 29 2012,0.5537
Nov. 28 2012,0.5515
Nov. 27 2012,0.5511
Nov. 26 2012,0.5594
Nov. 23 2012,0.5666
Nov. 21 2012,0.5626
Nov. 20 2012,0.5662
Nov. 19 2012,0.5677
Nov. 16 2012,0.5501
Nov. 15 2012,0.5537
Nov. 14 2012,0.5508
Nov. 13 2012,0.5687
Nov. 12 2012,0.5728
Nov. 9 2012,0.5651
Nov. 8 2012,0.5662
Nov. 7 2012,0.567
Nov. 6 2012,0.605
Nov. 5 2012,0.5869
Nov. 2 2012,0.5913
Nov. 1 2012,0.5968
Oct. 31 2012,0.588
Oct. 26 2012,0.5756
Oct. 25 2012,0.5883
Oct. 24 2012,0.5866
Oct. 23 2012,0.5802
Oct. 22 2012,0.5932
Oct. 19 2012,0.5844
Oct. 18 2012,0.6042
Oct. 17 2012,0.6044
Oct. 16 2012,0.5858
Oct. 15 2012,0.5765
Oct. 12 2012,0.5465
Oct. 11 2012,0.5586
Oct. 10 2012,0.5526
Oct. 9 2012,0.5442
Oct. 8 2012,0.547
Oct. 5 2012,0.5468
Oct. 4 2012,0.5498
Oct. 3 2012,0.5357
Oct. 2 2012,0.5231
Oct. 1 2012,0.5151
Sept. 28 2012,0.5226
Sept. 27 2012,0.5266
Sept. 26 2012,0.5193
Sept. 25 2012,0.5248
Sept. 24 2012,0.5349
Sept. 21 2012,0.5378
Sept. 20 2012,0.54
Sept. 19 2012,0.5459
Sept. 18 2012,0.5421
Sept. 17 2012,0.544
Sept. 14 2012,0.5557
Sept. 13 2012,0.5502
Sept. 12 2012,0.5279
Sept. 11 2012,0.5217
Sept. 10 2012,0.5084
Sept. 7 2012,0.5122
Sept. 6 2012,0.4971
Sept. 5 2012,0.4755
Sept. 4 2012,0.4744
Aug. 31 2012,0.4745
Aug. 30 2012,0.4736
Aug. 29 2012,0.4777
Aug. 28 2012,0.4686
Aug. 27 2012,0.4742
Aug. 24 2012,0.4765
Aug. 23 2012,0.4725
Aug. 22 2012,0.487
Aug. 21 2012,0.4908
Aug. 20 2012,0.4788
Aug. 17 2012,0.4637
Aug. 16 2012,0.4603
Aug. 15 2012,0.459
Aug. 14 2012,0.4595
Aug. 13 2012,0.4597
Aug. 10 2012,0.4616
Aug. 9 2012,0.461
Aug. 8 2012,0.461
Aug. 7 2012,0.4614
Aug. 6 2012,0.4562
Aug. 3 2012,0.4376
Aug. 2 2012,0.4182
Aug. 1 2012,0.4277
July 31 2012,0.4333
July 30 2012,0.4335
July 27 2012,0.436
July 26 2012,0.4198
July 25 2012,0.4119
July 24 2012,0.4031
July 23 2012,0.4047
July 20 2012,0.4132
July 19 2012,0.4247
July 18 2012,0.4328
July 17 2012,0.4373
July 16 2012,0.4282
July 13 2012,0.4257
July 12 2012,0.4038
July 11 2012,0.4132
July 10 2012,0.4134
July 9 2012,0.417
July 6 2012,0.421
July 5 2012,0.4287
July 3 2012,0.4416
July 2 2012,0.4386
June 29 2012,0.4428
June 28 2012,0.4263
June 27 2012,0.4378
June 26 2012,0.4318
June 25 2012,0.4321
June 22 2012,0.4522
June 21 2012,0.4496
June 20 2012,0.4662
June 19 2012,0.4604
June 18 2012,0.4451
June 15 2012,0.4573
June 14 2012,0.4509
June 13 2012,0.447
June 12 2012,0.4462
June 11 2012,0.4278
June 8 2012,0.4486
June 7 2012,0.4347
June 6 2012,0.4384
June 5 2012,0.416
June 4 2012,0.401
June 1 2012,0.4102
May 31 2012,0.4283
May 30 2012,0.42
May 29 2012,0.4365
May 25 2012,0.4276
May 24 2012,0.4307
May 23 2012,0.4349
May 22 2012,0.4349
May 21 2012,0.4241
May 18 2012,0.4202
May 17 2012,0.4266
May 16 2012,0.4349
May 15 2012,0.4489
May 14 2012,0.4546
May 11 2012,0.4741
May 10 2012,0.4951
May 9 2012,0.4919
May 8 2012,0.506
May 7 2012,0.5116
May 4 2012,0.5105
May 3 2012,0.5247
May 2 2012,0.5282
May 1 2012,0.5428
April 30 2012,0.5338
April 27 2012,0.5412
April 26 2012,0.5473
April 25 2012,0.5441
April 24 2012,0.5399
April 23 2012,0.5371
April 20 2012,0.5475
April 19 2012,0.563
April 18 2012,0.5667
April 17 2012,0.5667
April 16 2012,0.5492
April 13 2012,0.5397
April 12 2012,0.5593
April 11 2012,0.5425
April 10 2012,0.5308
April 9 2012,0.5488
April 5 2012,0.562
April 4 2012,0.5661
April 3 2012,0.5875
April 2 2012,0.5956
March 30 2012,0.6035
March 29 2012,0.6028
March 28 2012,0.6119
March 27 2012,0.6073
March 26 2012,0.618
March 23 2012,0.6132
March 22 2012,0.6093
March 21 2012,0.6241
March 20 2012,0.6288
March 19 2012,0.6137
March 16 2012,0.6058
March 15 2012,0.5989
March 14 2012,0.5814
March 13 2012,0.6018
March 12 2012,0.5662
March 9 2012,0.5647
March 8 2012,0.5614
March 7 2012,0.5488
March 6 2012,0.5304
March 5 2012,0.5561
March 2 2012,0.563
March 1 2012,0.5635
Feb. 29 2012,0.5502
Feb. 28 2012,0.5528
Feb. 27 2012,0.5437
Feb. 24 2012,0.5342
Feb. 23 2012,0.5401
Feb. 22 2012,0.5343
Feb. 21 2012,0.5508
Feb. 17 2012,0.5432
Feb. 16 2012,0.5397
Feb. 15 2012,0.5234
Feb. 14 2012,0.5293
Feb. 13 2012,0.5425
Feb. 10 2012,0.5433
Feb. 9 2012,0.5554
Feb. 8 2012,0.5648
Feb. 7 2012,0.5457
Feb. 6 2012,0.5495
Feb. 3 2012,0.5534
Feb. 2 2012,0.5278
Feb. 1 2012,0.5214
Jan. 31 2012,0.5069
Jan. 30 2012,0.498
Jan. 27 2012,0.5085
Jan. 26 2012,0.5005
Jan. 25 2012,0.4935
Jan. 24 2012,0.4925
Jan. 23 2012,0.4917
Jan. 20 2012,0.4883
Jan. 19 2012,0.4832
Jan. 18 2012,0.4782
Jan. 17 2012,0.4648
Jan. 13 2012,0.5064
Jan. 12 2012,0.5206
Jan. 11 2012,0.5151
Jan. 10 2012,0.4942
Jan. 9 2012,0.479
Jan. 6 2012,0.4703
Jan. 5 2012,0.4696
Jan. 4 2012,0.464
Jan. 3 2012,0.4667
Dec. 30 2011,0.4344
Dec. 29 2011,0.4419
Dec. 28 2011,0.4315
Dec. 27 2011,0.4442
Dec. 23 2011,0.4534
Dec. 22 2011,0.4566
Dec. 21 2011,0.431
Dec. 20 2011,0.4285
Dec. 19 2011,0.4098
Dec. 16 2011,0.4298
Dec. 15 2011,0.4279
Dec. 14 2011,0.4302
Dec. 13 2011,0.4442
Dec. 12 2011,0.4495
Dec. 9 2011,0.4751
Dec. 8 2011,0.4582
Dec. 7 2011,0.4926
Dec. 6 2011,0.4912
Dec. 5 2011,0.4926
Dec. 2 2011,0.4652
Dec. 1 2011,0.4457
Nov. 30 2011,0.4538
Nov. 29 2011,0.4168
Nov. 28 2011,0.4136
Nov. 25 2011,0.3902
Nov. 23 2011,0.3882
Nov. 22 2011,0.4039
Nov. 21 2011,0.4128
Nov. 18 2011,0.4339
Nov. 17 2011,0.4293
Nov. 16 2011,0.4435
Nov. 15 2011,0.4627
Nov. 14 2011,0.4686
Nov. 11 2011,0.4843
Nov. 10 2011,0.4728
Nov. 9 2011,0.4764
Nov. 8 2011,0.5188
Nov. 7 2011,0.5045
Nov. 4 2011,0.501
Nov. 3 2011,0.5083
Nov. 2 2011,0.4926
Nov. 1 2011,0.4817
Oct. 31 2011,0.5216
Oct. 28 2011,0.5641
Oct. 27 2011,0.5576
Oct. 26 2011,0.5144
Oct. 25 2011,0.5102
Oct. 24 2011,0.5218
Oct. 21 2011,0.5003
Oct. 20 2011,0.4967
Oct. 19 2011,0.4853
Oct. 18 2011,0.4934
Oct. 17 2011,0.4612
Oct. 14 2011,0.469
Oct. 13 2011,0.4564
Oct. 12 2011,0.4822
Oct. 11 2011,0.4597
Oct. 10 2011,0.4374
Oct. 7 2011,0.4067
Oct. 6 2011,0.4297
Oct. 5 2011,0.408
Oct. 4 2011,0.4027
Oct. 3 2011,0.3816
Sept. 30 2011,0.423
Sept. 29 2011,0.4458
Sept. 28 2011,0.4296
Sept. 27 2011,0.4473
Sept. 26 2011,0.4429
Sept. 23 2011,0.414
Sept. 22 2011,0.3971
Sept. 21 2011,0.423
Sept. 20 2011,0.4463
Sept. 19 2011,0.4593
Sept. 16 2011,0.4805
Sept. 15 2011,0.4739
Sept. 14 2011,0.454
Sept. 13 2011,0.4483
Sept. 12 2011,0.4468
Sept. 9 2011,0.4432
Sept. 8 2011,0.4638
Sept. 7 2011,0.4803
Sept. 6 2011,0.4591
Sept. 2 2011,0.4707
Sept. 1 2011,0.4972
Aug. 31 2011,0.5146
Aug. 30 2011,0.5128
Aug. 29 2011,0.5186
Aug. 26 2011,0.4946
Aug. 25 2011,0.4944
Aug. 24 2011,0.4715
Aug. 23 2011,0.4528
Aug. 22 2011,0.4319
Aug. 19 2011,0.4437
Aug. 18 2011,0.4638
Aug. 17 2011,0.4947
Aug. 16 2011,0.4962
Aug. 15 2011,0.5183
Aug. 12 2011,0.4947
Aug. 11 2011,0.502
Aug. 10 2011,0.4722
Aug. 9 2011,0.5274
Aug. 8 2011,0.4633
Aug. 5 2011,0.5542
Aug. 4 2011,0.577
Aug. 3 2011,0.6176
Aug. 2 2011,0.6139
Aug. 1 2011,0.6378
July 29 2011,0.6355
July 28 2011,0.6328
July 27 2011,0.6343
July 26 2011,0.6583
July 25 2011,0.6615
July 22 2011,0.6673
July 21 2011,0.6683
July 20 2011,0.6401
July 19 2011,0.6302
July 18 2011,0.6255
July 15 2011,0.6361
July 14 2011,0.6467
July 13 2011,0.6542
July 12 2011,0.6476
July 11 2011,0.6595
July 8 2011,0.6966
July 7 2011,0.7066
July 6 2011,0.6963
July 5 2011,0.7056
July 1 2011,0.7107
June 30 2011,0.6902
June 29 2011,0.71
June 28 2011,0.6869
June 27 2011,0.6841
June 24 2011,0.6773
June 23 2011,0.6742
June 22 2011,0.6759
June 21 2011,0.6725
June 20 2011,0.6528
June 17 2011,0.6552
June 16 2011,0.6437
June 15 2011,0.6501
June 14 2011,0.6634
June 13 2011,0.6701
June 10 2011,0.6487
June 9 2011,0.6461
June 8 2011,0.6297
June 7 2011,0.6429
June 6 2011,0.6513
June 3 2011,0.6817
June 2 2011,0.6845
June 1 2011,0.6783
May 31 2011,0.704
May 27 2011,0.7009
May 26 2011,0.6881
May 25 2011,0.6899
May 24 2011,0.693
May 23 2011,0.687
May 20 2011,0.7017
May 19 2011,0.7079
May 18 2011,0.7055
May 17 2011,0.7106
May 16 2011,0.7046
May 13 2011,0.7105
May 12 2011,0.7257
May 11 2011,0.7342
May 10 2011,0.7561
May 9 2011,0.7555
May 6 2011,0.7732
May 5 2011,0.7664
May 4 2011,0.7724
May 3 2011,0.7732
May 2 2011,0.7681
April 29 2011,0.7852
April 28 2011,0.7852
April 27 2011,0.7715
April 26 2011,0.7715
April 25 2011,0.7732
April 21 2011,0.7784
April 20 2011,0.7818
April 19 2011,0.775
April 18 2011,0.7561
April 15 2011,0.7561
April 14 2011,0.7579
April 13 2011,0.7698
April 12 2011,0.7784
April 11 2011,0.775
April 8 2011,0.7801
April 7 2011,0.7835
April 6 2011,0.7852
April 5 2011,0.7647
April 4 2011,0.7579
April 1 2011,0.7613
March 31 2011,0.7561
March 30 2011,0.7942
March 29 2011,0.7942
March 28 2011,0.7906
March 25 2011,0.796
March 24 2011,0.7906
March 23 2011,0.7853
March 22 2011,0.7888
March 21 2011,0.7911
March 18 2011,0.8031
March 17 2011,0.7942
March 16 2011,0.7835
March 15 2011,0.7924
March 14 2011,0.8103
March 11 2011,0.8156
March 10 2011,0.8103
March 9 2011,0.8299
March 8 2011,0.8281
March 7 2011,0.8067
March 4 2011,0.8103
March 3 2011,0.8352
March 2 2011,0.821
March 1 2011,0.8156
Feb. 28 2011,0.8352
Feb. 25 2011,0.8388
Feb. 24 2011,0.837
Feb. 23 2011,0.8388
Feb. 22 2011,0.837
Feb. 18 2011,0.8744
Feb. 17 2011,0.8798
Feb. 16 2011,0.8726
Feb. 15 2011,0.8744
Feb. 14 2011,0.8744
Feb. 11 2011,0.8691
Feb. 10 2011,0.8513
Feb. 9 2011,0.8619
Feb. 8 2011,0.8708
Feb. 7 2011,0.8726
Feb. 4 2011,0.8584
Feb. 3 2011,0.8566
Feb. 2 2011,0.8637
Feb. 1 2011,0.8726
Jan. 31 2011,0.8584
Jan. 28 2011,0.8406
Jan. 27 2011,0.8602
Jan. 26 2011,0.8567
Jan. 25 2011,0.8584
Jan. 24 2011,0.8656
Jan. 21 2011,0.8709
Jan. 20 2011,0.8549
Jan. 19 2011,0.8478
Jan. 18 2011,0.8549
Jan. 14 2011,0.9137
Jan. 13 2011,0.8976
Jan. 12 2011,0.9048
Jan. 11 2011,0.8798
Jan. 10 2011,0.8745
Jan. 7 2011,0.8798
Jan. 6 2011,0.8816
Jan. 5 2011,0.8852
Jan. 4 2011,0.8727
Jan. 3 2011,0.8727
Dec. 31 2010,0.8424
Dec. 30 2010,0.8504
Dec. 29 2010,0.8522
Dec. 28 2010,0.854
Dec. 27 2010,0.8522
Dec. 23 2010,0.8361
Dec. 22 2010,0.8451
Dec. 21 2010,0.8468
Dec. 20 2010,0.8415
Dec. 17 2010,0.8397
Dec. 16 2010,0.8194
Dec. 15 2010,0.82
Dec. 14 2010,0.8379
Dec. 13 2010,0.8594
Dec. 10 2010,0.8522
Dec. 9 2010,0.8375
Dec. 8 2010,0.829
Dec. 7 2010,0.8254
Dec. 6 2010,0.795
Dec. 3 2010,0.795
Dec. 2 2010,0.7897
Dec. 1 2010,0.7682
Nov. 30 2010,0.7504
Nov. 29 2010,0.7414
Nov. 26 2010,0.7343
Nov. 24 2010,0.7447
Nov. 23 2010,0.7325
Nov. 22 2010,0.7468
Nov. 19 2010,0.7625
Nov. 18 2010,0.7682
Nov. 17 2010,0.7486
Nov. 16 2010,0.7539
Nov. 15 2010,0.7718
Nov. 12 2010,0.7664
Nov. 11 2010,0.779
Nov. 10 2010,0.7897
Nov. 9 2010,0.7682
Nov. 8 2010,0.7929
Nov. 5 2010,0.8022
Nov. 4 2010,0.7736
Nov. 3 2010,0.7486
Nov. 2 2010,0.745
Nov. 1 2010,0.7414
Oct. 29 2010,0.745
Oct. 28 2010,0.745
Oct. 27 2010,0.745
Oct. 26 2010,0.7468
Oct. 25 2010,0.7521
Oct. 22 2010,0.7343
Oct. 21 2010,0.7271
Oct. 20 2010,0.7343
Oct. 19 2010,0.7253
Oct. 18 2010,0.745
Oct. 15 2010,0.7057
Oct. 14 2010,0.7253
Oct. 13 2010,0.7593
Oct. 12 2010,0.7575
Oct. 11 2010,0.7468
Oct. 8 2010,0.7486
Oct. 7 2010,0.7468
Oct. 6 2010,0.7343
Oct. 5 2010,0.7378
Oct. 4 2010,0.72
Oct. 1 2010,0.7307
Sept. 30 2010,0.6985
Sept. 29 2010,0.7352
Sept. 28 2010,0.7281
Sept. 27 2010,0.7258
Sept. 24 2010,0.7321
Sept. 23 2010,0.7126
Sept. 22 2010,0.7276
Sept. 21 2010,0.7389
Sept. 20 2010,0.7483
Sept. 17 2010,0.7408
Sept. 16 2010,0.7445
Sept. 15 2010,0.7352
Sept. 14 2010,0.7389
Sept. 13 2010,0.7483
Sept. 10 2010,0.7333
Sept. 9 2010,0.7333
Sept. 8 2010,0.7201
Sept. 7 2010,0.7183
Sept. 3 2010,0.7333
Sept. 2 2010,0.7276
Sept. 1 2010,0.7216
Aug. 31 2010,0.6956
Aug. 30 2010,0.6883
Aug. 27 2010,0.7051
Aug. 26 2010,0.6864
Aug. 25 2010,0.6901
Aug. 24 2010,0.6958
Aug. 23 2010,0.7033
Aug. 20 2010,0.7033
Aug. 19 2010,0.7108
Aug. 18 2010,0.7239
Aug. 17 2010,0.722
Aug. 16 2010,0.7258
Aug. 13 2010,0.7276
Aug. 12 2010,0.7258
Aug. 11 2010,0.722
Aug. 10 2010,0.7502
Aug. 9 2010,0.7652
Aug. 6 2010,0.7614
Aug. 5 2010,0.7689
Aug. 4 2010,0.7764
Aug. 3 2010,0.7745
Aug. 2 2010,0.7858
July 30 2010,0.769
July 29 2010,0.7727
July 28 2010,0.7671
July 27 2010,0.7802
July 26 2010,0.7783
July 23 2010,0.754
July 22 2010,0.7671
July 21 2010,0.7389
July 20 2010,0.7483
July 19 2010,0.7465
July 16 2010,0.7314
July 15 2010,0.7802
July 14 2010,0.7896
July 13 2010,0.8065
July 12 2010,0.7708
July 9 2010,0.7577
July 8 2010,0.7446
July 7 2010,0.7314
July 6 2010,0.7108
July 2 2010,0.7108
July 1 2010,0.7089
June 30 2010,0.7052
June 29 2010,0.7153
June 28 2010,0.7671
June 25 2010,0.7556
June 24 2010,0.7249
June 23 2010,0.746
June 22 2010,0.7556
June 21 2010,0.771
June 18 2010,0.769
June 17 2010,0.7595
June 16 2010,0.7652
June 15 2010,0.7652
June 14 2010,0.7441
June 11 2010,0.7441
June 10 2010,0.7479
June 9 2010,0.7422
June 8 2010,0.7134
June 7 2010,0.6981
June 4 2010,0.7269
June 3 2010,0.7595
June 2 2010,0.7518
June 1 2010,0.7384
May 28 2010,0.7595
May 27 2010,0.771
May 26 2010,0.7403
May 25 2010,0.7249
May 24 2010,0.7249
May 21 2010,0.7192
May 20 2010,0.6962
May 19 2010,0.7307
May 18 2010,0.7153
May 17 2010,0.7403
May 14 2010,0.7633
May 13 2010,0.7844
May 12 2010,0.8016
May 11 2010,0.7997
May 10 2010,0.8093
May 7 2010,0.7671
May 6 2010,0.7748
May 5 2010,0.8016
May 4 2010,0.817
May 3 2010,0.8458
April 30 2010,0.8381
April 29 2010,0.8637
April 28 2010,0.8428
April 27 2010,0.822
April 26 2010,0.8731
April 23 2010,0.9205
April 22 2010,0.9224
April 21 2010,0.9337
April 20 2010,0.9413
April 19 2010,0.9243
April 16 2010,0.8637
April 15 2010,0.911
April 14 2010,0.9337
April 13 2010,0.875
April 12 2010,0.8788
April 9 2010,0.8618
April 8 2010,0.8466
April 7 2010,0.8258
April 6 2010,0.8125
April 5 2010,0.8068
April 1 2010,0.7917
March 31 2010,0.7671
March 30 2010,0.7665
March 29 2010,0.7834
March 26 2010,0.8077
March 25 2010,0.8002
March 24 2010,0.7777
March 23 2010,0.774
March 22 2010,0.7571
March 19 2010,0.7309
March 18 2010,0.7534
March 17 2010,0.759
March 16 2010,0.759
March 15 2010,0.729
March 12 2010,0.744
March 11 2010,0.7834
March 10 2010,0.7421
March 9 2010,0.7159
March 8 2010,0.6672
March 5 2010,0.6559
March 4 2010,0.6428
March 3 2010,0.6372
March 2 2010,0.6372
March 1 2010,0.6353
Feb. 26 2010,0.6372
Feb. 25 2010,0.6353
Feb. 24 2010,0.6447
Feb. 23 2010,0.626
Feb. 22 2010,0.6466
Feb. 19 2010,0.6391
Feb. 18 2010,0.641
Feb. 17 2010,0.6372
Feb. 16 2010,0.6185
Feb. 12 2010,0.5942
Feb. 11 2010,0.5999
Feb. 10 2010,0.598
Feb. 9 2010,0.5942
Feb. 8 2010,0.5886
Feb. 5 2010,0.6017
Feb. 4 2010,0.5942
Feb. 3 2010,0.6298
Feb. 2 2010,0.6372
Feb. 1 2010,0.6241
Jan. 29 2010,0.6206
Jan. 28 2010,0.6056
Jan. 27 2010,0.5981
Jan. 26 2010,0.5888
Jan. 25 2010,0.6037
Jan. 22 2010,0.6075
Jan. 21 2010,0.6112
Jan. 20 2010,0.6467
Jan. 19 2010,0.6617
Jan. 15 2010,0.6392
Jan. 14 2010,0.6561
Jan. 13 2010,0.6542
Jan. 12 2010,0.6579
Jan. 11 2010,0.6785
Jan. 8 2010,0.671
Jan. 7 2010,0.6822
Jan. 6 2010,0.6804
Jan. 5 2010,0.6598
Jan. 4 2010,0.6355
Dec. 31 2009,0.6187
Dec. 30 2009,0.5402
Dec. 29 2009,0.5483
Dec. 28 2009,0.5515
Dec. 24 2009,0.545
Dec. 23 2009,0.5353
Dec. 22 2009,0.5434
Dec. 21 2009,0.5564
Dec. 18 2009,0.5532
Dec. 17 2009,0.5206
Dec. 16 2009,0.5613
Dec. 15 2009,0.5792
Dec. 14 2009,0.602
Dec. 11 2009,0.6427
Dec. 10 2009,0.6296
Dec. 9 2009,0.628
Dec. 8 2009,0.6361
Dec. 7 2009,0.6557
Dec. 4 2009,0.6606
Dec. 3 2009,0.6589
Dec. 2 2009,0.6671
Dec. 1 2009,0.6671
Nov. 30 2009,0.6687
Nov. 27 2009,0.6606
Nov. 25 2009,0.6784
Nov. 24 2009,0.685
Nov. 23 2009,0.6963
Nov. 20 2009,0.6833
Nov. 19 2009,0.6931
Nov. 18 2009,0.698
Nov. 17 2009,0.6898
Nov. 16 2009,0.6801
Nov. 13 2009,0.6589
Nov. 12 2009,0.6606
Nov. 11 2009,0.6768
Nov. 10 2009,0.6801
Nov. 9 2009,0.6817
Nov. 6 2009,0.6606
Nov. 5 2009,0.6606
Nov. 4 2009,0.6459
Nov. 3 2009,0.6573
Nov. 2 2009,0.6492
Oct. 30 2009,0.6654
Oct. 29 2009,0.7012
Oct. 28 2009,0.6638
Oct. 27 2009,0.6947
Oct. 26 2009,0.6947
Oct. 23 2009,0.7256
Oct. 22 2009,0.7256
Oct. 21 2009,0.7191
Oct. 20 2009,0.7208
Oct. 19 2009,0.7386
Oct. 16 2009,0.7468
Oct. 15 2009,0.7728
Oct. 14 2009,0.8135
Oct. 13 2009,0.7858
Oct. 12 2009,0.7761
Oct. 9 2009,0.7533
Oct. 8 2009,0.7565
Oct. 7 2009,0.7549
Oct. 6 2009,0.7598
Oct. 5 2009,0.7598
Oct. 2 2009,0.7354
Oct. 1 2009,0.737
Sept. 30 2009,0.7875
Sept. 29 2009,0.3319
Sept. 28 2009,0.3227
Sept. 25 2009,0.3093
Sept. 24 2009,0.3128
Sept. 23 2009,0.3192
Sept. 22 2009,0.3283
Sept. 21 2009,0.3128
Sept. 18 2009,0.3008
Sept. 17 2009,0.3121
Sept. 16 2009,0.2966
Sept. 15 2009,0.2909
Sept. 14 2009,0.3192
Sept. 11 2009,0.3255
Sept. 10 2009,0.3354
Sept. 9 2009,0.329
Sept. 8 2009,0.3305
Sept. 4 2009,0.3425
Sept. 3 2009,0.3368
Sept. 2 2009,0.322
Sept. 1 2009,0.3206
Aug. 31 2009,0.3531
Aug. 28 2009,0.3693
Aug. 27 2009,0.3566
Aug. 26 2009,0.3269
Aug. 25 2009,0.3354
Aug. 24 2009,0.3403
Aug. 21 2009,0.3319
Aug. 20 2009,0.3163
Aug. 19 2009,0.2916
Aug. 18 2009,0.2923
Aug. 17 2009,0.2824
Aug. 14 2009,0.2853
Aug. 13 2009,0.2867
Aug. 12 2009,0.281
Aug. 11 2009,0.2606
Aug. 10 2009,0.2782
Aug. 7 2009,0.2719
Aug. 6 2009,0.2683
Aug. 5 2009,0.2528
Aug. 4 2009,0.2295
Aug. 3 2009,0.2245
July 31 2009,0.2238
July 30 2009,0.2217
July 29 2009,0.2274
July 28 2009,0.2097
July 27 2009,0.1899
July 24 2009,0.1928
July 23 2009,0.1956
July 22 2009,0.1977
July 21 2009,0.1871
July 20 2009,0.197
July 17 2009,0.2132
July 16 2009,0.214
July 15 2009,0.2238
July 14 2009,0.2062
July 13 2009,0.1963
July 10 2009,0.1829
July 9 2009,0.1899
July 8 2009,0.185
July 7 2009,0.1899
July 6 2009,0.197
July 2 2009,0.2034
July 1 2009,0.2097
June 30 2009,0.2097
June 29 2009,0.2389
June 26 2009,0.2397
June 25 2009,0.2397
June 24 2009,0.2405
June 23 2009,0.2381
June 22 2009,0.2373
June 19 2009,0.2508
June 18 2009,0.2476
June 17 2009,0.2436
June 16 2009,0.2571
June 15 2009,0.2666
June 12 2009,0.2745
June 11 2009,0.2753
June 10 2009,0.2753
June 9 2009,0.2698
June 8 2009,0.2705
June 5 2009,0.2737
June 4 2009,0.2824
June 3 2009,0.2682
June 2 2009,0.2777
June 1 2009,0.2919
May 29 2009,0.2943
May 28 2009,0.2903
May 27 2009,0.2927
May 26 2009,0.2982
May 22 2009,0.2903
May 21 2009,0.2943
May 20 2009,0.2919
May 19 2009,0.2982
May 18 2009,0.2879
May 15 2009,0.2753
May 14 2009,0.2808
May 13 2009,0.2698
May 12 2009,0.2895
May 11 2009,0.3054
May 8 2009,0.318
May 7 2009,0.3014
May 6 2009,0.3054
May 5 2009,0.2618
May 4 2009,0.2531
May 1 2009,0.2349
April 30 2009,0.2413
April 29 2009,0.2468
April 28 2009,0.2286
April 27 2009,0.2429
April 24 2009,0.2524
April 23 2009,0.2531
April 22 2009,0.2571
April 21 2009,0.2563
April 20 2009,0.2326
April 17 2009,0.2887
April 16 2009,0.3172
April 15 2009,0.3141
April 14 2009,0.3172
April 13 2009,0.3006
April 9 2009,0.2405
April 8 2009,0.2136
April 7 2009,0.2183
April 6 2009,0.2152
April 3 2009,0.2255
April 2 2009,0.2168
April 1 2009,0.212
March 31 2009,0.2001
March 30 2009,0.1846
March 27 2009,0.2094
March 26 2009,0.2246
March 25 2009,0.2358
March 24 2009,0.2406
March 23 2009,0.2502
March 20 2009,0.2094
March 19 2009,0.2078
March 18 2009,0.2462
March 17 2009,0.2006
March 16 2009,0.1862
March 13 2009,0.1423
March 12 2009,0.1335
March 11 2009,0.1231
March 10 2009,0.1159
March 9 2009,0.0839
March 6 2009,0.0823
March 5 2009,0.0815
March 4 2009,0.0903
March 3 2009,0.0975
March 2 2009,0.0959
Feb. 27 2009,0.1199
Feb. 26 2009,0.1966
Feb. 25 2009,0.2014
Feb. 24 2009,0.2078
Feb. 23 2009,0.171
Feb. 20 2009,0.1558
Feb. 19 2009,0.2006
Feb. 18 2009,0.2326
Feb. 17 2009,0.2446
Feb. 13 2009,0.2789
Feb. 12 2009,0.2885
Feb. 11 2009,0.2949
Feb. 10 2009,0.2677
Feb. 9 2009,0.3157
Feb. 6 2009,0.3125
Feb. 5 2009,0.2821
Feb. 4 2009,0.2789
Feb. 3 2009,0.2765
Feb. 2 2009,0.2917
Jan. 30 2009,0.2837
Jan. 29 2009,0.3117
Jan. 28 2009,0.3365
Jan. 27 2009,0.2837
Jan. 26 2009,0.2661
Jan. 23 2009,0.2773
Jan. 22 2009,0.2486
Jan. 21 2009,0.2933
Jan. 20 2009,0.2238
Jan. 16 2009,0.2797
Jan. 15 2009,0.3061
Jan. 14 2009,0.362
Jan. 13 2009,0.4715
Jan. 12 2009,0.4476
Jan. 9 2009,0.5395
Jan. 8 2009,0.5722
Jan. 7 2009,0.5714
Jan. 6 2009,0.5962
Jan. 5 2009,0.5658
Jan. 2 2009,0.5706
Dec. 31 2008,0.5363
Dec. 30 2008,0.3757
Dec. 29 2008,0.363
Dec. 26 2008,0.3718
Dec. 24 2008,0.3746
Dec. 23 2008,0.3602
Dec. 22 2008,0.3729
Dec. 19 2008,0.3878
Dec. 18 2008,0.4105
Dec. 17 2008,0.4326
Dec. 16 2008,0.4547
Dec. 15 2008,0.4088
Dec. 12 2008,0.4254
Dec. 11 2008,0.4182
Dec. 10 2008,0.4586
Dec. 9 2008,0.4718
Dec. 8 2008,0.468
Dec. 5 2008,0.426
Dec. 4 2008,0.4088
Dec. 3 2008,0.432
Dec. 2 2008,0.3989
Dec. 1 2008,0.3563
Nov. 28 2008,0.458
Nov. 26 2008,0.3895
Nov. 25 2008,0.3359
Nov. 24 2008,0.3287
Nov. 21 2008,0.2083
Nov. 20 2008,0.2602
Nov. 19 2008,0.3536
Nov. 18 2008,0.4619
Nov. 17 2008,0.4912
Nov. 14 2008,0.526
Nov. 13 2008,0.5221
Nov. 12 2008,0.5326
Nov. 11 2008,0.5967
Nov. 10 2008,0.6193
Nov. 7 2008,0.653
Nov. 6 2008,0.6365
Nov. 5 2008,0.6978
Nov. 4 2008,0.811
Nov. 3 2008,0.7729
Oct. 31 2008,0.7541
Oct. 30 2008,0.7243
Oct. 29 2008,0.7132
Oct. 28 2008,0.7442
Oct. 27 2008,0.6481
Oct. 24 2008,0.6707
Oct. 23 2008,0.7243
Oct. 22 2008,0.7359
Oct. 21 2008,0.7834
Oct. 20 2008,0.8337
Oct. 17 2008,0.8221
Oct. 16 2008,0.8784
Oct. 15 2008,0.8967
Oct. 14 2008,1.029
Oct. 13 2008,0.8702
Oct. 10 2008,0.7795
Oct. 9 2008,0.7144
Oct. 8 2008,0.7956
Oct. 7 2008,0.837
Oct. 6 2008,0.9619
Oct. 3 2008,1.014
Oct. 2 2008,1.243
Oct. 1 2008,1.271
Sept. 30 2008,1.133
Sept. 29 2008,0.8869
Sept. 26 2008,1.007
Sept. 25 2008,0.9698
Sept. 24 2008,0.9474
Sept. 23 2008,0.9988
Sept. 22 2008,0.9998
Sept. 19 2008,1.032
Sept. 18 2008,0.8319
Sept. 17 2008,0.701
Sept. 16 2008,0.787
Sept. 15 2008,0.7615
Sept. 12 2008,0.8974
Sept. 11 2008,0.9299
Sept. 10 2008,0.9334
Sept. 9 2008,0.9434
Sept. 8 2008,1.015
Sept. 5 2008,0.9529
Sept. 4 2008,0.9144
Sept. 3 2008,0.9798
Sept. 2 2008,0.9549
Aug. 29 2008,0.9489
Aug. 28 2008,0.9534
Aug. 27 2008,0.9054
Aug. 26 2008,0.8914
Aug. 25 2008,0.8799
Aug. 22 2008,0.9064
Aug. 21 2008,0.8729
Aug. 20 2008,0.8739
Aug. 19 2008,0.8589
Aug. 18 2008,0.8804
Aug. 15 2008,0.9269
Aug. 14 2008,0.9034
Aug. 13 2008,0.8899
Aug. 12 2008,0.9264
Aug. 11 2008,0.9903
Aug. 8 2008,0.9688
Aug. 7 2008,0.9229
Aug. 6 2008,0.9843
Aug. 5 2008,0.9953
Aug. 4 2008,0.9409
Aug. 1 2008,0.9429
July 31 2008,0.9339
July 30 2008,0.9399
July 29 2008,0.9219
July 28 2008,0.8709
July 25 2008,0.9419
July 24 2008,0.9524
July 23 2008,1.055
July 22 2008,1.044
July 21 2008,0.9838
July 18 2008,0.9669
July 17 2008,0.8979
July 16 2008,0.8229
July 15 2008,0.7275
July 14 2008,0.7605
July 11 2008,0.809
July 10 2008,0.8135
July 9 2008,0.8214
July 8 2008,0.8689
July 7 2008,0.8194
July 3 2008,0.8404
July 2 2008,0.8414
July 1 2008,0.8559
June 30 2008,0.8374
June 27 2008,0.8321
June 26 2008,0.8523
June 25 2008,0.9093
June 24 2008,0.9093
June 23 2008,0.8948
June 20 2008,0.931
June 19 2008,0.9729
June 18 2008,0.984
June 17 2008,0.9869
June 16 2008,1.005
June 13 2008,0.9879
June 12 2008,0.9594
June 11 2008,0.9266
June 10 2008,0.9773
June 9 2008,0.9454
June 6 2008,0.9676
June 5 2008,1.024
June 4 2008,1.017
June 3 2008,1.033
June 2 2008,1.035
May 30 2008,1.056
May 29 2008,1.063
May 28 2008,1.042
May 27 2008,1.045
May 23 2008,1.019
May 22 2008,1.048
May 21 2008,1.016
May 20 2008,1.066
May 19 2008,1.109
May 16 2008,1.115
May 15 2008,1.145
May 14 2008,1.122
May 13 2008,1.111
May 12 2008,1.140
May 9 2008,1.140
May 8 2008,1.162
May 7 2008,1.181
May 6 2008,1.248
May 5 2008,1.242
May 2 2008,1.273
May 1 2008,1.254
April 30 2008,1.219
April 29 2008,1.270
April 28 2008,1.293
April 25 2008,1.283
April 24 2008,1.243
April 23 2008,1.188
April 22 2008,1.212
April 21 2008,1.207
April 18 2008,1.211
April 17 2008,1.159
April 16 2008,1.131
April 15 2008,1.100
April 14 2008,1.086
April 11 2008,1.127
April 10 2008,1.144
April 9 2008,1.137
April 8 2008,1.146
April 7 2008,1.187
April 4 2008,1.162
April 3 2008,1.175
April 2 2008,1.159
April 1 2008,1.15
March 31 2008,1.033
March 28 2008,1.006
March 27 2008,1.052
March 26 2008,1.065
March 25 2008,1.131
March 24 2008,1.124
March 20 2008,1.086
March 19 2008,0.9854
March 18 2008,0.9999
March 17 2008,0.899
March 14 2008,0.955
March 13 2008,1.017
March 12 2008,1.024
March 11 2008,1.038
March 10 2008,0.9507
March 7 2008,1.010
March 6 2008,1.022
March 5 2008,1.069
March 4 2008,1.067
March 3 2008,1.115
Feb. 29 2008,1.145
Feb. 28 2008,1.208
Feb. 27 2008,1.242
Feb. 26 2008,1.205
Feb. 25 2008,1.194
Feb. 22 2008,1.213
Feb. 21 2008,1.210
Feb. 20 2008,1.231
Feb. 19 2008,1.222
Feb. 15 2008,1.230
Feb. 14 2008,1.243
Feb. 13 2008,1.272
Feb. 12 2008,1.266
Feb. 11 2008,1.246
Feb. 8 2008,1.257
Feb. 7 2008,1.289
Feb. 6 2008,1.300
Feb. 5 2008,1.306
Feb. 4 2008,1.411
Feb. 1 2008,1.434
Jan. 31 2008,1.360
Jan. 30 2008,1.346
Jan. 29 2008,1.348
Jan. 28 2008,1.335
Jan. 25 2008,1.286
Jan. 24 2008,1.320
Jan. 23 2008,1.273
Jan. 22 2008,1.178
Jan. 18 2008,1.180
Jan. 17 2008,1.205
Jan. 16 2008,1.267
Jan. 15 2008,1.301
Jan. 14 2008,1.403
Jan. 11 2008,1.379
Jan. 10 2008,1.357
Jan. 9 2008,1.327
Jan. 8 2008,1.310
Jan. 7 2008,1.364
Jan. 4 2008,1.364
Jan. 3 2008,1.397
Jan. 2 2008,1.396
Dec. 31 2007,1.421
Dec. 28 2007,1.150
Dec. 27 2007,1.160
Dec. 26 2007,1.195
Dec. 24 2007,1.216
Dec. 21 2007,1.187
Dec. 20 2007,1.173
Dec. 19 2007,1.186
Dec. 18 2007,1.192
Dec. 17 2007,1.208
Dec. 14 2007,1.205
Dec. 13 2007,1.217
Dec. 12 2007,1.235
Dec. 11 2007,1.304
Dec. 10 2007,1.365
Dec. 7 2007,1.347
Dec. 6 2007,1.348
Dec. 5 2007,1.322
Dec. 4 2007,1.278
Dec. 3 2007,1.298
Nov. 30 2007,1.307
Nov. 29 2007,1.267
Nov. 28 2007,1.267
Nov. 27 2007,1.19
Nov. 26 2007,1.205
Nov. 23 2007,1.244
Nov. 21 2007,1.206
Nov. 20 2007,1.232
Nov. 19 2007,1.256
Nov. 16 2007,1.334
Nov. 15 2007,1.357
Nov. 14 2007,1.414
Nov. 13 2007,1.409
Nov. 12 2007,1.318
Nov. 9 2007,1.299
Nov. 8 2007,1.291
Nov. 7 2007,1.311
Nov. 6 2007,1.377
Nov. 5 2007,1.409
Nov. 2 2007,1.481
Nov. 1 2007,1.512
Oct. 31 2007,1.644
Oct. 30 2007,1.653
Oct. 29 2007,1.676
Oct. 26 2007,1.673
Oct. 25 2007,1.618
Oct. 24 2007,1.641
Oct. 23 2007,1.666
Oct. 22 2007,1.672
Oct. 19 2007,1.663
Oct. 18 2007,1.720
Oct. 17 2007,1.753
Oct. 16 2007,1.758
Oct. 15 2007,1.815
Oct. 12 2007,1.879
Oct. 11 2007,1.896
Oct. 10 2007,1.850
Oct. 9 2007,1.869
Oct. 8 2007,1.876
Oct. 5 2007,1.896
Oct. 4 2007,1.869
Oct. 3 2007,1.880
Oct. 2 2007,1.878
Oct. 1 2007,1.873
Sept. 28 2007,1.826
Sept. 27 2007,1.834
Sept. 26 2007,1.821
Sept. 25 2007,1.812
Sept. 24 2007,1.823
Sept. 21 2007,1.859
Sept. 20 2007,1.847
Sept. 19 2007,1.888
Sept. 18 2007,1.892
Sept. 17 2007,1.801
Sept. 14 2007,1.825
Sept. 13 2007,1.814
Sept. 12 2007,1.790
Sept. 11 2007,1.80
Sept. 10 2007,1.772
Sept. 7 2007,1.779
Sept. 6 2007,1.786
Sept. 5 2007,1.800
Sept. 4 2007,1.847
Aug. 31 2007,1.834
Aug. 30 2007,1.809
Aug. 29 2007,1.837
Aug. 28 2007,1.805
Aug. 27 2007,1.870
Aug. 24 2007,1.897
Aug. 23 2007,1.892
Aug. 22 2007,1.895
Aug. 21 2007,1.880
Aug. 20 2007,1.893
Aug. 17 2007,1.910
Aug. 16 2007,1.860
Aug. 15 2007,1.784
Aug. 14 2007,1.786
Aug. 13 2007,1.821
Aug. 10 2007,1.839
Aug. 9 2007,1.835
Aug. 8 2007,1.936
Aug. 7 2007,1.901
Aug. 6 2007,1.892
Aug. 3 2007,1.789
Aug. 2 2007,1.848
Aug. 1 2007,1.833
July 31 2007,1.822
July 30 2007,1.846
July 27 2007,1.838
July 26 2007,1.870
July 25 2007,1.925
July 24 2007,1.929
July 23 2007,1.990
July 20 2007,1.985
July 19 2007,2.000
July 18 2007,2.019
July 17 2007,2.052
July 16 2007,2.042
July 13 2007,2.055
July 12 2007,2.067
July 11 2007,2.011
July 10 2007,1.995
July 9 2007,2.019
July 6 2007,2.023
July 5 2007,2.015
July 3 2007,2.029
July 2 2007,2.020
June 29 2007,2.095
June 28 2007,2.116
June 27 2007,2.116
June 26 2007,2.090
June 25 2007,2.112
June 22 2007,2.141
June 21 2007,2.192
June 20 2007,2.183
June 19 2007,2.217
June 18 2007,2.204
June 15 2007,2.205
June 14 2007,2.192
June 13 2007,2.193
June 12 2007,2.149
June 11 2007,2.184
June 8 2007,2.179
June 7 2007,2.146
June 6 2007,2.179
June 5 2007,2.202
June 4 2007,2.212
June 1 2007,2.227
May 31 2007,2.226
May 30 2007,2.255
May 29 2007,2.243
May 25 2007,2.252
May 24 2007,2.244
May 23 2007,2.247
May 22 2007,2.250
May 21 2007,2.240
May 18 2007,2.247
May 17 2007,2.239
May 16 2007,2.243
May 15 2007,2.157
May 14 2007,2.159
May 11 2007,2.170
May 10 2007,2.173
May 9 2007,2.211
May 8 2007,2.195
May 7 2007,2.201
May 4 2007,2.210
May 3 2007,2.204
May 2 2007,2.218
May 1 2007,2.214
April 30 2007,2.190
April 27 2007,2.180
April 26 2007,2.188
April 25 2007,2.198
April 24 2007,2.157
April 23 2007,2.170
April 20 2007,2.182
April 19 2007,2.169
April 18 2007,2.165
April 17 2007,2.146
April 16 2007,2.162
April 13 2007,2.108
April 12 2007,2.11
April 11 2007,2.116
April 10 2007,2.141
April 9 2007,2.107
April 5 2007,2.107
April 4 2007,2.098
April 3 2007,2.100
April 2 2007,2.097
March 30 2007,2.119
March 29 2007,2.121
March 28 2007,2.103
March 27 2007,2.107
March 26 2007,2.127
March 23 2007,2.135
March 22 2007,2.140
March 21 2007,2.147
March 20 2007,2.090
March 19 2007,2.066
March 16 2007,2.044
March 15 2007,2.069
March 14 2007,2.026
March 13 2007,2.012
March 12 2007,2.078
March 9 2007,2.077
March 8 2007,2.084
March 7 2007,2.073
March 6 2007,2.088
March 5 2007,2.033
March 2 2007,2.062
March 1 2007,2.108
Feb. 28 2007,2.079
Feb. 27 2007,2.088
Feb. 26 2007,2.174
Feb. 23 2007,2.219
Feb. 22 2007,2.212
Feb. 21 2007,2.218
Feb. 20 2007,2.237
Feb. 16 2007,2.233
Feb. 15 2007,2.237
Feb. 14 2007,2.236
Feb. 13 2007,2.217
Feb. 12 2007,2.205
Feb. 9 2007,2.204
Feb. 8 2007,2.247
Feb. 7 2007,2.268
Feb. 6 2007,2.268
Feb. 5 2007,2.260
Feb. 2 2007,2.260
Feb. 1 2007,2.263
Jan. 31 2007,2.280
Jan. 30 2007,2.244
Jan. 29 2007,2.236
Jan. 26 2007,2.261
Jan. 25 2007,2.230
Jan. 24 2007,2.267
Jan. 23 2007,2.253
Jan. 22 2007,2.261
Jan. 19 2007,2.254
Jan. 18 2007,2.249
Jan. 17 2007,2.249
Jan. 16 2007,2.265
Jan. 12 2007,2.249
Jan. 11 2007,2.240
Jan. 10 2007,2.238
Jan. 9 2007,2.257
Jan. 8 2007,2.276
Jan. 5 2007,2.265
Jan. 4 2007,2.277
Jan. 3 2007,2.285
Dec. 29 2006,2.342
Dec. 28 2006,2.350
Dec. 27 2006,2.372
Dec. 26 2006,2.318
Dec. 22 2006,2.294
Dec. 21 2006,2.302
Dec. 20 2006,2.319
Dec. 19 2006,2.322
Dec. 18 2006,2.331
Dec. 15 2006,2.273
Dec. 14 2006,2.233
Dec. 13 2006,2.200
Dec. 12 2006,2.197
Dec. 11 2006,2.223
Dec. 8 2006,2.180
Dec. 7 2006,2.132
Dec. 6 2006,2.135
Dec. 5 2006,2.124
Dec. 4 2006,2.102
Dec. 1 2006,2.076
Nov. 30 2006,2.085
Nov. 29 2006,2.096
Nov. 28 2006,2.084
Nov. 27 2006,2.098
Nov. 24 2006,2.115
Nov. 22 2006,2.135
Nov. 21 2006,2.128
Nov. 20 2006,2.133
Nov. 17 2006,2.136
Nov. 16 2006,2.13
Nov. 15 2006,2.122
Nov. 14 2006,2.134
Nov. 13 2006,2.131
Nov. 10 2006,2.129
Nov. 9 2006,2.128
Nov. 8 2006,2.126
Nov. 7 2006,2.122
Nov. 6 2006,2.112
Nov. 3 2006,2.085
Nov. 2 2006,2.091
Nov. 1 2006,2.106
Oct. 31 2006,2.109
Oct. 30 2006,2.107
Oct. 27 2006,2.117
Oct. 26 2006,2.137
Oct. 25 2006,2.139
Oct. 24 2006,2.122
Oct. 23 2006,2.128
Oct. 20 2006,2.098
Oct. 19 2006,2.097
Oct. 18 2006,2.110
Oct. 17 2006,2.104
Oct. 16 2006,2.109
Oct. 13 2006,2.118
Oct. 12 2006,2.110
Oct. 11 2006,2.118
Oct. 10 2006,2.137
Oct. 9 2006,2.148
Oct. 6 2006,2.146
Oct. 5 2006,2.144
Oct. 4 2006,2.146
Oct. 3 2006,2.106
Oct. 2 2006,2.081
Sept. 29 2006,2.146
Sept. 28 2006,2.157
Sept. 27 2006,2.159
Sept. 26 2006,2.170
Sept. 25 2006,2.164
Sept. 22 2006,2.139
Sept. 21 2006,2.150
Sept. 20 2006,2.156
Sept. 19 2006,2.147
Sept. 18 2006,2.143
Sept. 15 2006,2.125
Sept. 14 2006,2.130
Sept. 13 2006,2.13
Sept. 12 2006,2.117
Sept. 11 2006,2.114
Sept. 8 2006,2.105
Sept. 7 2006,2.098
Sept. 6 2006,2.123
Sept. 5 2006,2.135
Sept. 1 2006,2.133
Aug. 31 2006,2.132
Aug. 30 2006,2.140
Aug. 29 2006,2.128
Aug. 28 2006,2.122
Aug. 25 2006,2.102
Aug. 24 2006,2.105
Aug. 23 2006,2.099
Aug. 22 2006,2.092
Aug. 21 2006,2.095
Aug. 18 2006,2.100
Aug. 17 2006,2.098
Aug. 16 2006,2.097
Aug. 15 2006,2.092
Aug. 14 2006,2.062
Aug. 11 2006,2.058
Aug. 10 2006,2.073
Aug. 9 2006,2.066
Aug. 8 2006,2.087
Aug. 7 2006,2.084
Aug. 4 2006,2.096
Aug. 3 2006,2.094
Aug. 2 2006,2.105
Aug. 1 2006,2.096
July 31 2006,2.087
July 28 2006,2.088
July 27 2006,2.044
July 26 2006,2.054
July 25 2006,2.050
July 24 2006,2.050
July 21 2006,2.028
July 20 2006,2.035
July 19 2006,2.042
July 18 2006,2.011
July 17 2006,2.005
July 14 2006,2.056
July 13 2006,2.068
July 12 2006,2.110
July 11 2006,2.143
July 10 2006,2.132
July 7 2006,2.120
July 6 2006,2.129
July 5 2006,2.118
July 3 2006,2.116
June 30 2006,2.085
June 29 2006,2.142
June 28 2006,2.097
June 27 2006,2.093
June 26 2006,2.117
June 23 2006,2.092
June 22 2006,2.111
June 21 2006,2.120
June 20 2006,2.104
June 19 2006,2.096
June 16 2006,2.120
June 15 2006,2.134
June 14 2006,2.095
June 13 2006,2.113
June 12 2006,2.162
June 9 2006,2.182
June 8 2006,2.189
June 7 2006,2.189
June 6 2006,2.181
June 5 2006,2.175
June 2 2006,2.198
June 1 2006,2.184
May 31 2006,2.161
May 30 2006,2.149
May 26 2006,2.173
May 25 2006,2.151
May 24 2006,2.133
May 23 2006,2.127
May 22 2006,2.141
May 19 2006,2.139
May 18 2006,2.136
May 17 2006,2.140
May 16 2006,2.171
May 15 2006,2.170
May 12 2006,2.147
May 11 2006,2.169
May 10 2006,2.205
May 9 2006,2.207
May 8 2006,2.199
May 5 2006,2.208
May 4 2006,2.164
May 3 2006,2.185
May 2 2006,2.174
May 1 2006,2.168
April 28 2006,2.189
April 27 2006,2.110
April 26 2006,2.093
April 25 2006,2.080
April 24 2006,2.104
April 21 2006,2.104
April 20 2006,2.117
April 19 2006,2.114
April 18 2006,2.125
April 17 2006,2.119
April 13 2006,2.106
April 12 2006,2.086
April 11 2006,2.081
April 10 2006,2.101
April 7 2006,2.089
April 6 2006,2.097
April 5 2006,2.115
April 4 2006,2.113
April 3 2006,2.078
March 31 2006,2.070
March 30 2006,2.188
March 29 2006,2.205
March 28 2006,2.203
March 27 2006,2.205
March 24 2006,2.213
March 23 2006,2.211
March 22 2006,2.206
March 21 2006,2.186
March 20 2006,2.194
March 17 2006,2.194
March 16 2006,2.190
March 15 2006,2.176
March 14 2006,2.184
March 13 2006,2.168
March 10 2006,2.175
March 9 2006,2.152
March 8 2006,2.161
March 7 2006,2.148
March 6 2006,2.133
March 3 2006,2.126
March 2 2006,2.132
March 1 2006,2.154
Feb. 28 2006,2.146
Feb. 27 2006,2.165
Feb. 24 2006,2.169
Feb. 23 2006,2.166
Feb. 22 2006,2.170
Feb. 21 2006,2.137
Feb. 17 2006,2.140
Feb. 16 2006,2.150
Feb. 15 2006,2.141
Feb. 14 2006,2.135
Feb. 13 2006,2.114
Feb. 10 2006,2.127
Feb. 9 2006,2.120
Feb. 8 2006,2.100
Feb. 7 2006,2.085
Feb. 6 2006,2.091
Feb. 3 2006,2.086
Feb. 2 2006,2.091
Feb. 1 2006,2.144
Jan. 31 2006,2.156
Jan. 30 2006,2.167
Jan. 27 2006,2.170
Jan. 26 2006,2.176
Jan. 25 2006,2.140
Jan. 24 2006,2.130
Jan. 23 2006,2.129
Jan. 20 2006,2.115
Jan. 19 2006,2.219
Jan. 18 2006,2.239
Jan. 17 2006,2.242
Jan. 13 2006,2.264
Jan. 12 2006,2.270
Jan. 11 2006,2.267
Jan. 10 2006,2.247
Jan. 9 2006,2.240
Jan. 6 2006,2.250
Jan. 5 2006,2.250
Jan. 4 2006,2.239
Jan. 3 2006,2.282
Dec. 30 2005,2.218
Dec. 29 2005,2.220
Dec. 28 2005,2.215
Dec. 27 2005,2.223
Dec. 23 2005,2.25
Dec. 22 2005,2.248
Dec. 21 2005,2.251
Dec. 20 2005,2.249
Dec. 19 2005,2.247
Dec. 16 2005,2.256
Dec. 15 2005,2.244
Dec. 14 2005,2.268
Dec. 13 2005,2.259
Dec. 12 2005,2.224
Dec. 9 2005,2.235
Dec. 8 2005,2.216
Dec. 7 2005,2.225
Dec. 6 2005,2.234
Dec. 5 2005,2.232
Dec. 2 2005,2.228
Dec. 1 2005,2.232
Nov. 30 2005,2.218
Nov. 29 2005,2.243
Nov. 28 2005,2.253
Nov. 25 2005,2.263
Nov. 23 2005,2.255
Nov. 22 2005,2.235
Nov. 21 2005,2.217
Nov. 18 2005,2.212
Nov. 17 2005,2.191
Nov. 16 2005,2.179
Nov. 15 2005,2.178
Nov. 14 2005,2.204
Nov. 11 2005,2.193
Nov. 10 2005,2.181
Nov. 9 2005,2.139
Nov. 8 2005,2.129
Nov. 7 2005,2.122
Nov. 4 2005,2.084
Nov. 3 2005,2.077
Nov. 2 2005,2.081
Nov. 1 2005,2.075
Oct. 31 2005,2.092
Oct. 28 2005,2.097
Oct. 27 2005,2.075
Oct. 26 2005,2.086
Oct. 25 2005,2.064
Oct. 24 2005,2.059
Oct. 21 2005,2.025
Oct. 20 2005,2.026
Oct. 19 2005,2.051
Oct. 18 2005,2.032
Oct. 17 2005,2.048
Oct. 14 2005,2.058
Oct. 13 2005,2.044
Oct. 12 2005,2.038
Oct. 11 2005,2.047
Oct. 10 2005,2.067
Oct. 7 2005,2.075
Oct. 6 2005,2.076
Oct. 5 2005,2.069
Oct. 4 2005,2.072
Oct. 3 2005,2.080
Sept. 30 2005,2.08
Sept. 29 2005,2.108
Sept. 28 2005,2.087
Sept. 27 2005,2.083
Sept. 26 2005,2.083
Sept. 23 2005,2.09
Sept. 22 2005,2.087
Sept. 21 2005,2.071
Sept. 20 2005,2.086
Sept. 19 2005,2.096
Sept. 16 2005,2.100
Sept. 15 2005,2.080
Sept. 14 2005,2.078
Sept. 13 2005,2.084
Sept. 12 2005,2.079
Sept. 9 2005,2.061
Sept. 8 2005,2.053
Sept. 7 2005,2.054
Sept. 6 2005,2.047
Sept. 2 2005,2.027
Sept. 1 2005,2.019
Aug. 31 2005,2.022
Aug. 30 2005,1.998
Aug. 29 2005,2.011
Aug. 26 2005,1.991
Aug. 25 2005,1.999
Aug. 24 2005,1.989
Aug. 23 2005,2.012
Aug. 22 2005,2.042
Aug. 19 2005,2.040
Aug. 18 2005,2.042
Aug. 17 2005,2.037
Aug. 16 2005,2.039
Aug. 15 2005,2.023
Aug. 12 2005,2.015
Aug. 11 2005,2.010
Aug. 10 2005,2.000
Aug. 9 2005,2.014
Aug. 8 2005,2.000
Aug. 5 2005,2.016
Aug. 4 2005,2.029
Aug. 3 2005,2.035
Aug. 2 2005,2.036
Aug. 1 2005,2.019
July 29 2005,2.010
July 28 2005,2.026
July 27 2005,2.051
July 26 2005,2.060
July 25 2005,2.057
July 22 2005,2.052
July 21 2005,2.040
July 20 2005,2.042
July 19 2005,2.051
July 18 2005,2.079
July 15 2005,2.144
July 14 2005,2.148
July 13 2005,2.113
July 12 2005,2.125
July 11 2005,2.130
July 8 2005,2.149
July 7 2005,2.138
July 6 2005,2.139
July 5 2005,2.146
July 1 2005,2.132
June 30 2005,2.136
June 29 2005,2.224
June 28 2005,2.236
June 27 2005,2.224
June 24 2005,2.232
June 23 2005,2.229
June 22 2005,2.256
June 21 2005,2.250
June 20 2005,2.252
June 17 2005,2.257
June 16 2005,2.260
June 15 2005,2.254
June 14 2005,2.254
June 13 2005,2.263
June 10 2005,2.265
June 9 2005,2.267
June 8 2005,2.270
June 7 2005,2.266
June 6 2005,2.268
June 3 2005,2.261
June 2 2005,2.268
June 1 2005,2.269
May 31 2005,2.240
May 27 2005,2.248
May 26 2005,2.253
May 25 2005,2.256
May 24 2005,2.268
May 23 2005,2.263
May 20 2005,2.273
May 19 2005,2.275
May 18 2005,2.270
May 17 2005,2.242
May 16 2005,2.225
May 13 2005,2.183
May 12 2005,2.207
May 11 2005,2.220
May 10 2005,2.205
May 9 2005,2.228
May 6 2005,2.215
May 5 2005,2.229
May 4 2005,2.233
May 3 2005,2.225
May 2 2005,2.212
April 29 2005,2.233
April 28 2005,2.196
April 27 2005,2.237
April 26 2005,2.217
April 25 2005,2.224
April 22 2005,2.202
April 21 2005,2.20
April 20 2005,2.193
April 19 2005,2.204
April 18 2005,2.197
April 15 2005,2.175
April 14 2005,2.159
April 13 2005,2.178
April 12 2005,2.209
April 11 2005,2.169
April 8 2005,2.159
April 7 2005,2.162
April 6 2005,2.147
April 5 2005,2.137
April 4 2005,2.120
April 1 2005,2.122
March 31 2005,2.137
March 30 2005,2.157
March 29 2005,2.130
March 28 2005,2.150
March 24 2005,2.138
March 23 2005,2.135
March 22 2005,2.134
March 21 2005,2.198
March 18 2005,2.25
March 17 2005,2.269
March 16 2005,2.275
March 15 2005,2.296
March 14 2005,2.316
March 11 2005,2.295
March 10 2005,2.312
March 9 2005,2.299
March 8 2005,2.328
March 7 2005,2.328
March 4 2005,2.324
March 3 2005,2.304
March 2 2005,2.311
March 1 2005,2.299
Feb. 28 2005,2.292
Feb. 25 2005,2.319
Feb. 24 2005,2.320
Feb. 23 2005,2.323
Feb. 22 2005,2.303
Feb. 18 2005,2.333
Feb. 17 2005,2.344
Feb. 16 2005,2.362
Feb. 15 2005,2.372
Feb. 14 2005,2.365
Feb. 11 2005,2.372
Feb. 10 2005,2.352
Feb. 9 2005,2.362
Feb. 8 2005,2.376
Feb. 7 2005,2.388
Feb. 4 2005,2.391
Feb. 3 2005,2.360
Feb. 2 2005,2.386
Feb. 1 2005,2.376
Jan. 31 2005,2.356
Jan. 28 2005,2.323
Jan. 27 2005,2.332
Jan. 26 2005,2.328
Jan. 25 2005,2.330
Jan. 24 2005,2.322
Jan. 21 2005,2.302
Jan. 20 2005,2.294
Jan. 19 2005,2.307
Jan. 18 2005,2.313
Jan. 14 2005,2.282
Jan. 13 2005,2.286
Jan. 12 2005,2.308
Jan. 11 2005,2.316
Jan. 10 2005,2.322
Jan. 7 2005,2.336
Jan. 6 2005,2.350
Jan. 5 2005,2.327
Jan. 4 2005,2.298
Jan. 3 2005,2.318
Dec. 31 2004,2.314
Dec. 30 2004,2.438
Dec. 29 2004,2.437
Dec. 28 2004,2.454
Dec. 27 2004,2.452
Dec. 23 2004,2.475
Dec. 22 2004,2.452
Dec. 21 2004,2.395
Dec. 20 2004,2.37
Dec. 17 2004,2.366
Dec. 16 2004,2.388
Dec. 15 2004,2.402
Dec. 14 2004,2.379
Dec. 13 2004,2.374
Dec. 10 2004,2.330
Dec. 9 2004,2.357
Dec. 8 2004,2.350
Dec. 7 2004,2.335
Dec. 6 2004,2.344
Dec. 3 2004,2.317
Dec. 2 2004,2.323
Dec. 1 2004,2.332
Nov. 30 2004,2.272
Nov. 29 2004,2.282
Nov. 26 2004,2.306
Nov. 24 2004,2.311
Nov. 23 2004,2.295
Nov. 22 2004,2.293
Nov. 19 2004,2.292
Nov. 18 2004,2.330
Nov. 17 2004,2.344
Nov. 16 2004,2.338
Nov. 15 2004,2.369
Nov. 12 2004,2.389
Nov. 11 2004,2.348
Nov. 10 2004,2.338
Nov. 9 2004,2.346
Nov. 8 2004,2.348
Nov. 5 2004,2.342
Nov. 4 2004,2.340
Nov. 3 2004,2.299
Nov. 2 2004,2.279
Nov. 1 2004,2.249
Oct. 29 2004,2.252
Oct. 28 2004,2.247
Oct. 27 2004,2.231
Oct. 26 2004,2.200
Oct. 25 2004,2.161
Oct. 22 2004,2.160
Oct. 21 2004,2.180
Oct. 20 2004,2.197
Oct. 19 2004,2.213
Oct. 18 2004,2.245
Oct. 15 2004,2.230
Oct. 14 2004,2.218
Oct. 13 2004,2.239
Oct. 12 2004,2.274
Oct. 11 2004,2.277
Oct. 8 2004,2.262
Oct. 7 2004,2.272
Oct. 6 2004,2.271
Oct. 5 2004,2.260
Oct. 4 2004,2.270
Oct. 1 2004,2.278
Sept. 30 2004,2.240
Sept. 29 2004,2.383
Sept. 28 2004,2.362
Sept. 27 2004,2.324
Sept. 24 2004,2.353
Sept. 23 2004,2.339
Sept. 22 2004,2.366
Sept. 21 2004,2.433
Sept. 20 2004,2.420
Sept. 17 2004,2.503
Sept. 16 2004,2.515
Sept. 15 2004,2.504
Sept. 14 2004,2.515
Sept. 13 2004,2.505
Sept. 10 2004,2.518
Sept. 9 2004,2.503
Sept. 8 2004,2.496
Sept. 7 2004,2.516
Sept. 3 2004,2.497
Sept. 2 2004,2.505
Sept. 1 2004,2.476
Aug. 31 2004,2.483
Aug. 30 2004,2.474
Aug. 27 2004,2.490
Aug. 26 2004,2.476
Aug. 25 2004,2.468
Aug. 24 2004,2.448
Aug. 23 2004,2.442
Aug. 20 2004,2.449
Aug. 19 2004,2.415
Aug. 18 2004,2.433
Aug. 17 2004,2.405
Aug. 16 2004,2.386
Aug. 13 2004,2.348
Aug. 12 2004,2.34
Aug. 11 2004,2.358
Aug. 10 2004,2.348
Aug. 9 2004,2.317
Aug. 6 2004,2.301
Aug. 5 2004,2.336
Aug. 4 2004,2.366
Aug. 3 2004,2.347
Aug. 2 2004,2.364
July 30 2004,2.350
July 29 2004,2.360
July 28 2004,2.348
July 27 2004,2.34
July 26 2004,2.335
July 23 2004,2.362
July 22 2004,2.379
July 21 2004,2.344
July 20 2004,2.347
July 19 2004,2.351
July 16 2004,2.325
July 15 2004,2.362
July 14 2004,2.402
July 13 2004,2.415
July 12 2004,2.398
July 9 2004,2.400
July 8 2004,2.408
July 7 2004,2.432
July 6 2004,2.421
July 2 2004,2.439
July 1 2004,2.454
June 30 2004,2.484
June 29 2004,2.378
June 28 2004,2.388
June 25 2004,2.402
June 24 2004,2.418
June 23 2004,2.425
June 22 2004,2.409
June 21 2004,2.424
June 18 2004,2.438
June 17 2004,2.418
June 16 2004,2.416
June 15 2004,2.41
June 14 2004,2.399
June 10 2004,2.430
June 9 2004,2.415
June 8 2004,2.436
June 7 2004,2.441
June 4 2004,2.387
June 3 2004,2.392
June 2 2004,2.414
June 1 2004,2.400
May 28 2004,2.383
May 27 2004,2.382
May 26 2004,2.381
May 25 2004,2.387
May 24 2004,2.329
May 21 2004,2.321
May 20 2004,2.324
May 19 2004,2.310
May 18 2004,2.320
May 17 2004,2.312
May 14 2004,2.343
May 13 2004,2.371
May 12 2004,2.377
May 11 2004,2.345
May 10 2004,2.320
May 7 2004,2.398
May 6 2004,2.447
May 5 2004,2.496
May 4 2004,2.507
May 3 2004,2.480
April 30 2004,2.472
April 29 2004,2.472
April 28 2004,2.486
April 27 2004,2.513
April 26 2004,2.511
April 23 2004,2.525
April 22 2004,2.549
April 21 2004,2.522
April 20 2004,2.526
April 19 2004,2.565
April 16 2004,2.571
April 15 2004,2.562
April 14 2004,2.615
April 13 2004,2.628
April 12 2004,2.672
April 8 2004,2.645
April 7 2004,2.654
April 6 2004,2.681
April 5 2004,2.681
April 2 2004,2.659
April 1 2004,2.684
March 31 2004,2.654
March 30 2004,2.764
March 29 2004,2.732
March 26 2004,2.664
March 25 2004,2.675
March 24 2004,2.650
March 23 2004,2.651
March 22 2004,2.640
March 19 2004,2.679
March 18 2004,2.729
March 17 2004,2.705
March 16 2004,2.661
March 15 2004,2.614
March 12 2004,2.624
March 11 2004,2.588
March 10 2004,2.619
March 9 2004,2.653
March 8 2004,2.658
March 5 2004,2.661
March 4 2004,2.628
March 3 2004,2.652
March 2 2004,2.649
March 1 2004,2.686
Feb. 27 2004,2.675
Feb. 26 2004,2.661
Feb. 25 2004,2.653
Feb. 24 2004,2.632
Feb. 23 2004,2.625
Feb. 20 2004,2.602
Feb. 19 2004,2.614
Feb. 18 2004,2.638
Feb. 17 2004,2.656
Feb. 13 2004,2.634
Feb. 12 2004,2.635
Feb. 11 2004,2.647
Feb. 10 2004,2.604
Feb. 9 2004,2.616
Feb. 6 2004,2.624
Feb. 5 2004,2.561
Feb. 4 2004,2.585
Feb. 3 2004,2.602
Feb. 2 2004,2.620
Jan. 30 2004,2.634
Jan. 29 2004,2.634
Jan. 28 2004,2.620
Jan. 27 2004,2.665
Jan. 26 2004,2.711
Jan. 23 2004,2.678
Jan. 22 2004,2.698
Jan. 21 2004,2.680
Jan. 20 2004,2.624
Jan. 16 2004,2.635
Jan. 15 2004,2.635
Jan. 14 2004,2.661
Jan. 13 2004,2.64
Jan. 12 2004,2.653
Jan. 9 2004,2.655
Jan. 8 2004,2.668
Jan. 7 2004,2.656
Jan. 6 2004,2.653
Jan. 5 2004,2.650
Jan. 2 2004,2.608
Dec. 31 2003,2.584
Dec. 30 2003,2.654
Dec. 29 2003,2.651
Dec. 26 2003,2.623
Dec. 24 2003,2.622
Dec. 23 2003,2.634
Dec. 22 2003,2.658
Dec. 19 2003,2.645
Dec. 18 2003,2.624
Dec. 17 2003,2.602
Dec. 16 2003,2.627
Dec. 15 2003,2.618
Dec. 12 2003,2.606
Dec. 11 2003,2.607
Dec. 10 2003,2.595
Dec. 9 2003,2.581
Dec. 8 2003,2.596
Dec. 5 2003,2.553
Dec. 4 2003,2.586
Dec. 3 2003,2.573
Dec. 2 2003,2.588
Dec. 1 2003,2.606
Nov. 28 2003,2.577
Nov. 26 2003,2.573
Nov. 25 2003,2.571
Nov. 24 2003,2.561
Nov. 21 2003,2.540
Nov. 20 2003,2.508
Nov. 19 2003,2.518
Nov. 18 2003,2.497
Nov. 17 2003,2.537
Nov. 14 2003,2.544
Nov. 13 2003,2.581
Nov. 12 2003,2.597
Nov. 11 2003,2.597
Nov. 10 2003,2.628
Nov. 7 2003,2.617
Nov. 6 2003,2.679
Nov. 5 2003,2.648
Nov. 4 2003,2.648
Nov. 3 2003,2.633
Oct. 31 2003,2.598
Oct. 30 2003,2.604
Oct. 29 2003,2.608
Oct. 28 2003,2.608
Oct. 27 2003,2.559
Oct. 24 2003,2.608
Oct. 23 2003,2.618
Oct. 22 2003,2.587
Oct. 21 2003,2.607
Oct. 20 2003,2.638
Oct. 17 2003,2.651
Oct. 16 2003,2.685
Oct. 15 2003,2.679
Oct. 14 2003,2.685
Oct. 13 2003,2.681
Oct. 10 2003,2.625
Oct. 9 2003,2.624
Oct. 8 2003,2.606
Oct. 7 2003,2.621
Oct. 6 2003,2.593
Oct. 3 2003,2.582
Oct. 2 2003,2.589
Oct. 1 2003,2.576
Sept. 30 2003,2.494
Sept. 29 2003,2.574
Sept. 26 2003,2.535
Sept. 25 2003,2.569
Sept. 24 2003,2.600
Sept. 23 2003,2.636
Sept. 22 2003,2.592
Sept. 19 2003,2.626
Sept. 18 2003,2.607
Sept. 17 2003,2.511
Sept. 16 2003,2.498
Sept. 15 2003,2.468
Sept. 12 2003,2.476
Sept. 11 2003,2.470
Sept. 10 2003,2.456
Sept. 9 2003,2.474
Sept. 8 2003,2.488
Sept. 5 2003,2.478
Sept. 4 2003,2.482
Sept. 3 2003,2.487
Sept. 2 2003,2.469
Aug. 29 2003,2.422
Aug. 28 2003,2.408
Aug. 27 2003,2.401
Aug. 26 2003,2.420
Aug. 25 2003,2.398
Aug. 22 2003,2.408
Aug. 21 2003,2.454
Aug. 20 2003,2.468
Aug. 19 2003,2.482
Aug. 18 2003,2.495
Aug. 15 2003,2.509
Aug. 14 2003,2.522
Aug. 13 2003,2.513
Aug. 12 2003,2.525
Aug. 11 2003,2.490
Aug. 8 2003,2.481
Aug. 7 2003,2.464
Aug. 6 2003,2.432
Aug. 5 2003,2.407
Aug. 4 2003,2.452
Aug. 1 2003,2.428
July 31 2003,2.503
July 30 2003,2.528
July 29 2003,2.539
July 28 2003,2.559
July 25 2003,2.555
July 24 2003,2.507
July 23 2003,2.550
July 22 2003,2.540
July 21 2003,2.512
July 18 2003,2.556
July 17 2003,2.505
July 16 2003,2.544
July 15 2003,2.617
July 14 2003,2.633
July 11 2003,2.579
July 10 2003,2.526
July 9 2003,2.570
July 8 2003,2.535
July 7 2003,2.511
July 3 2003,2.452
July 2 2003,2.481
July 1 2003,2.448
June 30 2003,2.392
June 27 2003,2.568
June 26 2003,2.611
June 25 2003,2.571
June 24 2003,2.593
June 23 2003,2.574
June 20 2003,2.630
June 19 2003,2.615
June 18 2003,2.682
June 17 2003,2.720
June 16 2003,2.701
June 13 2003,2.633
June 12 2003,2.632
June 11 2003,2.633
June 10 2003,2.580
June 9 2003,2.559
June 6 2003,2.609
June 5 2003,2.598
June 4 2003,2.569
June 3 2003,2.523
June 2 2003,2.470
May 30 2003,2.449
May 29 2003,2.434
May 28 2003,2.456
May 27 2003,2.399
May 23 2003,2.334
May 22 2003,2.312
May 21 2003,2.320
May 20 2003,2.300
May 19 2003,2.283
May 16 2003,2.338
May 15 2003,2.356
May 14 2003,2.323
May 13 2003,2.345
May 12 2003,2.352
May 9 2003,2.332
May 8 2003,2.341
May 7 2003,2.390
May 6 2003,2.386
May 5 2003,2.360
May 2 2003,2.371
May 1 2003,2.329
April 30 2003,2.344
April 29 2003,2.335
April 28 2003,2.344
April 25 2003,2.296
April 24 2003,2.338
April 23 2003,2.406
April 22 2003,2.385
April 21 2003,2.311
April 17 2003,2.331
April 16 2003,2.285
April 15 2003,2.344
April 14 2003,2.295
April 11 2003,2.230
April 10 2003,2.206
April 9 2003,2.212
April 8 2003,2.246
April 7 2003,2.222
April 4 2003,2.223
April 3 2003,2.181
April 2 2003,2.212
April 1 2003,2.126
March 31 2003,2.057
March 28 2003,2.134
March 27 2003,2.163
March 26 2003,2.162
March 25 2003,2.163
March 24 2003,2.151
March 21 2003,2.241
March 20 2003,2.159
March 19 2003,2.137
March 18 2003,2.093
March 17 2003,2.061
March 14 2003,2.034
March 13 2003,2.012
March 12 2003,1.908
March 11 2003,1.901
March 10 2003,1.940
March 7 2003,1.998
March 6 2003,1.976
March 5 2003,1.999
March 4 2003,1.950
March 3 2003,1.991
Feb. 28 2003,2.009
Feb. 27 2003,1.980
Feb. 26 2003,1.944
Feb. 25 2003,1.982
Feb. 24 2003,1.954
Feb. 21 2003,2.000
Feb. 20 2003,1.980
Feb. 19 2003,2.01
Feb. 18 2003,2.003
Feb. 14 2003,1.961
Feb. 13 2003,1.918
Feb. 12 2003,1.893
Feb. 11 2003,1.931
Feb. 10 2003,1.982
Feb. 7 2003,1.983
Feb. 6 2003,1.997
Feb. 5 2003,2.028
Feb. 4 2003,2.027
Feb. 3 2003,2.088
Jan. 31 2003,2.072
Jan. 30 2003,2.061
Jan. 29 2003,2.142
Jan. 28 2003,2.137
Jan. 27 2003,2.114
Jan. 24 2003,2.156
Jan. 23 2003,2.238
Jan. 22 2003,2.163
Jan. 21 2003,2.178
Jan. 17 2003,2.217
Jan. 16 2003,2.236
Jan. 15 2003,2.256
Jan. 14 2003,2.285
Jan. 13 2003,2.232
Jan. 10 2003,2.257
Jan. 9 2003,2.231
Jan. 8 2003,2.211
Jan. 7 2003,2.228
Jan. 6 2003,2.248
Jan. 3 2003,2.176
Jan. 2 2003,2.190
Dec. 31 2002,2.120
Dec. 30 2002,2.246
Dec. 27 2002,2.241
Dec. 26 2002,2.295
Dec. 24 2002,2.326
Dec. 23 2002,2.401
Dec. 20 2002,2.430
Dec. 19 2002,2.357
Dec. 18 2002,2.367
Dec. 17 2002,2.366
Dec. 16 2002,2.388
Dec. 13 2002,2.294
Dec. 12 2002,2.333
Dec. 11 2002,2.310
Dec. 10 2002,2.344
Dec. 9 2002,2.303
Dec. 6 2002,2.393
Dec. 5 2002,2.366
Dec. 4 2002,2.412
Dec. 3 2002,2.412
Dec. 2 2002,2.454
Nov. 29 2002,2.477
Nov. 27 2002,2.483
Nov. 26 2002,2.368
Nov. 25 2002,2.463
Nov. 22 2002,2.456
Nov. 21 2002,2.481
Nov. 20 2002,2.408
Nov. 19 2002,2.322
Nov. 18 2002,2.282
Nov. 15 2002,2.351
Nov. 14 2002,2.303
Nov. 13 2002,2.23
Nov. 12 2002,2.319
Nov. 11 2002,2.275
Nov. 8 2002,2.349
Nov. 7 2002,2.322
Nov. 6 2002,2.414
Nov. 5 2002,2.422
Nov. 4 2002,2.396
Nov. 1 2002,2.399
Oct. 31 2002,2.354
Oct. 30 2002,2.365
Oct. 29 2002,2.328
Oct. 28 2002,2.315
Oct. 25 2002,2.277
Oct. 24 2002,2.211
Oct. 23 2002,2.264
Oct. 22 2002,2.266
Oct. 21 2002,2.266
Oct. 18 2002,2.231
Oct. 17 2002,2.280
Oct. 16 2002,2.159
Oct. 15 2002,2.178
Oct. 14 2002,1.933
Oct. 11 2002,1.939
Oct. 10 2002,1.822
Oct. 9 2002,1.715
Oct. 8 2002,1.776
Oct. 7 2002,1.705
Oct. 4 2002,1.785
Oct. 3 2002,1.818
Oct. 2 2002,1.888
Oct. 1 2002,1.977
Sept. 30 2002,1.891
Sept. 27 2002,1.742
Sept. 26 2002,1.771
Sept. 25 2002,1.686
Sept. 24 2002,1.633
Sept. 23 2002,1.655
Sept. 20 2002,1.610
Sept. 19 2002,1.660
Sept. 18 2002,1.747
Sept. 17 2002,1.789
Sept. 16 2002,1.794
Sept. 13 2002,1.764
Sept. 12 2002,1.750
Sept. 11 2002,1.809
Sept. 10 2002,1.853
Sept. 9 2002,1.865
Sept. 6 2002,1.818
Sept. 5 2002,1.759
Sept. 4 2002,1.819
Sept. 3 2002,1.764
Aug. 30 2002,1.966
Aug. 29 2002,1.97
Aug. 28 2002,1.991
Aug. 27 2002,2.053
Aug. 26 2002,2.065
Aug. 23 2002,2.041
Aug. 22 2002,2.112
Aug. 21 2002,2.062
Aug. 20 2002,2.148
Aug. 19 2002,2.182
Aug. 16 2002,2.095
Aug. 15 2002,2.151
Aug. 14 2002,2.115
Aug. 13 2002,1.987
Aug. 12 2002,2.046
Aug. 9 2002,2.059
Aug. 8 2002,2.035
Aug. 7 2002,1.892
Aug. 6 2002,1.825
Aug. 5 2002,1.720
Aug. 2 2002,1.854
Aug. 1 2002,1.939
July 31 2002,2.013
July 30 2002,2.061
July 29 2002,2.022
July 26 2002,1.866
July 25 2002,1.800
July 24 2002,1.796
July 23 2002,1.639
July 22 2002,1.945
July 19 2002,2.185
July 18 2002,2.240
July 17 2002,2.242
July 16 2002,2.202
July 15 2002,2.165
July 12 2002,2.206
July 11 2002,2.191
July 10 2002,2.252
July 9 2002,2.281
July 8 2002,2.335
July 5 2002,2.401
July 3 2002,2.247
July 2 2002,2.275
July 1 2002,2.336
June 28 2002,2.425
June 27 2002,2.451
June 26 2002,2.316
June 25 2002,2.448
June 24 2002,2.478
June 21 2002,2.491
June 20 2002,2.534
June 19 2002,2.632
June 18 2002,2.680
June 17 2002,2.681
June 14 2002,2.516
June 13 2002,2.515
June 12 2002,2.540
June 11 2002,2.548
June 10 2002,2.583
June 7 2002,2.566
June 6 2002,2.629
June 5 2002,2.628
June 4 2002,2.628
June 3 2002,2.654
May 31 2002,2.702
May 30 2002,2.712
May 29 2002,2.723
May 28 2002,2.753
May 24 2002,2.805
May 23 2002,2.838
May 22 2002,2.816
May 21 2002,2.833
May 20 2002,2.870
May 17 2002,2.928
May 16 2002,2.901
May 15 2002,2.885
May 14 2002,2.842
May 13 2002,2.769
May 10 2002,2.71
May 9 2002,2.787
May 8 2002,2.802
May 7 2002,2.638
May 6 2002,2.656
May 3 2002,2.772
May 2 2002,2.813
May 1 2002,2.751
April 30 2002,2.71
April 29 2002,2.689
April 26 2002,2.699
April 25 2002,2.768
April 24 2002,2.803
April 23 2002,2.853
April 22 2002,2.850
April 19 2002,2.918
April 18 2002,2.950
April 17 2002,2.986
April 16 2002,3.016
April 15 2002,2.879
April 12 2002,2.953
April 11 2002,2.932
April 10 2002,3.049
April 9 2002,3.062
April 8 2002,3.047
April 5 2002,3.052
April 4 2002,3.050
April 3 2002,3.058
April 2 2002,3.100
April 1 2002,3.100
March 28 2002,3.198
March 27 2002,3.229
March 26 2002,3.174
March 25 2002,3.142
March 22 2002,3.219
March 21 2002,3.203
March 20 2002,3.181
March 19 2002,3.223
March 18 2002,3.200
March 15 2002,3.209
March 14 2002,3.152
March 13 2002,3.125
March 12 2002,3.186
March 11 2002,3.158
March 8 2002,3.156
March 7 2002,3.146
March 6 2002,3.145
March 5 2002,3.081
March 4 2002,3.075
March 1 2002,2.958
Feb. 28 2002,2.922
Feb. 27 2002,2.857
Feb. 26 2002,2.829
Feb. 25 2002,2.828
Feb. 22 2002,2.738
Feb. 21 2002,2.764
Feb. 20 2002,2.811
Feb. 19 2002,2.727
Feb. 15 2002,2.85
Feb. 14 2002,2.942
Feb. 13 2002,2.929
Feb. 12 2002,2.916
Feb. 11 2002,2.960
Feb. 8 2002,2.938
Feb. 7 2002,2.851
Feb. 6 2002,2.842
Feb. 5 2002,2.893
Feb. 4 2002,2.861
Feb. 1 2002,3.002
Jan. 31 2002,3.033
Jan. 30 2002,3.068
Jan. 29 2002,3.017
Jan. 28 2002,3.185
Jan. 25 2002,3.205
Jan. 24 2002,3.223
Jan. 23 2002,3.194
Jan. 22 2002,3.178
Jan. 18 2002,3.227
Jan. 17 2002,3.223
Jan. 16 2002,3.156
Jan. 15 2002,3.211
Jan. 14 2002,3.157
Jan. 11 2002,3.169
Jan. 10 2002,3.220
Jan. 9 2002,3.216
Jan. 8 2002,3.197
Jan. 7 2002,3.319
Jan. 4 2002,3.358
Jan. 3 2002,3.286
Jan. 2 2002,3.294
Dec. 31 2001,3.260
Dec. 28 2001,3.437
Dec. 27 2001,3.407
Dec. 26 2001,3.372
Dec. 24 2001,3.359
Dec. 21 2001,3.367
Dec. 20 2001,3.338
Dec. 19 2001,3.357
Dec. 18 2001,3.230
Dec. 17 2001,3.167
Dec. 14 2001,3.118
Dec. 13 2001,3.172
Dec. 12 2001,3.233
Dec. 11 2001,3.264
Dec. 10 2001,3.242
Dec. 7 2001,3.304
Dec. 6 2001,3.330
Dec. 5 2001,3.29
Dec. 4 2001,3.211
Dec. 3 2001,3.150
Nov. 30 2001,3.225
Nov. 29 2001,3.215
Nov. 28 2001,3.209
Nov. 27 2001,3.394
Nov. 26 2001,3.412
Nov. 23 2001,3.353
Nov. 21 2001,3.283
Nov. 20 2001,3.327
Nov. 19 2001,3.330
Nov. 16 2001,3.277
Nov. 15 2001,3.361
Nov. 14 2001,3.367
Nov. 13 2001,3.357
Nov. 12 2001,3.236
Nov. 9 2001,3.243
Nov. 8 2001,3.256
Nov. 7 2001,3.230
Nov. 6 2001,3.193
Nov. 5 2001,3.183
Nov. 2 2001,3.151
Nov. 1 2001,3.105
Oct. 31 2001,3.056
Oct. 30 2001,3.052
Oct. 29 2001,3.115
Oct. 26 2001,3.261
Oct. 25 2001,3.229
Oct. 24 2001,3.151
Oct. 23 2001,3.209
Oct. 22 2001,3.156
Oct. 19 2001,3.052
Oct. 18 2001,3.122
Oct. 17 2001,3.126
Oct. 16 2001,3.091
Oct. 15 2001,3.008
Oct. 12 2001,3.025
Oct. 11 2001,3.071
Oct. 10 2001,2.975
Oct. 9 2001,2.867
Oct. 8 2001,2.848
Oct. 5 2001,2.894
Oct. 4 2001,2.928
Oct. 3 2001,2.919
Oct. 2 2001,2.836
Oct. 1 2001,2.803
Sept. 28 2001,2.963
Sept. 27 2001,2.917
Sept. 26 2001,2.876
Sept. 25 2001,2.856
Sept. 24 2001,2.853
Sept. 21 2001,2.612
Sept. 20 2001,2.660
Sept. 19 2001,2.813
Sept. 18 2001,2.89
Sept. 17 2001,2.897
Sept. 10 2001,3.106
Sept. 7 2001,3.177
Sept. 6 2001,3.223
Sept. 5 2001,3.335
Sept. 4 2001,3.377
Aug. 31 2001,3.347
Aug. 30 2001,3.331
Aug. 29 2001,3.398
Aug. 28 2001,3.442
Aug. 27 2001,3.512
Aug. 24 2001,3.534
Aug. 23 2001,3.423
Aug. 22 2001,3.439
Aug. 21 2001,3.439
Aug. 20 2001,3.468
Aug. 17 2001,3.410
Aug. 16 2001,3.503
Aug. 15 2001,3.556
Aug. 14 2001,3.567
Aug. 13 2001,3.595
Aug. 10 2001,3.632
Aug. 9 2001,3.615
Aug. 8 2001,3.629
Aug. 7 2001,3.717
Aug. 6 2001,3.688
Aug. 3 2001,3.741
Aug. 2 2001,3.735
Aug. 1 2001,3.705
July 31 2001,3.674
July 30 2001,3.628
July 27 2001,3.658
July 26 2001,3.655
July 25 2001,3.607
July 24 2001,3.579
July 23 2001,3.671
July 20 2001,3.696
July 19 2001,3.666
July 18 2001,3.700
July 17 2001,3.706
July 16 2001,3.592
July 13 2001,3.571
July 12 2001,3.560
July 11 2001,3.479
July 10 2001,3.589
July 9 2001,3.717
July 6 2001,3.712
July 5 2001,3.821
July 3 2001,3.878
July 2 2001,3.909
June 29 2001,3.971
June 28 2001,3.953
June 27 2001,3.885
June 26 2001,3.919
June 25 2001,3.949
June 22 2001,4.013
June 21 2001,4.024
June 20 2001,3.806
June 19 2001,3.814
June 18 2001,3.742
June 15 2001,3.705
June 14 2001,3.653
June 13 2001,3.749
June 12 2001,3.786
June 11 2001,3.788
June 8 2001,3.829
June 7 2001,3.865
June 6 2001,3.897
June 5 2001,3.951
June 4 2001,3.929
June 1 2001,3.893
May 31 2001,3.852
May 30 2001,3.816
May 29 2001,3.878
May 25 2001,3.897
May 24 2001,3.951
May 23 2001,3.909
May 22 2001,3.949
May 21 2001,3.875
May 18 2001,3.822
May 17 2001,3.810
May 16 2001,3.892
May 15 2001,3.799
May 14 2001,3.765
May 11 2001,3.702
May 10 2001,3.728
May 9 2001,3.716
May 8 2001,3.742
May 7 2001,3.806
May 4 2001,3.816
May 3 2001,3.833
May 2 2001,3.803
May 1 2001,3.788
April 30 2001,3.694
April 27 2001,3.830
April 26 2001,3.725
April 25 2001,3.707
April 24 2001,3.664
April 23 2001,3.648
April 20 2001,3.718
April 19 2001,3.784
April 18 2001,3.765
April 17 2001,3.605
April 16 2001,3.532
April 12 2001,3.558
April 11 2001,3.486
April 10 2001,3.415
April 9 2001,3.222
April 6 2001,3.216
April 5 2001,3.385
April 4 2001,3.212
April 3 2001,3.288
April 2 2001,3.438
March 30 2001,3.504
March 29 2001,3.483
March 28 2001,3.514
March 27 2001,3.619
March 26 2001,3.444
March 23 2001,3.338
March 22 2001,3.163
March 21 2001,3.292
March 20 2001,3.452
March 19 2001,3.607
March 16 2001,3.545
March 15 2001,3.615
March 14 2001,3.498
March 13 2001,3.770
March 12 2001,3.670
March 9 2001,3.828
March 8 2001,3.954
March 7 2001,3.931
March 6 2001,3.789
March 5 2001,3.759
March 2 2001,3.740
March 1 2001,3.790
Feb. 28 2001,3.832
Feb. 27 2001,3.88
Feb. 26 2001,3.919
Feb. 23 2001,3.755
Feb. 22 2001,3.786
Feb. 21 2001,3.763
Feb. 20 2001,3.989
Feb. 16 2001,4.207
Feb. 15 2001,4.213
Feb. 14 2001,4.180
Feb. 13 2001,4.253
Feb. 12 2001,4.320
Feb. 9 2001,4.211
Feb. 8 2001,4.215
Feb. 7 2001,4.235
Feb. 6 2001,4.295
Feb. 5 2001,4.386
Feb. 2 2001,4.321
Feb. 1 2001,4.372
Jan. 31 2001,4.361
Jan. 30 2001,4.379
Jan. 29 2001,4.379
Jan. 26 2001,4.300
Jan. 25 2001,4.310
Jan. 24 2001,4.348
Jan. 23 2001,4.275
Jan. 22 2001,4.198
Jan. 19 2001,4.236
Jan. 18 2001,4.227
Jan. 17 2001,4.193
Jan. 16 2001,4.261
Jan. 12 2001,4.139
Jan. 11 2001,4.285
Jan. 10 2001,4.202
Jan. 9 2001,4.066
Jan. 8 2001,4.158
Jan. 5 2001,4.183
Jan. 4 2001,4.339
Jan. 3 2001,4.280
Jan. 2 2001,3.934
Dec. 29 2000,4.423
Dec. 28 2000,4.439
Dec. 27 2000,4.407
Dec. 26 2000,4.412
Dec. 22 2000,4.336
Dec. 21 2000,4.223
Dec. 20 2000,4.158
Dec. 19 2000,4.353
Dec. 18 2000,4.277
Dec. 15 2000,4.163
Dec. 14 2000,4.396
Dec. 13 2000,4.591
Dec. 12 2000,4.558
Dec. 11 2000,4.580
Dec. 8 2000,4.461
Dec. 7 2000,4.309
Dec. 6 2000,4.309
Dec. 5 2000,4.396
Dec. 4 2000,4.141
Dec. 1 2000,4.239
Nov. 30 2000,4.315
Nov. 29 2000,4.282
Nov. 28 2000,4.125
Nov. 27 2000,4.109
Nov. 24 2000,4.098
Nov. 22 2000,4.076
Nov. 21 2000,4.255
Nov. 20 2000,4.277
Nov. 17 2000,4.45
Nov. 16 2000,4.477
Nov. 15 2000,4.347
Nov. 14 2000,4.396
Nov. 13 2000,4.374
Nov. 10 2000,4.461
Nov. 9 2000,4.564
Nov. 8 2000,4.596
Nov. 7 2000,4.742
Nov. 6 2000,4.753
Nov. 3 2000,4.672
Nov. 2 2000,4.596
Nov. 1 2000,4.477
Oct. 31 2000,4.558
Oct. 30 2000,4.466
Oct. 27 2000,4.352
Oct. 26 2000,4.244
Oct. 25 2000,4.384
Oct. 24 2000,4.476
Oct. 23 2000,4.368
Oct. 20 2000,4.412
Oct. 19 2000,4.444
Oct. 18 2000,4.292
Oct. 17 2000,4.276
Oct. 16 2000,4.401
Oct. 13 2000,4.314
Oct. 12 2000,4.049
Oct. 11 2000,4.282
Oct. 10 2000,4.417
Oct. 9 2000,4.558
Oct. 6 2000,4.628
Oct. 5 2000,4.861
Oct. 4 2000,4.742
Oct. 3 2000,4.915
Oct. 2 2000,4.796
Sept. 29 2000,6.510
Sept. 28 2000,6.480
Sept. 27 2000,6.307
Sept. 26 2000,6.442
Sept. 25 2000,6.518
Sept. 22 2000,6.352
Sept. 21 2000,6.390
Sept. 20 2000,6.450
Sept. 19 2000,6.532
Sept. 18 2000,6.442
Sept. 15 2000,6.585
Sept. 14 2000,6.683
Sept. 13 2000,6.691
Sept. 12 2000,6.788
Sept. 11 2000,6.818
Sept. 8 2000,6.743
Sept. 7 2000,6.570
Sept. 6 2000,6.615
Sept. 5 2000,6.976
Sept. 1 2000,6.946
Aug. 31 2000,7.029
Aug. 30 2000,6.879
Aug. 29 2000,6.999
Aug. 28 2000,6.984
Aug. 25 2000,6.856
Aug. 24 2000,6.924
Aug. 23 2000,6.913
Aug. 22 2000,6.992
Aug. 21 2000,6.941
Aug. 18 2000,6.749
Aug. 17 2000,6.749
Aug. 16 2000,6.574
Aug. 15 2000,6.676
Aug. 14 2000,6.687
Aug. 11 2000,6.540
Aug. 10 2000,6.427
Aug. 9 2000,6.557
Aug. 8 2000,6.574
Aug. 7 2000,6.659
Aug. 4 2000,6.636
Aug. 3 2000,6.433
Aug. 2 2000,6.388
Aug. 1 2000,6.365
July 31 2000,6.371
July 28 2000,4.621
July 27 2000,4.731
July 26 2000,4.710
July 25 2000,4.765
July 24 2000,4.786
July 21 2000,4.803
July 20 2000,4.773
July 19 2000,4.592
July 18 2000,4.511
July 17 2000,4.49
July 14 2000,4.596
July 13 2000,4.524
July 12 2000,4.541
July 11 2000,4.465
July 10 2000,4.414
July 7 2000,4.410
July 6 2000,4.321
July 5 2000,4.279
July 3 2000,4.224
June 30 2000,4.076
June 29 2000,4.365
June 28 2000,4.456
June 27 2000,4.430
June 26 2000,4.452
June 23 2000,4.300
June 22 2000,4.317
June 21 2000,4.378
June 20 2000,4.473
June 19 2000,4.447
June 16 2000,4.356
June 15 2000,4.508
June 14 2000,4.664
June 13 2000,4.538
June 12 2000,4.447
June 9 2000,4.447
June 8 2000,4.482
June 7 2000,4.599
June 6 2000,4.504
June 5 2000,4.617
June 2 2000,4.604
June 1 2000,4.421
May 31 2000,4.321
May 30 2000,4.191
May 26 2000,4.048
May 25 2000,4.070
May 24 2000,4.243
May 23 2000,4.33
May 22 2000,4.260
May 19 2000,4.234
May 18 2000,4.287
May 17 2000,4.278
May 16 2000,4.287
May 15 2000,4.369
May 12 2000,4.182
May 11 2000,4.096
May 10 2000,3.922
May 9 2000,4.122
May 8 2000,4.178
May 5 2000,4.139
May 4 2000,4.074
May 3 2000,4.178
May 2 2000,4.248
May 1 2000,4.191
April 28 2000,4.125
April 27 2000,4.273
April 26 2000,4.351
April 25 2000,4.468
April 24 2000,4.286
April 20 2000,4.251
April 19 2000,4.143
April 18 2000,4.329
April 17 2000,4.138
April 14 2000,4.000
April 13 2000,4.312
April 12 2000,4.381
April 11 2000,4.403
April 10 2000,4.320
April 7 2000,4.095
April 6 2000,4.117
April 5 2000,4.069
April 4 2000,4.099
April 3 2000,4.299
March 31 2000,4.117
March 30 2000,3.810
March 29 2000,3.882
March 28 2000,3.906
March 27 2000,3.846
March 24 2000,3.874
March 23 2000,3.958
March 22 2000,3.770
March 21 2000,3.718
March 20 2000,3.590
March 17 2000,3.650
March 16 2000,3.646
March 15 2000,3.338
March 14 2000,3.214
March 13 2000,3.138
March 10 2000,3.134
March 9 2000,3.218
March 8 2000,3.194
March 7 2000,3.226
March 6 2000,3.35
March 3 2000,3.422
March 2 2000,3.306
March 1 2000,3.322
Feb. 29 2000,3.318
Feb. 28 2000,3.162
Feb. 25 2000,3.078
Feb. 24 2000,3.166
Feb. 23 2000,3.246
Feb. 22 2000,3.282
Feb. 18 2000,3.290
Feb. 17 2000,3.362
Feb. 16 2000,3.426
Feb. 15 2000,3.478
Feb. 14 2000,3.378
Feb. 11 2000,3.454
Feb. 10 2000,3.438
Feb. 9 2000,3.47
Feb. 8 2000,3.570
Feb. 7 2000,3.494
Feb. 4 2000,3.514
Feb. 3 2000,3.598
Feb. 2 2000,3.654
Feb. 1 2000,3.730
Jan. 31 2000,3.678
Jan. 28 2000,3.594
Jan. 27 2000,3.778
Jan. 26 2000,3.710
Jan. 25 2000,3.574
Jan. 24 2000,3.542
Jan. 21 2000,3.614
Jan. 20 2000,3.682
Jan. 19 2000,3.822
Jan. 18 2000,3.698
Jan. 14 2000,3.714
Jan. 13 2000,3.558
Jan. 12 2000,3.514
Jan. 11 2000,3.406
Jan. 10 2000,3.45
Jan. 7 2000,3.49
Jan. 6 2000,3.47
Jan. 5 2000,3.254
Jan. 4 2000,3.238
Jan. 3 2000,3.386
Dec. 31 1999,3.558
Dec. 30 1999,4.462
Dec. 29 1999,4.427
Dec. 28 1999,4.477
Dec. 27 1999,4.386
Dec. 23 1999,4.517
Dec. 22 1999,4.432
Dec. 21 1999,4.457
Dec. 20 1999,4.301
Dec. 17 1999,4.396
Dec. 16 1999,4.346
Dec. 15 1999,4.396
Dec. 14 1999,4.316
Dec. 13 1999,4.462
Dec. 10 1999,4.528
Dec. 9 1999,4.457
Dec. 8 1999,4.422
Dec. 7 1999,4.613
Dec. 6 1999,4.543
Dec. 3 1999,4.356
Dec. 2 1999,4.356
Dec. 1 1999,4.396
Nov. 30 1999,4.346
Nov. 29 1999,4.326
Nov. 26 1999,4.386
Nov. 24 1999,4.351
Nov. 23 1999,4.417
Nov. 22 1999,4.477
Nov. 19 1999,4.528
Nov. 18 1999,4.528
Nov. 17 1999,4.538
Nov. 16 1999,4.689
Nov. 15 1999,4.492
Nov. 12 1999,4.422
Nov. 11 1999,4.205
Nov. 10 1999,4.245
Nov. 9 1999,4.260
Nov. 8 1999,4.351
Nov. 5 1999,4.381
Nov. 4 1999,4.316
Nov. 3 1999,4.265
Nov. 2 1999,4.331
Nov. 1 1999,4.306
Oct. 29 1999,4.366
Oct. 28 1999,4.366
Oct. 27 1999,4.139
Oct. 26 1999,3.912
Oct. 25 1999,3.852
Oct. 22 1999,3.887
Oct. 21 1999,3.802
Oct. 20 1999,3.731
Oct. 19 1999,3.625
Oct. 18 1999,3.534
Oct. 15 1999,3.408
Oct. 14 1999,3.544
Oct. 13 1999,3.534
Oct. 12 1999,3.670
Oct. 11 1999,3.701
Oct. 8 1999,3.756
Oct. 7 1999,3.701
Oct. 6 1999,3.741
Oct. 5 1999,3.645
Oct. 4 1999,3.595
Oct. 1 1999,3.479
Sept. 30 1999,3.549
Sept. 29 1999,3.558
Sept. 28 1999,3.626
Sept. 27 1999,3.585
Sept. 24 1999,3.668
Sept. 23 1999,3.590
Sept. 22 1999,3.579
Sept. 21 1999,3.558
Sept. 20 1999,3.678
Sept. 17 1999,3.647
Sept. 16 1999,3.605
Sept. 15 1999,3.611
Sept. 14 1999,3.605
Sept. 13 1999,3.590
Sept. 10 1999,3.605
Sept. 9 1999,3.642
Sept. 8 1999,3.694
Sept. 7 1999,3.736
Sept. 3 1999,3.809
Sept. 2 1999,3.673
Sept. 1 1999,3.752
Aug. 31 1999,3.710
Aug. 30 1999,3.736
Aug. 27 1999,3.908
Aug. 26 1999,3.965
Aug. 25 1999,4.070
Aug. 24 1999,4.080
Aug. 23 1999,4.049
Aug. 20 1999,3.872
Aug. 19 1999,3.798
Aug. 18 1999,3.929
Aug. 17 1999,3.976
Aug. 16 1999,3.866
Aug. 13 1999,3.825
Aug. 12 1999,3.673
Aug. 11 1999,3.658
Aug. 10 1999,3.517
Aug. 9 1999,3.548
Aug. 6 1999,3.538
Aug. 5 1999,3.673
Aug. 4 1999,3.658
Aug. 3 1999,3.684
Aug. 2 1999,3.678
July 30 1999,3.720
July 29 1999,3.819
July 28 1999,3.971
July 27 1999,3.945
July 26 1999,3.939
July 23 1999,3.950
July 22 1999,4.007
July 21 1999,3.965
July 20 1999,4.059
July 19 1999,4.096
July 16 1999,4.091
July 15 1999,4.018
July 14 1999,3.971
July 13 1999,3.986
July 12 1999,4.075
July 9 1999,4.080
July 8 1999,4.023
July 7 1999,4.070
July 6 1999,4.065
July 2 1999,4.085
July 1 1999,4.049
June 30 1999,3.965
June 29 1999,3.963
June 28 1999,3.952
June 25 1999,3.769
June 24 1999,3.769
June 23 1999,3.930
June 22 1999,3.979
June 21 1999,4.043
June 18 1999,3.990
June 17 1999,4.033
June 16 1999,3.957
June 15 1999,3.769
June 14 1999,3.629
June 11 1999,3.715
June 10 1999,3.629
June 9 1999,3.726
June 8 1999,3.705
June 7 1999,3.812
June 4 1999,3.758
June 3 1999,3.624
June 2 1999,3.576
June 1 1999,3.688
May 28 1999,3.800
May 27 1999,3.638
May 26 1999,3.71
May 25 1999,3.610
May 24 1999,3.735
May 21 1999,3.882
May 20 1999,3.957
May 19 1999,4.040
May 18 1999,3.961
May 17 1999,4.015
May 14 1999,4.072
May 13 1999,4.219
May 12 1999,4.233
May 11 1999,4.158
May 10 1999,4.090
May 7 1999,4.033
May 6 1999,4.004
May 5 1999,4.172
May 4 1999,4.140
May 3 1999,4.301
April 30 1999,4.316
April 29 1999,4.377
April 28 1999,4.284
April 27 1999,4.330
April 26 1999,4.230
April 23 1999,4.294
April 22 1999,4.301
April 21 1999,4.233
April 20 1999,4.183
April 19 1999,4.058
April 16 1999,4.108
April 15 1999,4.033
April 14 1999,4.205
April 13 1999,4.323
April 12 1999,4.244
April 9 1999,4.226
April 8 1999,4.190
April 7 1999,4.111
April 6 1999,3.850
April 5 1999,3.814
April 1 1999,3.71
March 31 1999,3.663
March 30 1999,3.802
March 29 1999,3.814
March 26 1999,3.769
March 25 1999,3.747
March 24 1999,3.572
March 23 1999,3.632
March 22 1999,3.780
March 19 1999,3.810
March 18 1999,3.832
March 17 1999,3.728
March 16 1999,3.836
March 15 1999,3.918
March 12 1999,3.921
March 11 1999,3.918
March 10 1999,3.802
March 9 1999,3.721
March 8 1999,3.695
March 5 1999,3.669
March 4 1999,3.583
March 3 1999,3.438
March 2 1999,3.502
March 1 1999,3.639
Feb. 26 1999,3.490
Feb. 25 1999,3.424
Feb. 24 1999,3.383
Feb. 23 1999,3.453
Feb. 22 1999,3.294
Feb. 19 1999,3.219
Feb. 18 1999,3.149
Feb. 17 1999,3.153
Feb. 16 1999,3.175
Feb. 12 1999,3.082
Feb. 11 1999,3.186
Feb. 10 1999,3.090
Feb. 9 1999,3.034
Feb. 8 1999,3.123
Feb. 5 1999,3.141
Feb. 4 1999,3.153
Feb. 3 1999,3.227
Feb. 2 1999,3.153
Feb. 1 1999,3.238
Jan. 29 1999,3.331
Jan. 28 1999,3.297
Jan. 27 1999,3.216
Jan. 26 1999,3.268
Jan. 25 1999,3.16
Jan. 22 1999,3.067
Jan. 21 1999,3.119
Jan. 20 1999,3.175
Jan. 19 1999,3.056
Jan. 15 1999,3.090
Jan. 14 1999,3.000
Jan. 13 1999,3.101
Jan. 12 1999,3.342
Jan. 11 1999,3.431
Jan. 8 1999,3.442
Jan. 7 1999,3.483
Jan. 6 1999,3.234
Jan. 5 1999,3.045
Jan. 4 1999,2.989
Dec. 31 1998,2.941
Dec. 30 1998,2.789
Dec. 29 1998,2.813
Dec. 28 1998,2.813
Dec. 24 1998,2.848
Dec. 23 1998,2.855
Dec. 22 1998,2.782
Dec. 21 1998,2.817
Dec. 18 1998,2.751
Dec. 17 1998,2.758
Dec. 16 1998,2.627
Dec. 15 1998,2.689
Dec. 14 1998,2.541
Dec. 11 1998,2.634
Dec. 10 1998,2.641
Dec. 9 1998,2.713
Dec. 8 1998,2.675
Dec. 7 1998,2.706
Dec. 4 1998,2.665
Dec. 3 1998,2.658
Dec. 2 1998,2.775
Dec. 1 1998,2.758
Nov. 30 1998,2.768
Nov. 27 1998,2.917
Nov. 25 1998,2.886
Nov. 24 1998,2.786
Nov. 23 1998,2.703
Nov. 20 1998,2.486
Nov. 19 1998,2.451
Nov. 18 1998,2.434
Nov. 17 1998,2.500
Nov. 16 1998,2.441
Nov. 13 1998,2.393
Nov. 12 1998,2.320
Nov. 11 1998,2.334
Nov. 10 1998,2.400
Nov. 9 1998,2.482
Nov. 6 1998,2.538
Nov. 5 1998,2.482
Nov. 4 1998,2.434
Nov. 3 1998,2.434
Nov. 2 1998,2.544
Oct. 30 1998,2.596
Oct. 29 1998,2.496
Oct. 28 1998,2.444
Oct. 27 1998,2.403
Oct. 26 1998,2.555
Oct. 23 1998,2.568
Oct. 22 1998,2.486
Oct. 21 1998,2.424
Oct. 20 1998,2.500
Oct. 19 1998,2.355
Oct. 16 1998,2.306
Oct. 15 1998,2.196
Oct. 14 1998,1.972
Oct. 13 1998,1.896
Oct. 12 1998,1.927
Oct. 9 1998,1.951
Oct. 8 1998,1.765
Oct. 7 1998,1.760
Oct. 6 1998,1.878
Oct. 5 1998,1.894
Oct. 2 1998,2.086
Oct. 1 1998,1.947
Sept. 30 1998,2.051
Sept. 29 1998,2.146
Sept. 28 1998,2.209
Sept. 25 1998,2.204
Sept. 24 1998,2.188
Sept. 23 1998,2.325
Sept. 22 1998,2.087
Sept. 21 1998,2.128
Sept. 18 1998,2.125
Sept. 17 1998,2.117
Sept. 16 1998,2.254
Sept. 15 1998,2.278
Sept. 14 1998,2.215
Sept. 11 1998,2.126
Sept. 10 1998,1.936
Sept. 9 1998,2.047
Sept. 8 1998,2.185
Sept. 4 1998,2.025
Sept. 3 1998,2.161
Sept. 2 1998,2.374
Sept. 1 1998,2.346
Aug. 31 1998,2.372
Aug. 28 1998,2.572
Aug. 27 1998,2.687
Aug. 26 1998,2.917
Aug. 25 1998,2.986
Aug. 24 1998,2.928
Aug. 21 1998,2.946
Aug. 20 1998,3.050
Aug. 19 1998,3.148
Aug. 18 1998,3.223
Aug. 17 1998,3.153
Aug. 14 1998,3.049
Aug. 13 1998,3.071
Aug. 12 1998,3.224
Aug. 11 1998,3.175
Aug. 10 1998,3.323
Aug. 7 1998,3.337
Aug. 6 1998,3.408
Aug. 5 1998,3.419
Aug. 4 1998,3.378
Aug. 3 1998,3.589
July 31 1998,3.729
July 30 1998,3.719
July 29 1998,3.618
July 28 1998,3.595
July 27 1998,3.677
July 24 1998,3.610
July 23 1998,3.669
July 22 1998,3.784
July 21 1998,3.773
July 20 1998,3.963
July 17 1998,3.914
July 16 1998,3.882
July 15 1998,3.817
July 14 1998,3.880
July 13 1998,3.852
July 10 1998,3.763
July 9 1998,3.715
July 8 1998,3.770
July 7 1998,3.511
July 6 1998,3.464
July 2 1998,3.455
July 1 1998,3.416
June 30 1998,3.274
June 29 1998,3.451
June 26 1998,3.448
June 25 1998,3.518
June 24 1998,3.521
June 23 1998,3.407
June 22 1998,3.393
June 19 1998,3.424
June 18 1998,3.436
June 17 1998,3.473
June 16 1998,3.341
June 15 1998,3.307
June 12 1998,3.463
June 11 1998,3.456
June 10 1998,3.553
June 9 1998,3.611
June 8 1998,3.610
June 5 1998,3.607
June 4 1998,3.524
June 3 1998,3.481
June 2 1998,3.566
June 1 1998,3.496
May 29 1998,3.407
May 28 1998,3.427
May 27 1998,3.403
May 26 1998,3.494
May 22 1998,3.540
May 21 1998,3.533
May 20 1998,3.621
May 19 1998,3.553
May 18 1998,3.507
May 15 1998,3.498
May 14 1998,3.404
May 13 1998,3.438
May 12 1998,3.476
May 11 1998,3.427
May 8 1998,3.336
May 7 1998,3.358
May 6 1998,3.377
May 5 1998,3.420
May 4 1998,3.487
May 1 1998,3.503
April 30 1998,3.438
April 29 1998,3.403
April 28 1998,3.381
April 27 1998,3.416
April 24 1998,3.541
April 23 1998,3.570
April 22 1998,3.654
April 21 1998,3.661
April 20 1998,3.610
April 17 1998,3.658
April 16 1998,3.593
April 15 1998,3.658
April 14 1998,3.757
April 13 1998,3.708
April 9 1998,3.790
April 8 1998,3.767
April 7 1998,3.772
April 6 1998,4.154
April 3 1998,3.264
April 2 1998,3.266
April 1 1998,3.260
March 31 1998,3.244
March 30 1998,1.672
March 27 1998,1.690
March 26 1998,1.694
March 25 1998,1.693
March 24 1998,1.720
March 23 1998,1.695
March 20 1998,1.702
March 19 1998,1.741
March 18 1998,1.744
March 17 1998,1.702
March 16 1998,1.671
March 13 1998,1.634
March 12 1998,1.614
March 11 1998,1.602
March 10 1998,1.574
March 9 1998,1.552
March 6 1998,1.562
March 5 1998,1.548
March 4 1998,1.574
March 3 1998,1.596
March 2 1998,1.584
Feb. 27 1998,1.578
Feb. 26 1998,1.531
Feb. 25 1998,1.515
Feb. 24 1998,1.501
Feb. 23 1998,1.522
Feb. 20 1998,1.521
Feb. 19 1998,1.525
Feb. 18 1998,1.525
Feb. 17 1998,1.517
Feb. 13 1998,1.496
Feb. 12 1998,1.524
Feb. 11 1998,1.521
Feb. 10 1998,1.526
Feb. 9 1998,1.522
Feb. 6 1998,1.506
Feb. 5 1998,1.490
Feb. 4 1998,1.474
Feb. 3 1998,1.492
Feb. 2 1998,1.481
