Feb. 1 2018,5.41%
Jan. 31 2018,5.46%
Jan. 30 2018,5.49%
Jan. 29 2018,5.44%
Jan. 26 2018,5.43%
Jan. 25 2018,5.46%
Jan. 24 2018,5.46%
Jan. 23 2018,5.53%
Jan. 22 2018,5.53%
Jan. 19 2018,5.59%
Jan. 18 2018,5.58%
Jan. 17 2018,5.59%
Jan. 16 2018,5.63%
Jan. 12 2018,5.61%
Jan. 11 2018,5.70%
Jan. 10 2018,5.73%
Jan. 9 2018,5.80%
Jan. 8 2018,5.82%
Jan. 5 2018,5.83%
Jan. 4 2018,5.80%
Jan. 3 2018,5.85%
Jan. 2 2018,5.85%
Dec. 29 2017,6.49%
Dec. 28 2017,6.44%
Dec. 27 2017,6.47%
Dec. 26 2017,6.48%
Dec. 22 2017,6.46%
Dec. 21 2017,6.44%
Dec. 20 2017,6.54%
Dec. 19 2017,6.52%
Dec. 18 2017,6.49%
Dec. 15 2017,6.54%
Dec. 14 2017,6.63%
Dec. 13 2017,6.58%
Dec. 12 2017,6.50%
Dec. 11 2017,6.57%
Dec. 8 2017,6.55%
Dec. 7 2017,6.63%
Dec. 6 2017,6.61%
Dec. 5 2017,6.56%
Dec. 4 2017,6.49%
Dec. 1 2017,6.62%
Nov. 30 2017,6.64%
Nov. 29 2017,6.69%
Nov. 28 2017,6.85%
Nov. 27 2017,7.09%
Nov. 24 2017,7.06%
Nov. 22 2017,7.04%
Nov. 21 2017,7.02%
Nov. 20 2017,7.01%
Nov. 17 2017,7.07%
Nov. 16 2017,7.05%
Nov. 15 2017,7.07%
Nov. 14 2017,7.13%
Nov. 13 2017,7.09%
Nov. 10 2017,7.12%
Nov. 9 2017,7.11%
Nov. 8 2017,7.11%
Nov. 7 2017,7.03%
Nov. 6 2017,6.89%
Nov. 3 2017,6.84%
Nov. 2 2017,6.83%
Nov. 1 2017,6.88%
Oct. 31 2017,6.90%
Oct. 30 2017,6.84%
Oct. 27 2017,6.82%
Oct. 26 2017,6.82%
Oct. 25 2017,6.87%
Oct. 24 2017,6.88%
Oct. 23 2017,6.99%
Oct. 20 2017,6.97%
Oct. 19 2017,7.07%
Oct. 18 2017,7.08%
Oct. 17 2017,7.11%
Oct. 16 2017,7.09%
Oct. 13 2017,7.24%
Oct. 12 2017,7.23%
Oct. 11 2017,7.17%
Oct. 10 2017,7.15%
Oct. 9 2017,7.20%
Oct. 6 2017,7.16%
Oct. 5 2017,7.15%
Oct. 4 2017,7.20%
Oct. 3 2017,7.13%
Oct. 2 2017,7.17%
Sept. 30 2017,7.27%
Sept. 29 2017,7.09%
Sept. 28 2017,7.09%
Sept. 27 2017,7.10%
Sept. 26 2017,7.21%
Sept. 25 2017,7.18%
Sept. 22 2017,7.13%
Sept. 21 2017,7.11%
Sept. 20 2017,7.20%
Sept. 19 2017,7.20%
Sept. 18 2017,7.28%
Sept. 15 2017,7.38%
Sept. 14 2017,7.43%
Sept. 13 2017,7.42%
Sept. 12 2017,7.44%
Sept. 11 2017,7.53%
Sept. 8 2017,7.65%
Sept. 7 2017,7.64%
Sept. 6 2017,7.50%
Sept. 5 2017,7.55%
Sept. 1 2017,7.37%
Aug. 31 2017,7.44%
Aug. 30 2017,7.40%
Aug. 29 2017,7.42%
Aug. 28 2017,7.38%
Aug. 25 2017,7.36%
Aug. 24 2017,7.39%
Aug. 23 2017,7.37%
Aug. 22 2017,7.38%
Aug. 21 2017,7.46%
Aug. 18 2017,7.45%
Aug. 17 2017,7.46%
Aug. 16 2017,7.34%
Aug. 15 2017,7.29%
Aug. 14 2017,7.31%
Aug. 11 2017,7.39%
Aug. 10 2017,7.33%
Aug. 9 2017,7.23%
Aug. 8 2017,7.22%
Aug. 7 2017,7.19%
Aug. 4 2017,7.22%
Aug. 3 2017,7.31%
Aug. 2 2017,7.26%
Aug. 1 2017,7.27%
July 31 2017,7.36%
July 28 2017,7.41%
July 27 2017,7.38%
July 26 2017,7.35%
July 25 2017,7.28%
July 24 2017,7.41%
July 21 2017,7.44%
July 20 2017,7.41%
July 19 2017,7.41%
July 18 2017,7.42%
July 17 2017,7.40%
July 14 2017,7.33%
July 13 2017,7.26%
July 12 2017,7.31%
July 11 2017,7.28%
July 10 2017,7.25%
July 7 2017,7.20%
July 6 2017,7.24%
July 5 2017,7.22%
July 3 2017,7.29%
June 30 2017,7.40%
June 29 2017,7.12%
June 28 2017,7.23%
June 27 2017,7.37%
June 26 2017,7.44%
June 23 2017,7.47%
June 22 2017,7.46%
June 21 2017,7.45%
June 20 2017,7.42%
June 19 2017,7.37%
June 16 2017,7.53%
June 15 2017,7.50%
June 14 2017,7.45%
June 13 2017,7.44%
June 12 2017,7.46%
June 9 2017,7.46%
June 8 2017,7.64%
June 7 2017,7.73%
June 6 2017,7.82%
June 5 2017,7.84%
June 2 2017,7.85%
June 1 2017,7.81%
May 31 2017,7.90%
May 30 2017,7.74%
May 26 2017,7.60%
May 25 2017,7.60%
May 24 2017,7.57%
May 23 2017,7.57%
May 22 2017,7.66%
May 19 2017,7.66%
May 18 2017,7.73%
May 17 2017,7.70%
May 16 2017,7.41%
May 15 2017,7.43%
May 12 2017,7.47%
May 11 2017,7.45%
May 10 2017,7.42%
May 9 2017,7.48%
May 8 2017,7.45%
May 5 2017,7.46%
May 4 2017,7.45%
May 3 2017,7.46%
May 2 2017,7.50%
May 1 2017,7.45%
April 28 2017,7.46%
April 27 2017,7.41%
April 26 2017,7.34%
April 25 2017,7.35%
April 24 2017,7.42%
April 21 2017,7.68%
April 20 2017,7.59%
April 19 2017,7.68%
April 18 2017,7.62%
April 17 2017,7.56%
April 13 2017,7.69%
April 12 2017,7.60%
April 11 2017,7.57%
April 10 2017,7.56%
April 7 2017,7.53%
April 6 2017,7.50%
April 5 2017,7.53%
April 4 2017,7.43%
April 3 2017,7.42%
March 31 2017,7.39%
March 30 2017,6.95%
March 29 2017,7.01%
March 28 2017,6.99%
March 27 2017,7.10%
March 24 2017,7.09%
March 23 2017,7.08%
March 22 2017,7.07%
March 21 2017,7.08%
March 20 2017,6.88%
March 17 2017,6.83%
March 16 2017,6.75%
March 15 2017,6.75%
March 14 2017,6.76%
March 13 2017,6.78%
March 10 2017,6.78%
March 9 2017,6.76%
March 8 2017,6.79%
March 7 2017,6.77%
March 6 2017,6.73%
March 3 2017,6.67%
March 2 2017,6.72%
March 1 2017,6.61%
Feb. 28 2017,6.83%
Feb. 27 2017,6.85%
Feb. 24 2017,6.85%
Feb. 23 2017,6.79%
Feb. 22 2017,6.80%
Feb. 21 2017,6.80%
Feb. 17 2017,6.86%
Feb. 16 2017,6.84%
Feb. 15 2017,6.83%
Feb. 14 2017,6.91%
Feb. 13 2017,7.02%
Feb. 10 2017,7.11%
Feb. 9 2017,7.10%
Feb. 8 2017,7.20%
Feb. 7 2017,7.14%
Feb. 6 2017,7.13%
Feb. 3 2017,7.10%
Feb. 2 2017,7.32%
Feb. 1 2017,7.29%
Jan. 31 2017,7.31%
Jan. 30 2017,7.20%
Jan. 27 2017,7.12%
Jan. 26 2017,7.14%
Jan. 25 2017,7.20%
Jan. 24 2017,7.31%
Jan. 23 2017,7.39%
Jan. 20 2017,7.40%
Jan. 19 2017,7.43%
Jan. 18 2017,7.37%
Jan. 17 2017,7.41%
Jan. 13 2017,7.14%
Jan. 12 2017,7.18%
Jan. 11 2017,7.11%
Jan. 10 2017,7.16%
Jan. 9 2017,7.18%
Jan. 6 2017,7.19%
Jan. 5 2017,7.19%
Jan. 4 2017,7.12%
Jan. 3 2017,7.10%
Dec. 30 2016,6.72%
Dec. 29 2016,6.75%
Dec. 28 2016,6.71%
Dec. 27 2016,6.66%
Dec. 23 2016,6.66%
Dec. 22 2016,6.68%
Dec. 21 2016,6.69%
Dec. 20 2016,6.70%
Dec. 19 2016,6.79%
Dec. 16 2016,6.83%
Dec. 15 2016,6.74%
Dec. 14 2016,6.85%
Dec. 13 2016,6.84%
Dec. 12 2016,6.85%
Dec. 9 2016,6.78%
Dec. 8 2016,6.81%
Dec. 7 2016,6.90%
Dec. 6 2016,6.93%
Dec. 5 2016,6.97%
Dec. 2 2016,7.11%
Dec. 1 2016,7.09%
Nov. 30 2016,7.23%
Nov. 29 2016,7.35%
Nov. 28 2016,7.41%
Nov. 25 2016,7.36%
Nov. 23 2016,7.35%
Nov. 22 2016,7.39%
Nov. 21 2016,7.43%
Nov. 18 2016,7.46%
Nov. 17 2016,7.43%
Nov. 16 2016,7.49%
Nov. 15 2016,7.31%
Nov. 14 2016,7.29%
Nov. 11 2016,7.56%
Nov. 10 2016,7.57%
Nov. 9 2016,7.92%
Nov. 8 2016,8.28%
Nov. 7 2016,8.30%
Nov. 4 2016,8.56%
Nov. 3 2016,8.48%
Nov. 2 2016,8.44%
Nov. 1 2016,8.41%
Oct. 31 2016,8.37%
Oct. 28 2016,8.39%
Oct. 27 2016,8.38%
Oct. 26 2016,8.39%
Oct. 25 2016,8.43%
Oct. 24 2016,8.42%
Oct. 21 2016,8.47%
Oct. 20 2016,8.50%
Oct. 19 2016,8.49%
Oct. 18 2016,8.57%
Oct. 17 2016,8.63%
Oct. 14 2016,8.59%
Oct. 13 2016,8.56%
Oct. 12 2016,8.51%
Oct. 11 2016,8.49%
Oct. 10 2016,8.45%
Oct. 7 2016,8.52%
Oct. 6 2016,8.55%
Oct. 5 2016,8.57%
Oct. 4 2016,8.71%
Oct. 3 2016,8.72%
Sept. 30 2016,8.71%
Sept. 29 2016,8.99%
Sept. 28 2016,8.84%
Sept. 27 2016,8.89%
Sept. 26 2016,8.97%
Sept. 23 2016,8.77%
Sept. 22 2016,8.76%
Sept. 21 2016,8.83%
Sept. 20 2016,8.88%
Sept. 19 2016,8.91%
Sept. 16 2016,8.96%
Sept. 15 2016,8.85%
Sept. 14 2016,8.89%
Sept. 13 2016,8.87%
Sept. 12 2016,8.80%
Sept. 9 2016,8.85%
Sept. 8 2016,8.77%
Sept. 7 2016,8.78%
Sept. 6 2016,8.75%
Sept. 2 2016,8.74%
Sept. 1 2016,8.78%
Aug. 31 2016,8.74%
Aug. 30 2016,8.74%
Aug. 29 2016,8.81%
Aug. 26 2016,8.91%
Aug. 25 2016,8.93%
Aug. 24 2016,8.95%
Aug. 23 2016,8.97%
Aug. 22 2016,8.97%
Aug. 19 2016,8.96%
Aug. 18 2016,8.95%
Aug. 17 2016,8.95%
Aug. 16 2016,8.98%
Aug. 15 2016,8.98%
Aug. 12 2016,9.03%
Aug. 11 2016,9.01%
Aug. 10 2016,9.04%
Aug. 9 2016,8.96%
Aug. 8 2016,8.93%
Aug. 5 2016,8.90%
Aug. 4 2016,9.14%
Aug. 3 2016,9.12%
Aug. 2 2016,9.27%
Aug. 1 2016,9.25%
July 29 2016,9.22%
July 28 2016,9.20%
July 27 2016,9.17%
July 26 2016,9.20%
July 25 2016,9.24%
July 22 2016,9.21%
July 21 2016,9.26%
July 20 2016,9.23%
July 19 2016,9.24%
July 18 2016,9.22%
July 15 2016,9.19%
July 14 2016,9.20%
July 13 2016,9.34%
July 12 2016,9.34%
July 11 2016,9.47%
July 8 2016,9.54%
July 7 2016,9.80%
July 6 2016,9.80%
July 5 2016,9.91%
July 1 2016,9.63%
June 30 2016,9.49%
June 29 2016,9.62%
June 28 2016,9.90%
June 27 2016,10.22%
June 24 2016,9.88%
June 23 2016,9.20%
June 22 2016,9.39%
June 21 2016,9.36%
June 20 2016,9.44%
June 17 2016,9.46%
June 16 2016,9.47%
June 15 2016,9.50%
June 14 2016,9.49%
June 13 2016,9.31%
June 10 2016,9.23%
June 9 2016,9.10%
June 8 2016,9.03%
June 7 2016,9.05%
June 6 2016,9.02%
June 3 2016,9.11%
June 2 2016,8.95%
June 1 2016,8.97%
May 31 2016,9.02%
May 27 2016,9.00%
May 26 2016,9.06%
May 25 2016,8.99%
May 24 2016,9.13%
May 23 2016,9.28%
May 20 2016,9.27%
May 19 2016,9.29%
May 18 2016,9.20%
May 17 2016,9.55%
May 16 2016,9.55%
May 13 2016,9.62%
May 12 2016,9.54%
May 11 2016,9.53%
May 10 2016,9.49%
May 9 2016,9.62%
May 6 2016,9.56%
May 5 2016,9.62%
May 4 2016,9.42%
May 3 2016,9.42%
May 2 2016,9.23%
April 29 2016,9.32%
April 28 2016,9.26%
April 27 2016,9.19%
April 26 2016,9.21%
April 25 2016,9.26%
April 22 2016,9.21%
April 21 2016,9.26%
April 20 2016,9.17%
April 19 2016,9.30%
April 18 2016,9.46%
April 15 2016,9.52%
April 14 2016,9.41%
April 13 2016,9.53%
April 12 2016,9.94%
April 11 2016,10.12%
April 8 2016,10.20%
April 7 2016,10.28%
April 6 2016,10.02%
April 5 2016,10.09%
April 4 2016,9.95%
April 1 2016,9.84%
March 31 2016,9.95%
March 30 2016,10.03%
March 29 2016,10.15%
March 28 2016,10.08%
March 24 2016,10.07%
March 23 2016,9.99%
March 22 2016,9.94%
March 21 2016,9.91%
March 18 2016,9.90%
March 17 2016,10.20%
March 16 2016,10.17%
March 15 2016,10.12%
March 14 2016,10.13%
March 11 2016,10.09%
March 10 2016,10.22%
March 9 2016,10.13%
March 8 2016,10.19%
March 7 2016,9.99%
March 4 2016,9.98%
March 3 2016,9.99%
March 2 2016,10.02%
March 1 2016,10.12%
Feb. 29 2016,10.64%
Feb. 26 2016,10.41%
Feb. 25 2016,10.51%
Feb. 24 2016,10.67%
Feb. 23 2016,10.67%
Feb. 22 2016,10.23%
Feb. 19 2016,10.36%
Feb. 18 2016,10.36%
Feb. 17 2016,10.19%
Feb. 16 2016,10.27%
Feb. 12 2016,10.42%
Feb. 11 2016,11.29%
Feb. 10 2016,10.79%
Feb. 9 2016,10.66%
Feb. 8 2016,10.59%
Feb. 5 2016,10.37%
Feb. 4 2016,10.26%
Feb. 3 2016,10.43%
Feb. 2 2016,10.50%
Feb. 1 2016,10.18%
Jan. 29 2016,10.07%
Jan. 28 2016,10.46%
Jan. 27 2016,10.50%
Jan. 26 2016,10.49%
Jan. 25 2016,10.76%
Jan. 22 2016,10.52%
Jan. 21 2016,10.84%
Jan. 20 2016,10.79%
Jan. 19 2016,10.51%
Jan. 15 2016,10.50%
Jan. 14 2016,10.29%
Jan. 13 2016,10.45%
Jan. 12 2016,10.16%
Jan. 11 2016,10.18%
Jan. 8 2016,10.17%
Jan. 7 2016,9.94%
Jan. 6 2016,9.54%
Jan. 5 2016,9.40%
Jan. 4 2016,9.42%
Dec. 31 2015,9.07%
Dec. 30 2015,8.82%
Dec. 29 2015,8.75%
Dec. 28 2015,8.84%
Dec. 24 2015,8.81%
Dec. 23 2015,8.80%
Dec. 22 2015,8.94%
Dec. 21 2015,8.96%
Dec. 18 2015,9.11%
Dec. 17 2015,8.86%
Dec. 16 2015,8.69%
Dec. 15 2015,8.88%
Dec. 14 2015,9.13%
Dec. 11 2015,9.16%
Dec. 10 2015,8.95%
Dec. 9 2015,8.97%
Dec. 8 2015,8.90%
Dec. 7 2015,8.76%
Dec. 4 2015,8.65%
Dec. 3 2015,8.92%
Dec. 2 2015,8.81%
Dec. 1 2015,8.68%
Nov. 30 2015,8.80%
Nov. 27 2015,8.74%
Nov. 25 2015,8.78%
Nov. 24 2015,8.79%
Nov. 23 2015,8.78%
Nov. 20 2015,8.69%
Nov. 19 2015,8.68%
Nov. 18 2015,8.70%
Nov. 17 2015,8.88%
Nov. 16 2015,8.83%
Nov. 13 2015,8.95%
Nov. 12 2015,8.89%
Nov. 11 2015,8.72%
Nov. 10 2015,8.67%
Nov. 9 2015,8.71%
Nov. 6 2015,8.57%
Nov. 5 2015,8.84%
Nov. 4 2015,8.91%
Nov. 3 2015,8.92%
Nov. 2 2015,8.96%
Oct. 30 2015,9.14%
Oct. 29 2015,9.00%
Oct. 28 2015,8.96%
Oct. 27 2015,9.22%
Oct. 26 2015,9.19%
Oct. 23 2015,9.19%
Oct. 22 2015,9.29%
Oct. 21 2015,9.46%
Oct. 20 2015,9.39%
Oct. 19 2015,9.43%
Oct. 16 2015,9.40%
Oct. 15 2015,9.48%
Oct. 14 2015,9.78%
Oct. 13 2015,9.54%
Oct. 12 2015,9.51%
Oct. 9 2015,9.48%
Oct. 8 2015,9.45%
Oct. 7 2015,9.45%
Oct. 6 2015,9.46%
Oct. 5 2015,9.46%
Oct. 2 2015,9.65%
Oct. 1 2015,9.56%
Sept. 30 2015,9.63%
Sept. 29 2015,9.26%
Sept. 28 2015,9.24%
Sept. 25 2015,9.01%
Sept. 24 2015,9.20%
Sept. 23 2015,9.14%
Sept. 22 2015,9.10%
Sept. 21 2015,9.02%
Sept. 18 2015,9.09%
Sept. 17 2015,8.84%
Sept. 16 2015,8.64%
Sept. 15 2015,8.71%
Sept. 14 2015,8.88%
Sept. 11 2015,8.86%
Sept. 10 2015,8.84%
Sept. 9 2015,8.91%
Sept. 8 2015,8.77%
Sept. 4 2015,9.01%
Sept. 3 2015,8.84%
Sept. 2 2015,8.85%
Sept. 1 2015,9.02%
Aug. 31 2015,8.64%
Aug. 28 2015,8.64%
Aug. 27 2015,8.59%
Aug. 26 2015,8.81%
Aug. 25 2015,9.25%
Aug. 24 2015,9.20%
Aug. 21 2015,8.71%
Aug. 20 2015,8.40%
Aug. 19 2015,8.20%
Aug. 18 2015,8.12%
Aug. 17 2015,8.14%
Aug. 14 2015,8.16%
Aug. 13 2015,8.20%
Aug. 12 2015,8.24%
Aug. 11 2015,8.12%
Aug. 10 2015,8.04%
Aug. 7 2015,8.14%
Aug. 6 2015,8.12%
Aug. 5 2015,8.06%
Aug. 4 2015,8.09%
Aug. 3 2015,8.08%
July 31 2015,8.08%
July 30 2015,8.02%
July 29 2015,8.04%
July 28 2015,8.14%
July 27 2015,8.15%
July 24 2015,8.04%
July 23 2015,7.96%
July 22 2015,7.91%
July 21 2015,8.02%
July 20 2015,8.00%
July 17 2015,8.00%
July 16 2015,7.96%
July 15 2015,8.01%
July 14 2015,8.02%
July 13 2015,8.14%
July 10 2015,8.26%
July 9 2015,8.38%
July 8 2015,8.47%
July 7 2015,8.29%
July 6 2015,8.23%
July 2 2015,8.20%
July 1 2015,8.14%
June 30 2015,8.18%
June 29 2015,8.12%
June 26 2015,7.92%
June 25 2015,7.95%
June 24 2015,7.91%
June 23 2015,7.83%
June 22 2015,7.92%
June 19 2015,8.02%
June 18 2015,7.94%
June 17 2015,8.01%
June 16 2015,7.99%
June 15 2015,8.03%
June 12 2015,8.00%
June 11 2015,7.97%
June 10 2015,8.00%
June 9 2015,8.13%
June 8 2015,8.16%
June 5 2015,8.10%
June 4 2015,8.23%
June 3 2015,8.19%
June 2 2015,8.27%
June 1 2015,8.26%
May 29 2015,8.30%
May 28 2015,8.25%
May 27 2015,8.21%
May 26 2015,8.31%
May 22 2015,8.21%
May 21 2015,8.19%
May 20 2015,8.21%
May 19 2015,8.15%
May 18 2015,8.22%
May 15 2015,8.29%
May 14 2015,8.27%
May 13 2015,8.33%
May 12 2015,8.35%
May 11 2015,8.34%
May 8 2015,8.34%
May 7 2015,8.47%
May 6 2015,8.54%
May 5 2015,8.48%
May 4 2015,8.44%
May 1 2015,8.58%
April 30 2015,8.63%
April 29 2015,8.58%
April 28 2015,8.70%
April 27 2015,8.76%
April 24 2015,8.72%
April 23 2015,8.69%
April 22 2015,8.67%
April 21 2015,8.76%
April 20 2015,8.63%
April 17 2015,8.69%
April 16 2015,8.56%
April 15 2015,8.50%
April 14 2015,8.66%
April 13 2015,8.80%
April 10 2015,8.85%
April 9 2015,8.88%
April 8 2015,8.94%
April 7 2015,8.97%
April 6 2015,9.03%
April 2 2015,9.02%
April 1 2015,9.11%
March 31 2015,9.01%
March 30 2015,8.68%
March 27 2015,8.88%
March 26 2015,8.88%
March 25 2015,8.87%
March 24 2015,8.75%
March 23 2015,8.65%
March 20 2015,8.57%
March 19 2015,8.64%
March 18 2015,8.57%
March 17 2015,8.59%
March 16 2015,8.55%
March 13 2015,8.67%
March 12 2015,8.62%
March 11 2015,8.78%
March 10 2015,8.82%
March 9 2015,8.60%
March 6 2015,8.69%
March 5 2015,8.53%
March 4 2015,8.51%
March 3 2015,8.54%
March 2 2015,8.56%
Feb. 27 2015,8.63%
Feb. 26 2015,8.59%
Feb. 25 2015,8.65%
Feb. 24 2015,8.70%
Feb. 23 2015,8.91%
Feb. 20 2015,8.85%
Feb. 19 2015,8.93%
Feb. 18 2015,8.91%
Feb. 17 2015,8.80%
Feb. 13 2015,8.87%
Feb. 12 2015,8.88%
Feb. 11 2015,9.06%
Feb. 10 2015,9.05%
Feb. 9 2015,9.15%
Feb. 6 2015,9.14%
Feb. 5 2015,9.32%
Feb. 4 2015,9.38%
Feb. 3 2015,9.33%
Feb. 2 2015,9.54%
Jan. 30 2015,9.73%
Jan. 29 2015,9.50%
Jan. 28 2015,9.66%
Jan. 27 2015,9.41%
Jan. 26 2015,9.32%
Jan. 23 2015,9.33%
Jan. 22 2015,9.19%
Jan. 21 2015,9.46%
Jan. 20 2015,9.50%
Jan. 16 2015,9.46%
Jan. 15 2015,9.62%
Jan. 14 2015,9.31%
Jan. 13 2015,8.99%
Jan. 12 2015,8.99%
Jan. 9 2015,8.91%
Jan. 8 2015,8.76%
Jan. 7 2015,8.96%
Jan. 6 2015,8.97%
Jan. 5 2015,8.74%
Jan. 2 2015,8.47%
Dec. 31 2014,8.45%
Dec. 30 2014,8.52%
Dec. 29 2014,8.55%
Dec. 26 2014,8.60%
Dec. 24 2014,8.61%
Dec. 23 2014,8.61%
Dec. 22 2014,8.69%
Dec. 19 2014,8.69%
Dec. 18 2014,8.75%
Dec. 17 2014,9.00%
Dec. 16 2014,9.21%
Dec. 15 2014,9.09%
Dec. 12 2014,8.96%
Dec. 11 2014,8.80%
Dec. 10 2014,8.87%
Dec. 9 2014,8.61%
Dec. 8 2014,8.58%
Dec. 5 2014,8.58%
Dec. 4 2014,8.77%
Dec. 3 2014,8.74%
Dec. 2 2014,8.81%
Dec. 1 2014,8.97%
Nov. 28 2014,8.94%
Nov. 26 2014,8.92%
Nov. 25 2014,8.92%
Nov. 24 2014,8.83%
Nov. 21 2014,8.90%
Nov. 20 2014,8.95%
Nov. 19 2014,8.88%
Nov. 18 2014,8.89%
Nov. 17 2014,8.91%
Nov. 14 2014,8.92%
Nov. 13 2014,8.93%
Nov. 12 2014,8.88%
Nov. 11 2014,8.77%
Nov. 10 2014,8.69%
Nov. 7 2014,8.75%
Nov. 6 2014,8.79%
Nov. 5 2014,8.80%
Nov. 4 2014,8.93%
Nov. 3 2014,8.84%
Oct. 31 2014,8.90%
Oct. 30 2014,9.06%
Oct. 29 2014,9.07%
Oct. 28 2014,9.02%
Oct. 27 2014,9.17%
Oct. 24 2014,9.16%
Oct. 23 2014,9.27%
Oct. 22 2014,9.36%
Oct. 21 2014,9.29%
Oct. 20 2014,9.50%
Oct. 17 2014,9.57%
Oct. 16 2014,9.77%
Oct. 15 2014,9.69%
Oct. 14 2014,9.28%
Oct. 13 2014,9.25%
Oct. 10 2014,9.19%
Oct. 9 2014,9.11%
Oct. 8 2014,8.91%
Oct. 7 2014,9.08%
Oct. 6 2014,8.94%
Oct. 3 2014,8.92%
Oct. 2 2014,9.14%
Oct. 1 2014,9.00%
Sept. 30 2014,8.93%
Sept. 29 2014,6.40%
Sept. 26 2014,6.37%
Sept. 25 2014,6.42%
Sept. 24 2014,6.26%
Sept. 23 2014,6.33%
Sept. 22 2014,6.34%
Sept. 19 2014,6.32%
Sept. 18 2014,6.29%
Sept. 17 2014,6.40%
Sept. 16 2014,6.43%
Sept. 15 2014,6.44%
Sept. 12 2014,6.43%
Sept. 11 2014,6.46%
Sept. 10 2014,6.52%
Sept. 9 2014,6.54%
Sept. 8 2014,6.45%
Sept. 5 2014,6.44%
Sept. 4 2014,6.46%
Sept. 3 2014,6.47%
Sept. 2 2014,6.47%
Aug. 29 2014,6.49%
Aug. 28 2014,6.52%
Aug. 27 2014,6.48%
Aug. 26 2014,6.46%
Aug. 25 2014,6.50%
Aug. 22 2014,6.60%
Aug. 21 2014,6.60%
Aug. 20 2014,6.70%
Aug. 19 2014,6.71%
Aug. 18 2014,6.74%
Aug. 15 2014,6.80%
Aug. 14 2014,6.77%
Aug. 13 2014,6.81%
Aug. 12 2014,6.85%
Aug. 11 2014,6.85%
Aug. 8 2014,6.85%
Aug. 7 2014,6.90%
Aug. 6 2014,6.86%
Aug. 5 2014,6.89%
Aug. 4 2014,6.81%
Aug. 1 2014,6.83%
July 31 2014,6.69%
July 30 2014,6.55%
July 29 2014,6.58%
July 28 2014,6.52%
July 25 2014,6.54%
July 24 2014,6.52%
July 23 2014,6.54%
July 22 2014,6.58%
July 21 2014,6.63%
July 18 2014,6.63%
July 17 2014,6.67%
July 16 2014,6.57%
July 15 2014,6.62%
July 14 2014,6.86%
July 11 2014,6.92%
July 10 2014,6.95%
July 9 2014,6.89%
July 8 2014,6.92%
July 7 2014,6.81%
July 3 2014,6.77%
July 2 2014,6.78%
July 1 2014,6.70%
June 30 2014,6.70%
June 27 2014,6.95%
June 26 2014,6.97%
June 25 2014,6.95%
June 24 2014,6.97%
June 23 2014,6.87%
June 20 2014,6.95%
June 19 2014,6.98%
June 18 2014,6.92%
June 17 2014,6.97%
June 16 2014,7.03%
June 13 2014,7.01%
June 12 2014,7.01%
June 11 2014,6.98%
June 10 2014,6.91%
June 9 2014,6.97%
June 6 2014,7.02%
June 5 2014,7.06%
June 4 2014,7.18%
June 3 2014,7.19%
June 2 2014,7.23%
May 30 2014,7.20%
May 29 2014,7.18%
May 28 2014,7.21%
May 27 2014,7.25%
May 23 2014,7.34%
May 22 2014,7.33%
May 21 2014,7.39%
May 20 2014,7.45%
May 19 2014,7.43%
May 16 2014,7.50%
May 15 2014,7.48%
May 14 2014,7.36%
May 13 2014,7.32%
May 12 2014,7.32%
May 9 2014,7.41%
May 8 2014,7.36%
May 7 2014,7.40%
May 6 2014,7.50%
May 5 2014,7.38%
May 2 2014,7.20%
May 1 2014,7.18%
April 30 2014,7.15%
April 29 2014,7.13%
April 28 2014,7.21%
April 25 2014,7.18%
April 24 2014,7.12%
April 23 2014,7.14%
April 22 2014,7.17%
April 21 2014,7.27%
April 17 2014,7.24%
April 16 2014,7.24%
April 15 2014,7.30%
April 14 2014,7.28%
April 11 2014,7.23%
April 10 2014,6.97%
April 9 2014,6.75%
April 8 2014,6.80%
April 7 2014,6.78%
April 4 2014,6.69%
April 3 2014,6.59%
April 2 2014,6.61%
April 1 2014,6.59%
March 31 2014,6.59%
March 28 2014,7.18%
March 27 2014,7.19%
March 26 2014,7.20%
March 25 2014,7.07%
March 24 2014,7.06%
March 21 2014,7.16%
March 20 2014,7.17%
March 19 2014,7.39%
March 18 2014,7.42%
March 17 2014,7.49%
March 14 2014,7.59%
March 13 2014,7.51%
March 12 2014,7.44%
March 11 2014,7.41%
March 10 2014,7.28%
March 7 2014,7.26%
March 6 2014,7.32%
March 5 2014,7.41%
March 4 2014,7.53%
March 3 2014,7.67%
Feb. 28 2014,7.59%
Feb. 27 2014,7.60%
Feb. 26 2014,7.59%
Feb. 25 2014,7.56%
Feb. 24 2014,7.43%
Feb. 21 2014,7.48%
Feb. 20 2014,7.49%
Feb. 19 2014,7.53%
Feb. 18 2014,7.37%
Feb. 14 2014,7.41%
Feb. 13 2014,7.43%
Feb. 12 2014,7.49%
Feb. 11 2014,7.50%
Feb. 10 2014,7.60%
Feb. 7 2014,7.61%
Feb. 6 2014,7.63%
Feb. 5 2014,7.81%
Feb. 4 2014,7.84%
Feb. 3 2014,7.94%
Jan. 31 2014,7.79%
Jan. 30 2014,7.70%
Jan. 29 2014,7.76%
Jan. 28 2014,7.73%
Jan. 27 2014,7.82%
Jan. 24 2014,7.82%
Jan. 23 2014,7.63%
Jan. 22 2014,7.48%
Jan. 21 2014,7.41%
Jan. 17 2014,7.42%
Jan. 16 2014,7.31%
Jan. 15 2014,7.24%
Jan. 14 2014,7.46%
Jan. 13 2014,7.47%
Jan. 10 2014,7.37%
Jan. 9 2014,7.33%
Jan. 8 2014,7.32%
Jan. 7 2014,7.39%
Jan. 6 2014,7.31%
Jan. 3 2014,7.35%
Jan. 2 2014,7.40%
Dec. 31 2013,7.37%
Dec. 30 2013,7.61%
Dec. 27 2013,7.59%
Dec. 26 2013,7.58%
Dec. 24 2013,7.57%
Dec. 23 2013,7.57%
Dec. 20 2013,7.64%
Dec. 19 2013,7.71%
Dec. 18 2013,7.70%
Dec. 17 2013,7.91%
Dec. 16 2013,7.82%
Dec. 13 2013,7.85%
Dec. 12 2013,7.83%
Dec. 11 2013,7.87%
Dec. 10 2013,7.78%
Dec. 9 2013,7.80%
Dec. 6 2013,7.87%
Dec. 5 2013,7.90%
Dec. 4 2013,7.71%
Dec. 3 2013,7.76%
Dec. 2 2013,7.74%
Nov. 29 2013,7.71%
Nov. 27 2013,7.67%
Nov. 26 2013,7.71%
Nov. 25 2013,7.65%
Nov. 22 2013,7.67%
Nov. 21 2013,7.71%
Nov. 20 2013,7.86%
Nov. 19 2013,7.85%
Nov. 18 2013,7.91%
Nov. 15 2013,8.04%
Nov. 14 2013,8.11%
Nov. 13 2013,8.15%
Nov. 12 2013,8.17%
Nov. 11 2013,8.15%
Nov. 8 2013,8.17%
Nov. 7 2013,8.54%
Nov. 6 2013,8.46%
Nov. 5 2013,8.49%
Nov. 4 2013,8.47%
Nov. 1 2013,8.40%
Oct. 31 2013,8.56%
Oct. 30 2013,8.38%
Oct. 29 2013,8.36%
Oct. 28 2013,8.37%
Oct. 25 2013,8.36%
Oct. 24 2013,8.40%
Oct. 23 2013,8.36%
Oct. 22 2013,8.22%
Oct. 21 2013,8.13%
Oct. 18 2013,8.12%
Oct. 17 2013,8.14%
Oct. 16 2013,8.17%
Oct. 15 2013,8.43%
Oct. 14 2013,8.37%
Oct. 11 2013,8.40%
Oct. 10 2013,8.40%
Oct. 9 2013,8.69%
Oct. 8 2013,8.67%
Oct. 7 2013,8.51%
Oct. 4 2013,8.37%
Oct. 3 2013,8.49%
Oct. 2 2013,8.47%
Oct. 1 2013,8.49%
Sept. 30 2013,8.53%
Sept. 27 2013,11.45%
Sept. 26 2013,11.52%
Sept. 25 2013,11.57%
Sept. 24 2013,11.88%
Sept. 23 2013,11.62%
Sept. 20 2013,11.33%
Sept. 19 2013,11.34%
Sept. 18 2013,11.20%
Sept. 17 2013,11.26%
Sept. 16 2013,11.25%
Sept. 13 2013,11.37%
Sept. 12 2013,11.45%
Sept. 11 2013,11.23%
Sept. 10 2013,11.14%
Sept. 9 2013,11.31%
Sept. 6 2013,11.38%
Sept. 5 2013,11.48%
Sept. 4 2013,11.53%
Sept. 3 2013,11.70%
Aug. 30 2013,11.83%
Aug. 29 2013,11.79%
Aug. 28 2013,11.82%
Aug. 27 2013,11.82%
Aug. 26 2013,11.54%
Aug. 23 2013,11.43%
Aug. 22 2013,11.45%
Aug. 21 2013,11.58%
Aug. 20 2013,11.47%
Aug. 19 2013,11.54%
Aug. 16 2013,11.22%
Aug. 15 2013,11.22%
Aug. 14 2013,11.04%
Aug. 13 2013,11.01%
Aug. 12 2013,11.06%
Aug. 9 2013,10.97%
Aug. 8 2013,10.91%
Aug. 7 2013,10.81%
Aug. 6 2013,10.78%
Aug. 5 2013,10.66%
Aug. 2 2013,10.59%
Aug. 1 2013,10.58%
July 31 2013,10.73%
July 30 2013,10.81%
July 29 2013,10.74%
July 26 2013,10.67%
July 25 2013,10.58%
July 24 2013,10.56%
July 23 2013,10.55%
July 22 2013,10.57%
July 19 2013,10.65%
July 18 2013,10.61%
July 17 2013,10.82%
July 16 2013,10.87%
July 15 2013,10.89%
July 12 2013,10.88%
July 11 2013,10.85%
July 10 2013,10.91%
July 9 2013,10.89%
July 8 2013,10.93%
July 5 2013,11.08%
July 3 2013,11.33%
July 2 2013,11.33%
July 1 2013,11.39%
June 28 2013,10.59%
June 27 2013,10.52%
June 26 2013,10.65%
June 25 2013,10.73%
June 24 2013,10.98%
June 21 2013,10.76%
June 20 2013,10.65%
June 19 2013,10.44%
June 18 2013,10.33%
June 17 2013,10.38%
June 14 2013,10.52%
June 13 2013,10.32%
June 12 2013,10.51%
June 11 2013,10.45%
June 10 2013,10.28%
June 7 2013,10.30%
June 6 2013,10.45%
June 5 2013,10.54%
June 4 2013,10.34%
June 3 2013,10.26%
May 31 2013,10.24%
May 30 2013,10.05%
May 29 2013,10.22%
May 28 2013,10.24%
May 24 2013,10.42%
May 23 2013,10.48%
May 22 2013,10.42%
May 21 2013,10.54%
May 20 2013,10.69%
May 17 2013,10.69%
May 16 2013,10.97%
May 15 2013,10.94%
May 14 2013,11.13%
May 13 2013,11.25%
May 10 2013,11.42%
May 9 2013,11.40%
May 8 2013,11.23%
May 7 2013,11.38%
May 6 2013,11.60%
May 3 2013,11.75%
May 2 2013,11.63%
May 1 2013,11.64%
April 30 2013,11.41%
April 29 2013,11.43%
April 26 2013,11.44%
April 25 2013,11.41%
April 24 2013,11.47%
April 23 2013,11.60%
April 22 2013,11.81%
April 19 2013,11.84%
April 18 2013,11.99%
April 17 2013,11.95%
April 16 2013,11.53%
April 15 2013,11.66%
April 12 2013,11.41%
April 11 2013,11.34%
April 10 2013,11.35%
April 9 2013,11.48%
April 8 2013,11.51%
April 5 2013,11.67%
April 4 2013,11.77%
April 3 2013,11.93%
April 2 2013,11.58%
April 1 2013,11.69%
March 28 2013,10.94%
March 27 2013,10.86%
March 26 2013,10.67%
March 25 2013,10.70%
March 22 2013,10.64%
March 21 2013,10.73%
March 20 2013,10.57%
March 19 2013,10.55%
March 18 2013,10.48%
March 15 2013,10.38%
March 14 2013,10.18%
March 13 2013,10.35%
March 12 2013,10.32%
March 11 2013,10.28%
March 8 2013,10.34%
March 7 2013,10.25%
March 6 2013,10.37%
March 5 2013,10.49%
March 4 2013,10.57%
March 1 2013,10.61%
Feb. 28 2013,10.61%
Feb. 27 2013,10.53%
Feb. 26 2013,10.90%
Feb. 25 2013,10.88%
Feb. 22 2013,10.61%
Feb. 21 2013,10.76%
Feb. 20 2013,10.68%
Feb. 19 2013,10.50%
Feb. 15 2013,10.62%
Feb. 14 2013,10.54%
Feb. 13 2013,10.66%
Feb. 12 2013,10.56%
Feb. 11 2013,10.67%
Feb. 8 2013,10.67%
Feb. 7 2013,10.76%
Feb. 6 2013,10.68%
Feb. 5 2013,10.64%
Feb. 4 2013,10.89%
Feb. 1 2013,10.85%
Jan. 31 2013,11.03%
Jan. 30 2013,11.01%
Jan. 29 2013,11.01%
Jan. 28 2013,11.13%
Jan. 25 2013,11.01%
Jan. 24 2013,11.19%
Jan. 23 2013,11.23%
Jan. 22 2013,11.15%
Jan. 18 2013,11.17%
Jan. 17 2013,11.18%
Jan. 16 2013,11.08%
Jan. 15 2013,11.20%
Jan. 14 2013,11.31%
Jan. 11 2013,11.25%
Jan. 10 2013,11.25%
Jan. 9 2013,11.41%
Jan. 8 2013,11.41%
Jan. 7 2013,11.43%
Jan. 4 2013,11.44%
Jan. 3 2013,11.64%
Jan. 2 2013,11.62%
Dec. 31 2012,11.80%
Dec. 28 2012,10.87%
Dec. 27 2012,10.77%
Dec. 26 2012,10.69%
Dec. 24 2012,10.70%
Dec. 21 2012,10.68%
Dec. 20 2012,10.55%
Dec. 19 2012,10.80%
Dec. 18 2012,10.71%
Dec. 17 2012,10.81%
Dec. 14 2012,10.98%
Dec. 13 2012,10.99%
Dec. 12 2012,10.99%
Dec. 11 2012,11.02%
Dec. 10 2012,11.11%
Dec. 7 2012,11.04%
Dec. 6 2012,11.33%
Dec. 5 2012,11.41%
Dec. 4 2012,11.58%
Dec. 3 2012,11.52%
Nov. 30 2012,11.44%
Nov. 29 2012,11.40%
Nov. 28 2012,11.51%
Nov. 27 2012,11.53%
Nov. 26 2012,11.50%
Nov. 23 2012,11.44%
Nov. 21 2012,11.54%
Nov. 20 2012,11.55%
Nov. 19 2012,11.58%
Nov. 16 2012,11.89%
Nov. 15 2012,11.93%
Nov. 14 2012,11.96%
Nov. 13 2012,11.74%
Nov. 12 2012,11.58%
Nov. 9 2012,11.57%
Nov. 8 2012,11.63%
Nov. 7 2012,11.61%
Nov. 6 2012,10.96%
Nov. 5 2012,11.12%
Nov. 2 2012,11.08%
Nov. 1 2012,10.97%
Oct. 31 2012,11.28%
Oct. 26 2012,11.42%
Oct. 25 2012,11.28%
Oct. 24 2012,11.27%
Oct. 23 2012,11.37%
Oct. 22 2012,11.17%
Oct. 19 2012,11.11%
Oct. 18 2012,10.93%
Oct. 17 2012,10.85%
Oct. 16 2012,10.97%
Oct. 15 2012,11.09%
Oct. 12 2012,11.29%
Oct. 11 2012,11.16%
Oct. 10 2012,11.25%
Oct. 9 2012,11.36%
Oct. 8 2012,11.28%
Oct. 5 2012,11.27%
Oct. 4 2012,11.24%
Oct. 3 2012,11.50%
Oct. 2 2012,11.49%
Oct. 1 2012,11.47%
Sept. 28 2012,10.67%
Sept. 27 2012,10.62%
Sept. 26 2012,10.74%
Sept. 25 2012,10.65%
Sept. 24 2012,10.48%
Sept. 21 2012,10.57%
Sept. 20 2012,10.47%
Sept. 19 2012,10.45%
Sept. 18 2012,10.47%
Sept. 17 2012,10.49%
Sept. 14 2012,10.39%
Sept. 13 2012,10.43%
Sept. 12 2012,10.82%
Sept. 11 2012,10.91%
Sept. 10 2012,11.15%
Sept. 7 2012,10.99%
Sept. 6 2012,11.17%
Sept. 5 2012,11.64%
Sept. 4 2012,11.67%
Aug. 31 2012,11.63%
Aug. 30 2012,11.71%
Aug. 29 2012,11.58%
Aug. 28 2012,11.63%
Aug. 27 2012,11.60%
Aug. 24 2012,11.62%
Aug. 23 2012,11.60%
Aug. 22 2012,11.42%
Aug. 21 2012,11.36%
Aug. 20 2012,11.56%
Aug. 17 2012,11.68%
Aug. 16 2012,11.64%
Aug. 15 2012,11.65%
Aug. 14 2012,11.64%
Aug. 13 2012,11.68%
Aug. 10 2012,11.69%
Aug. 9 2012,11.70%
Aug. 8 2012,11.63%
Aug. 7 2012,11.67%
Aug. 6 2012,11.90%
Aug. 3 2012,11.97%
Aug. 2 2012,12.28%
Aug. 1 2012,12.00%
July 31 2012,12.00%
July 30 2012,11.95%
July 27 2012,11.71%
July 26 2012,12.06%
July 25 2012,12.28%
July 24 2012,12.44%
July 23 2012,12.54%
July 20 2012,12.74%
July 19 2012,12.54%
July 18 2012,12.36%
July 17 2012,12.35%
July 16 2012,12.31%
July 13 2012,11.98%
July 12 2012,12.69%
July 11 2012,12.49%
July 10 2012,12.61%
July 9 2012,12.72%
July 6 2012,12.74%
July 5 2012,12.57%
July 3 2012,12.04%
July 2 2012,11.91%
June 29 2012,12.26%
June 28 2012,12.21%
June 27 2012,11.91%
June 26 2012,12.27%
June 25 2012,12.40%
June 22 2012,12.17%
June 21 2012,12.33%
June 20 2012,12.02%
June 19 2012,12.38%
June 18 2012,12.65%
June 15 2012,12.50%
June 14 2012,12.64%
June 13 2012,12.77%
June 12 2012,12.97%
June 11 2012,13.35%
June 8 2012,13.00%
June 7 2012,13.35%
June 6 2012,13.24%
June 5 2012,13.69%
June 4 2012,14.13%
June 1 2012,13.72%
May 31 2012,13.21%
May 30 2012,13.29%
May 29 2012,13.02%
May 25 2012,13.07%
May 24 2012,12.89%
May 23 2012,12.88%
May 22 2012,12.88%
May 21 2012,13.47%
May 18 2012,13.08%
May 17 2012,12.91%
May 16 2012,12.35%
May 15 2012,12.09%
May 14 2012,12.24%
May 11 2012,11.85%
May 10 2012,10.75%
May 9 2012,10.78%
May 8 2012,10.58%
May 7 2012,10.48%
May 4 2012,10.49%
May 3 2012,10.18%
May 2 2012,10.14%
May 1 2012,10.00%
April 30 2012,10.19%
April 27 2012,10.11%
April 26 2012,10.00%
April 25 2012,10.15%
April 24 2012,10.12%
April 23 2012,10.22%
April 20 2012,10.25%
April 19 2012,10.13%
April 18 2012,10.12%
April 17 2012,9.98%
April 16 2012,10.11%
April 13 2012,10.14%
April 12 2012,9.77%
April 11 2012,9.95%
April 10 2012,10.20%
April 9 2012,9.98%
April 5 2012,9.88%
April 4 2012,9.86%
April 3 2012,9.64%
April 2 2012,9.49%
March 30 2012,9.72%
March 29 2012,9.79%
March 28 2012,9.66%
March 27 2012,9.74%
March 26 2012,9.68%
March 23 2012,9.90%
March 22 2012,10.01%
March 21 2012,9.91%
March 20 2012,9.85%
March 19 2012,9.93%
March 16 2012,10.03%
March 15 2012,10.00%
March 14 2012,10.26%
March 13 2012,10.30%
March 12 2012,11.03%
March 9 2012,10.89%
March 8 2012,11.05%
March 7 2012,11.19%
March 6 2012,11.37%
March 5 2012,11.06%
March 2 2012,11.00%
March 1 2012,11.07%
Feb. 29 2012,11.39%
Feb. 28 2012,11.40%
Feb. 27 2012,11.44%
Feb. 24 2012,11.68%
Feb. 23 2012,11.61%
Feb. 22 2012,11.74%
Feb. 21 2012,11.62%
Feb. 17 2012,11.62%
Feb. 16 2012,11.76%
Feb. 15 2012,11.95%
Feb. 14 2012,11.79%
Feb. 13 2012,11.67%
Feb. 10 2012,11.89%
Feb. 9 2012,11.81%
Feb. 8 2012,11.67%
Feb. 7 2012,11.80%
Feb. 6 2012,11.72%
Feb. 3 2012,11.68%
Feb. 2 2012,11.90%
Feb. 1 2012,11.89%
Jan. 31 2012,11.98%
Jan. 30 2012,12.08%
Jan. 27 2012,12.01%
Jan. 26 2012,11.92%
Jan. 25 2012,11.89%
Jan. 24 2012,11.87%
Jan. 23 2012,11.87%
Jan. 20 2012,11.96%
Jan. 19 2012,12.10%
Jan. 18 2012,12.23%
Jan. 17 2012,12.80%
Jan. 13 2012,12.44%
Jan. 12 2012,12.13%
Jan. 11 2012,12.19%
Jan. 10 2012,12.40%
Jan. 9 2012,12.66%
Jan. 6 2012,12.64%
Jan. 5 2012,12.53%
Jan. 4 2012,12.79%
Jan. 3 2012,12.78%
Dec. 30 2011,14.11%
Dec. 29 2011,14.03%
Dec. 28 2011,14.36%
Dec. 27 2011,14.20%
Dec. 23 2011,13.97%
Dec. 22 2011,14.02%
Dec. 21 2011,14.51%
Dec. 20 2011,14.56%
Dec. 19 2011,15.28%
Dec. 16 2011,14.71%
Dec. 15 2011,14.77%
Dec. 14 2011,14.88%
Dec. 13 2011,14.99%
Dec. 12 2011,14.64%
Dec. 9 2011,14.14%
Dec. 8 2011,14.56%
Dec. 7 2011,13.79%
Dec. 6 2011,14.11%
Dec. 5 2011,14.00%
Dec. 2 2011,14.51%
Dec. 1 2011,15.40%
Nov. 30 2011,15.14%
Nov. 29 2011,16.42%
Nov. 28 2011,16.08%
Nov. 25 2011,16.47%
Nov. 23 2011,16.53%
Nov. 22 2011,15.95%
Nov. 21 2011,15.68%
Nov. 18 2011,15.32%
Nov. 17 2011,15.38%
Nov. 16 2011,14.90%
Nov. 15 2011,14.34%
Nov. 14 2011,14.41%
Nov. 11 2011,14.09%
Nov. 10 2011,14.32%
Nov. 9 2011,14.41%
Nov. 8 2011,13.39%
Nov. 7 2011,13.70%
Nov. 4 2011,13.81%
Nov. 3 2011,13.64%
Nov. 2 2011,13.94%
Nov. 1 2011,14.34%
Oct. 31 2011,13.49%
Oct. 28 2011,12.78%
Oct. 27 2011,12.79%
Oct. 26 2011,13.72%
Oct. 25 2011,14.00%
Oct. 24 2011,13.57%
Oct. 21 2011,14.03%
Oct. 20 2011,14.16%
Oct. 19 2011,14.54%
Oct. 18 2011,14.27%
Oct. 17 2011,15.11%
Oct. 14 2011,14.71%
Oct. 13 2011,14.84%
Oct. 12 2011,14.13%
Oct. 11 2011,14.52%
Oct. 10 2011,14.52%
Oct. 7 2011,15.28%
Oct. 6 2011,14.48%
Oct. 5 2011,15.21%
Oct. 4 2011,15.50%
Oct. 3 2011,16.37%
Sept. 30 2011,15.57%
Sept. 29 2011,14.91%
Sept. 28 2011,15.36%
Sept. 27 2011,14.82%
Sept. 26 2011,14.79%
Sept. 23 2011,15.82%
Sept. 22 2011,15.99%
Sept. 21 2011,15.43%
Sept. 20 2011,14.51%
Sept. 19 2011,14.40%
Sept. 16 2011,14.00%
Sept. 15 2011,13.84%
Sept. 14 2011,14.27%
Sept. 13 2011,14.40%
Sept. 12 2011,14.44%
Sept. 9 2011,14.59%
Sept. 8 2011,13.97%
Sept. 7 2011,13.44%
Sept. 6 2011,14.00%
Sept. 2 2011,13.51%
Sept. 1 2011,12.89%
Aug. 31 2011,12.46%
Aug. 30 2011,12.63%
Aug. 29 2011,12.43%
Aug. 26 2011,12.92%
Aug. 25 2011,13.10%
Aug. 24 2011,13.06%
Aug. 23 2011,13.46%
Aug. 22 2011,14.01%
Aug. 19 2011,13.62%
Aug. 18 2011,13.30%
Aug. 17 2011,12.80%
Aug. 16 2011,12.99%
Aug. 15 2011,12.69%
Aug. 12 2011,13.03%
Aug. 11 2011,12.76%
Aug. 10 2011,13.62%
Aug. 9 2011,12.86%
Aug. 8 2011,13.74%
Aug. 5 2011,12.45%
Aug. 4 2011,12.34%
Aug. 3 2011,11.73%
Aug. 2 2011,11.75%
Aug. 1 2011,11.57%
July 29 2011,11.57%
July 28 2011,11.50%
July 27 2011,11.51%
July 26 2011,11.29%
July 25 2011,11.23%
July 22 2011,11.09%
July 21 2011,11.07%
July 20 2011,11.43%
July 19 2011,11.59%
July 18 2011,11.75%
July 15 2011,11.71%
July 14 2011,11.60%
July 13 2011,11.81%
July 12 2011,11.88%
July 11 2011,11.87%
July 8 2011,11.49%
July 7 2011,11.33%
July 6 2011,11.54%
July 5 2011,11.41%
July 1 2011,11.26%
June 30 2011,11.43%
June 29 2011,11.12%
June 28 2011,11.38%
June 27 2011,11.28%
June 24 2011,11.40%
June 23 2011,11.23%
June 22 2011,11.06%
June 21 2011,11.00%
June 20 2011,11.12%
June 17 2011,11.03%
June 16 2011,11.15%
June 15 2011,11.06%
June 14 2011,10.82%
June 13 2011,10.80%
June 10 2011,10.96%
June 9 2011,10.98%
June 8 2011,11.14%
June 7 2011,11.05%
June 6 2011,11.10%
June 3 2011,10.83%
June 2 2011,10.81%
June 1 2011,10.78%
May 31 2011,10.41%
May 27 2011,10.52%
May 26 2011,10.60%
May 25 2011,10.65%
May 24 2011,10.63%
May 23 2011,10.58%
May 20 2011,10.43%
May 19 2011,10.23%
May 18 2011,10.21%
May 17 2011,10.27%
May 16 2011,10.49%
May 13 2011,10.43%
May 12 2011,10.21%
May 11 2011,10.17%
May 10 2011,9.96%
May 9 2011,10.01%
May 6 2011,9.99%
May 5 2011,9.96%
May 4 2011,9.89%
May 3 2011,9.80%
May 2 2011,9.96%
April 29 2011,9.86%
April 28 2011,9.81%
April 27 2011,9.89%
April 26 2011,9.97%
April 25 2011,10.09%
April 21 2011,10.07%
April 20 2011,10.10%
April 19 2011,10.08%
April 18 2011,10.24%
April 15 2011,10.02%
April 14 2011,10.01%
April 13 2011,9.73%
April 12 2011,9.65%
April 11 2011,9.60%
April 8 2011,9.61%
April 7 2011,9.49%
April 6 2011,9.45%
April 5 2011,9.66%
April 4 2011,9.71%
April 1 2011,9.71%
March 31 2011,9.76%
March 30 2011,8.53%
March 29 2011,8.60%
March 28 2011,8.62%
March 25 2011,8.64%
March 24 2011,8.66%
March 23 2011,8.68%
March 22 2011,8.71%
March 21 2011,8.68%
March 18 2011,8.66%
March 17 2011,8.89%
March 16 2011,9.04%
March 15 2011,8.88%
March 14 2011,8.74%
March 11 2011,8.66%
March 10 2011,8.70%
March 9 2011,8.51%
March 8 2011,8.53%
March 7 2011,8.76%
March 4 2011,8.70%
March 3 2011,8.59%
March 2 2011,8.76%
March 1 2011,8.68%
Feb. 28 2011,8.48%
Feb. 25 2011,8.48%
Feb. 24 2011,8.63%
Feb. 23 2011,8.62%
Feb. 22 2011,8.61%
Feb. 18 2011,8.25%
Feb. 17 2011,8.28%
Feb. 16 2011,8.26%
Feb. 15 2011,8.46%
Feb. 14 2011,8.51%
Feb. 11 2011,8.50%
Feb. 10 2011,8.70%
Feb. 9 2011,8.78%
Feb. 8 2011,8.66%
Feb. 7 2011,8.70%
Feb. 4 2011,8.88%
Feb. 3 2011,8.71%
Feb. 2 2011,8.71%
Feb. 1 2011,8.62%
Jan. 31 2011,8.81%
Jan. 28 2011,8.89%
Jan. 27 2011,8.78%
Jan. 26 2011,8.80%
Jan. 25 2011,8.83%
Jan. 24 2011,8.80%
Jan. 21 2011,8.74%
Jan. 20 2011,8.85%
Jan. 19 2011,9.06%
Jan. 18 2011,8.85%
Jan. 14 2011,8.82%
Jan. 13 2011,8.91%
Jan. 12 2011,8.86%
Jan. 11 2011,9.08%
Jan. 10 2011,9.12%
Jan. 7 2011,9.07%
Jan. 6 2011,8.90%
Jan. 5 2011,8.86%
Jan. 4 2011,8.97%
Jan. 3 2011,9.09%
Dec. 31 2010,9.34%
Dec. 30 2010,8.50%
Dec. 29 2010,8.48%
Dec. 28 2010,8.43%
Dec. 27 2010,8.41%
Dec. 23 2010,8.53%
Dec. 22 2010,8.52%
Dec. 21 2010,8.76%
Dec. 20 2010,8.99%
Dec. 17 2010,9.05%
Dec. 16 2010,8.97%
Dec. 15 2010,8.93%
Dec. 14 2010,8.80%
Dec. 13 2010,8.65%
Dec. 10 2010,8.67%
Dec. 9 2010,8.80%
Dec. 8 2010,8.92%
Dec. 7 2010,9.15%
Dec. 6 2010,9.00%
Dec. 3 2010,9.06%
Dec. 2 2010,9.13%
Dec. 1 2010,9.41%
Nov. 30 2010,9.60%
Nov. 29 2010,9.47%
Nov. 26 2010,9.57%
Nov. 24 2010,9.41%
Nov. 23 2010,9.54%
Nov. 22 2010,9.32%
Nov. 19 2010,9.11%
Nov. 18 2010,9.05%
Nov. 17 2010,9.16%
Nov. 16 2010,9.06%
Nov. 15 2010,8.96%
Nov. 12 2010,9.06%
Nov. 11 2010,8.97%
Nov. 10 2010,8.84%
Nov. 9 2010,9.00%
Nov. 8 2010,8.86%
Nov. 5 2010,8.77%
Nov. 4 2010,9.02%
Nov. 3 2010,9.52%
Nov. 2 2010,9.71%
Nov. 1 2010,9.59%
Oct. 29 2010,9.54%
Oct. 28 2010,9.57%
Oct. 27 2010,9.56%
Oct. 26 2010,9.65%
Oct. 25 2010,9.68%
Oct. 22 2010,9.52%
Oct. 21 2010,9.52%
Oct. 20 2010,9.42%
Oct. 19 2010,9.53%
Oct. 18 2010,9.40%
Oct. 15 2010,9.66%
Oct. 14 2010,9.27%
Oct. 13 2010,9.01%
Oct. 12 2010,8.89%
Oct. 11 2010,9.04%
Oct. 8 2010,9.13%
Oct. 7 2010,9.08%
Oct. 6 2010,9.01%
Oct. 5 2010,9.06%
Oct. 4 2010,9.22%
Oct. 1 2010,9.25%
Sept. 30 2010,9.43%
Sept. 29 2010,8.85%
Sept. 28 2010,8.73%
Sept. 27 2010,8.70%
Sept. 24 2010,8.55%
Sept. 23 2010,8.70%
Sept. 22 2010,8.51%
Sept. 21 2010,8.38%
Sept. 20 2010,8.25%
Sept. 17 2010,8.49%
Sept. 16 2010,8.29%
Sept. 15 2010,8.30%
Sept. 14 2010,8.35%
Sept. 13 2010,8.27%
Sept. 10 2010,8.55%
Sept. 9 2010,8.48%
Sept. 8 2010,8.69%
Sept. 7 2010,8.88%
Sept. 3 2010,8.68%
Sept. 2 2010,8.91%
Sept. 1 2010,9.01%
Aug. 31 2010,9.35%
Aug. 30 2010,9.48%
Aug. 27 2010,9.29%
Aug. 26 2010,9.54%
Aug. 25 2010,9.38%
Aug. 24 2010,9.39%
Aug. 23 2010,9.22%
Aug. 20 2010,9.15%
Aug. 19 2010,9.17%
Aug. 18 2010,8.97%
Aug. 17 2010,9.07%
Aug. 16 2010,9.02%
Aug. 13 2010,9.07%
Aug. 12 2010,8.99%
Aug. 11 2010,9.00%
Aug. 10 2010,8.68%
Aug. 9 2010,8.54%
Aug. 6 2010,8.41%
Aug. 5 2010,8.24%
Aug. 4 2010,8.23%
Aug. 3 2010,8.28%
Aug. 2 2010,8.17%
July 30 2010,8.44%
July 29 2010,8.46%
July 28 2010,8.43%
July 27 2010,8.36%
July 26 2010,8.43%
July 23 2010,8.54%
July 22 2010,8.64%
July 21 2010,8.85%
July 20 2010,8.58%
July 19 2010,8.71%
July 16 2010,8.72%
July 15 2010,8.40%
July 14 2010,8.43%
July 13 2010,8.40%
July 12 2010,8.68%
July 9 2010,8.75%
July 8 2010,8.91%
July 7 2010,8.91%
July 6 2010,9.36%
July 2 2010,9.49%
July 1 2010,9.42%
June 30 2010,9.29%
June 29 2010,6.99%
June 28 2010,6.72%
June 25 2010,6.57%
June 24 2010,6.81%
June 23 2010,6.66%
June 22 2010,6.76%
June 21 2010,6.66%
June 18 2010,6.61%
June 17 2010,6.74%
June 16 2010,6.72%
June 15 2010,6.77%
June 14 2010,6.94%
June 11 2010,6.80%
June 10 2010,6.76%
June 9 2010,6.98%
June 8 2010,6.86%
June 7 2010,7.05%
June 4 2010,6.88%
June 3 2010,6.62%
June 2 2010,6.55%
June 1 2010,6.72%
May 28 2010,6.54%
May 27 2010,6.41%
May 26 2010,6.68%
May 25 2010,6.65%
May 24 2010,6.71%
May 21 2010,6.47%
May 20 2010,6.85%
May 19 2010,6.58%
May 18 2010,6.64%
May 17 2010,6.50%
May 14 2010,6.49%
May 13 2010,6.35%
May 12 2010,6.21%
May 11 2010,6.23%
May 10 2010,6.17%
May 7 2010,6.35%
May 6 2010,6.35%
May 5 2010,6.08%
May 4 2010,6.10%
May 3 2010,5.95%
April 30 2010,6.08%
April 29 2010,5.89%
April 28 2010,5.96%
April 27 2010,6.11%
April 26 2010,5.90%
April 23 2010,5.76%
April 22 2010,5.79%
April 21 2010,5.71%
April 20 2010,5.65%
April 19 2010,5.71%
April 16 2010,5.69%
April 15 2010,5.42%
April 14 2010,5.43%
April 13 2010,5.65%
April 12 2010,5.61%
April 9 2010,5.63%
April 8 2010,5.66%
April 7 2010,5.71%
April 6 2010,5.65%
April 5 2010,5.71%
April 1 2010,5.73%
March 31 2010,5.79%
March 30 2010,5.05%
March 29 2010,5.02%
March 26 2010,5.00%
March 25 2010,5.01%
March 24 2010,5.01%
March 23 2010,5.05%
March 22 2010,5.14%
March 19 2010,5.18%
March 18 2010,5.16%
March 17 2010,5.14%
March 16 2010,5.20%
March 15 2010,5.22%
March 12 2010,5.21%
March 11 2010,5.21%
March 10 2010,5.24%
March 9 2010,5.30%
March 8 2010,5.28%
March 5 2010,5.26%
March 4 2010,5.37%
March 3 2010,5.42%
March 2 2010,5.41%
March 1 2010,5.38%
Feb. 26 2010,5.36%
Feb. 25 2010,5.54%
Feb. 24 2010,5.51%
Feb. 23 2010,5.64%
Feb. 22 2010,5.51%
Feb. 19 2010,5.62%
Feb. 18 2010,5.57%
Feb. 17 2010,5.62%
Feb. 16 2010,5.62%
Feb. 12 2010,5.78%
Feb. 11 2010,5.77%
Feb. 10 2010,5.79%
Feb. 9 2010,5.86%
Feb. 8 2010,5.97%
Feb. 5 2010,5.87%
Feb. 4 2010,5.87%
Feb. 3 2010,5.58%
Feb. 2 2010,5.55%
Feb. 1 2010,5.68%
Jan. 29 2010,5.78%
Jan. 28 2010,5.70%
Jan. 27 2010,5.72%
Jan. 26 2010,5.85%
Jan. 25 2010,5.74%
Jan. 22 2010,5.75%
Jan. 21 2010,5.55%
Jan. 20 2010,5.18%
Jan. 19 2010,5.20%
Jan. 15 2010,5.15%
Jan. 14 2010,5.03%
Jan. 13 2010,5.08%
Jan. 12 2010,5.17%
Jan. 11 2010,5.05%
Jan. 8 2010,5.04%
Jan. 7 2010,5.02%
Jan. 6 2010,5.12%
Jan. 5 2010,5.15%
Jan. 4 2010,5.25%
Dec. 31 2009,5.40%
Dec. 30 2009,3.71%
Dec. 29 2009,3.71%
Dec. 28 2009,3.69%
Dec. 24 2009,3.68%
Dec. 23 2009,3.71%
Dec. 22 2009,3.67%
Dec. 21 2009,3.68%
Dec. 18 2009,3.76%
Dec. 17 2009,3.82%
Dec. 16 2009,3.72%
Dec. 15 2009,3.77%
Dec. 14 2009,3.69%
Dec. 11 2009,3.76%
Dec. 10 2009,3.73%
Dec. 9 2009,3.74%
Dec. 8 2009,3.74%
Dec. 7 2009,3.73%
Dec. 4 2009,3.69%
Dec. 3 2009,3.72%
Dec. 2 2009,3.67%
Dec. 1 2009,3.65%
Nov. 30 2009,3.62%
Nov. 27 2009,3.73%
Nov. 25 2009,3.65%
Nov. 24 2009,3.63%
Nov. 23 2009,3.56%
Nov. 20 2009,3.63%
Nov. 19 2009,3.62%
Nov. 18 2009,3.55%
Nov. 17 2009,3.57%
Nov. 16 2009,3.58%
Nov. 13 2009,3.59%
Nov. 12 2009,3.56%
Nov. 11 2009,3.47%
Nov. 10 2009,3.49%
Nov. 9 2009,3.47%
Nov. 6 2009,3.54%
Nov. 5 2009,3.51%
Nov. 4 2009,3.65%
Nov. 3 2009,3.61%
Nov. 2 2009,3.62%
Oct. 30 2009,3.69%
Oct. 29 2009,3.47%
Oct. 28 2009,3.61%
Oct. 27 2009,3.51%
Oct. 26 2009,3.51%
Oct. 23 2009,3.40%
Oct. 22 2009,3.37%
Oct. 21 2009,3.45%
Oct. 20 2009,3.35%
Oct. 19 2009,3.35%
Oct. 16 2009,3.34%
Oct. 15 2009,3.27%
Oct. 14 2009,3.27%
Oct. 13 2009,3.37%
Oct. 12 2009,3.34%
Oct. 9 2009,3.36%
Oct. 8 2009,3.40%
Oct. 7 2009,3.37%
Oct. 6 2009,3.43%
Oct. 5 2009,3.52%
Oct. 2 2009,3.68%
Oct. 1 2009,3.72%
Sept. 30 2009,3.51%
Sept. 29 2009,1.80%
Sept. 28 2009,1.81%
Sept. 25 2009,1.86%
Sept. 24 2009,1.83%
Sept. 23 2009,1.80%
Sept. 22 2009,1.74%
Sept. 21 2009,1.82%
Sept. 18 2009,1.80%
Sept. 17 2009,1.80%
Sept. 16 2009,1.81%
Sept. 15 2009,1.88%
Sept. 14 2009,1.85%
Sept. 11 2009,1.91%
Sept. 10 2009,1.88%
Sept. 9 2009,1.89%
Sept. 8 2009,1.90%
Sept. 4 2009,1.91%
Sept. 3 2009,1.92%
Sept. 2 2009,1.98%
Sept. 1 2009,1.94%
Aug. 31 2009,1.86%
Aug. 28 2009,1.89%
Aug. 27 2009,1.86%
Aug. 26 2009,1.87%
Aug. 25 2009,1.86%
Aug. 24 2009,1.88%
Aug. 21 2009,1.86%
Aug. 20 2009,1.91%
Aug. 19 2009,1.96%
Aug. 18 2009,1.94%
Aug. 17 2009,1.99%
Aug. 14 2009,1.91%
Aug. 13 2009,1.89%
Aug. 12 2009,1.92%
Aug. 11 2009,1.96%
Aug. 10 2009,1.90%
Aug. 7 2009,1.91%
Aug. 6 2009,1.99%
Aug. 5 2009,1.94%
Aug. 4 2009,2.01%
Aug. 3 2009,2.05%
July 31 2009,2.10%
July 30 2009,2.11%
July 29 2009,2.14%
July 28 2009,2.13%
July 27 2009,2.12%
July 24 2009,2.14%
July 23 2009,2.12%
July 22 2009,2.20%
July 21 2009,2.19%
July 20 2009,2.19%
July 17 2009,2.20%
July 16 2009,2.24%
July 15 2009,2.23%
July 14 2009,2.33%
July 13 2009,2.33%
July 10 2009,2.50%
July 9 2009,2.41%
July 8 2009,2.48%
July 7 2009,2.47%
July 6 2009,2.48%
July 2 2009,2.51%
July 1 2009,2.40%
June 30 2009,2.37%
June 29 2009,3.06%
June 26 2009,3.08%
June 25 2009,3.10%
June 24 2009,3.17%
June 23 2009,3.16%
June 22 2009,3.22%
June 19 2009,3.03%
June 18 2009,3.10%
June 17 2009,3.24%
June 16 2009,3.16%
June 15 2009,3.12%
June 12 2009,3.02%
June 11 2009,3.03%
June 10 2009,3.04%
June 9 2009,3.01%
June 8 2009,3.00%
June 5 2009,3.07%
June 4 2009,3.00%
June 3 2009,3.12%
June 2 2009,3.07%
June 1 2009,2.94%
May 29 2009,2.87%
May 28 2009,2.89%
May 27 2009,3.06%
May 26 2009,2.90%
May 22 2009,3.08%
May 21 2009,3.04%
May 20 2009,3.07%
May 19 2009,2.96%
May 18 2009,2.84%
May 15 2009,3.04%
May 14 2009,2.98%
May 13 2009,3.11%
May 12 2009,3.00%
May 11 2009,2.96%
May 8 2009,2.72%
May 7 2009,3.01%
May 6 2009,2.85%
May 5 2009,3.04%
May 4 2009,2.96%
May 1 2009,3.26%
April 30 2009,3.21%
April 29 2009,3.07%
April 28 2009,3.23%
April 27 2009,3.23%
April 24 2009,3.18%
April 23 2009,3.19%
April 22 2009,3.32%
April 21 2009,3.26%
April 20 2009,3.57%
April 17 2009,3.19%
April 16 2009,3.19%
April 15 2009,3.26%
April 14 2009,3.45%
April 13 2009,3.15%
April 9 2009,3.24%
April 8 2009,3.86%
April 7 2009,3.89%
April 6 2009,3.76%
April 3 2009,3.62%
April 2 2009,3.76%
April 1 2009,3.77%
March 31 2009,3.99%
March 30 2009,5.39%
March 27 2009,4.89%
March 26 2009,4.60%
March 25 2009,4.69%
March 24 2009,5.08%
March 23 2009,4.64%
March 20 2009,5.79%
March 19 2009,5.37%
March 18 2009,4.94%
March 17 2009,5.33%
March 16 2009,5.80%
March 13 2009,5.64%
March 12 2009,5.78%
March 11 2009,6.57%
March 10 2009,6.87%
March 9 2009,8.43%
March 6 2009,8.41%
March 5 2009,8.07%
March 4 2009,6.94%
March 3 2009,6.38%
March 2 2009,6.33%
Feb. 27 2009,5.86%
Feb. 26 2009,5.81%
Feb. 25 2009,6.17%
Feb. 24 2009,6.37%
Feb. 23 2009,6.87%
Feb. 20 2009,6.73%
Feb. 19 2009,6.50%
Feb. 18 2009,6.23%
Feb. 17 2009,6.19%
Feb. 13 2009,5.43%
Feb. 12 2009,5.12%
Feb. 11 2009,5.14%
Feb. 10 2009,5.44%
Feb. 9 2009,4.91%
Feb. 6 2009,4.85%
Feb. 5 2009,5.46%
Feb. 4 2009,5.57%
Feb. 3 2009,5.57%
Feb. 2 2009,5.32%
Jan. 30 2009,5.25%
Jan. 29 2009,5.27%
Jan. 28 2009,4.84%
Jan. 27 2009,5.35%
Jan. 26 2009,5.47%
Jan. 23 2009,5.52%
Jan. 22 2009,5.80%
Jan. 21 2009,5.92%
Jan. 20 2009,7.41%
Jan. 16 2009,5.87%
Jan. 15 2009,5.51%
Jan. 14 2009,5.17%
Jan. 13 2009,5.09%
Jan. 12 2009,5.38%
Jan. 9 2009,5.16%
Jan. 8 2009,4.92%
Jan. 7 2009,4.77%
Jan. 6 2009,4.48%
Jan. 5 2009,4.58%
Jan. 2 2009,4.27%
Dec. 31 2008,4.25%
Dec. 30 2008,6.97%
Dec. 29 2008,7.25%
Dec. 26 2008,7.25%
Dec. 24 2008,7.24%
Dec. 23 2008,7.42%
Dec. 22 2008,7.24%
Dec. 19 2008,7.12%
Dec. 18 2008,7.15%
Dec. 17 2008,6.78%
Dec. 16 2008,6.68%
Dec. 15 2008,7.54%
Dec. 12 2008,6.98%
Dec. 11 2008,7.21%
Dec. 10 2008,6.44%
Dec. 9 2008,6.36%
Dec. 8 2008,5.92%
Dec. 5 2008,6.48%
Dec. 4 2008,6.95%
Dec. 3 2008,7.14%
Dec. 2 2008,7.57%
Dec. 1 2008,8.27%
Nov. 28 2008,6.82%
Nov. 26 2008,7.05%
Nov. 25 2008,7.26%
Nov. 24 2008,7.83%
Nov. 21 2008,9.51%
Nov. 20 2008,9.24%
Nov. 19 2008,7.59%
Nov. 18 2008,6.72%
Nov. 17 2008,6.59%
Nov. 14 2008,6.27%
Nov. 13 2008,5.81%
Nov. 12 2008,6.25%
Nov. 11 2008,5.94%
Nov. 10 2008,5.93%
Nov. 7 2008,5.72%
Nov. 6 2008,5.65%
Nov. 5 2008,5.51%
Nov. 4 2008,5.12%
Nov. 3 2008,5.30%
Oct. 31 2008,5.24%
Oct. 30 2008,5.74%
Oct. 29 2008,6.05%
Oct. 28 2008,5.74%
Oct. 27 2008,6.35%
Oct. 24 2008,6.10%
Oct. 23 2008,5.71%
Oct. 22 2008,5.81%
Oct. 21 2008,5.44%
Oct. 20 2008,5.31%
Oct. 17 2008,5.49%
Oct. 16 2008,5.33%
Oct. 15 2008,5.61%
Oct. 14 2008,5.31%
Oct. 13 2008,5.14%
Oct. 10 2008,5.19%
Oct. 9 2008,5.89%
Oct. 8 2008,5.50%
Oct. 7 2008,5.49%
Oct. 6 2008,4.91%
Oct. 3 2008,4.71%
Oct. 2 2008,4.33%
Oct. 1 2008,4.35%
Sept. 30 2008,4.63%
Sept. 29 2008,7.41%
Sept. 26 2008,6.30%
Sept. 25 2008,6.99%
Sept. 24 2008,7.51%
Sept. 23 2008,7.50%
Sept. 22 2008,7.45%
Sept. 19 2008,6.46%
Sept. 18 2008,7.54%
Sept. 17 2008,8.50%
Sept. 16 2008,7.46%
Sept. 15 2008,8.22%
Sept. 12 2008,7.38%
Sept. 11 2008,7.30%
Sept. 10 2008,7.72%
Sept. 9 2008,7.70%
Sept. 8 2008,7.32%
Sept. 5 2008,7.68%
Sept. 4 2008,8.02%
Sept. 3 2008,7.66%
Sept. 2 2008,7.80%
Aug. 29 2008,7.90%
Aug. 28 2008,7.82%
Aug. 27 2008,8.19%
Aug. 26 2008,8.30%
Aug. 25 2008,8.41%
Aug. 22 2008,8.07%
Aug. 21 2008,8.38%
Aug. 20 2008,8.22%
Aug. 19 2008,8.54%
Aug. 18 2008,8.27%
Aug. 15 2008,7.99%
Aug. 14 2008,8.04%
Aug. 13 2008,8.24%
Aug. 12 2008,8.02%
Aug. 11 2008,7.26%
Aug. 8 2008,7.40%
Aug. 7 2008,7.64%
Aug. 6 2008,7.34%
Aug. 5 2008,7.26%
Aug. 4 2008,7.57%
Aug. 1 2008,7.46%
July 31 2008,7.48%
July 30 2008,7.31%
July 29 2008,7.46%
July 28 2008,8.07%
July 25 2008,7.69%
July 24 2008,7.77%
July 23 2008,7.24%
July 22 2008,7.44%
July 21 2008,7.87%
July 18 2008,7.60%
July 17 2008,7.45%
July 16 2008,8.46%
July 15 2008,9.80%
July 14 2008,9.59%
July 11 2008,9.17%
July 10 2008,8.81%
July 9 2008,8.87%
July 8 2008,8.50%
July 7 2008,8.93%
July 3 2008,8.61%
July 2 2008,8.79%
July 1 2008,8.94%
June 30 2008,8.86%
June 27 2008,10.58%
June 26 2008,10.21%
June 25 2008,9.79%
June 24 2008,9.84%
June 23 2008,10.06%
June 20 2008,9.80%
June 19 2008,9.60%
June 18 2008,9.58%
June 17 2008,9.50%
June 16 2008,9.29%
June 13 2008,9.37%
June 12 2008,9.76%
June 11 2008,9.99%
June 10 2008,9.69%
June 9 2008,9.89%
June 6 2008,9.25%
June 5 2008,8.81%
June 4 2008,8.91%
June 3 2008,8.86%
June 2 2008,8.80%
May 30 2008,8.63%
May 29 2008,8.52%
May 28 2008,8.66%
May 27 2008,8.63%
May 23 2008,8.77%
May 22 2008,8.62%
May 21 2008,8.75%
May 20 2008,8.49%
May 19 2008,8.07%
May 16 2008,7.97%
May 15 2008,7.89%
May 14 2008,8.08%
May 13 2008,8.16%
May 12 2008,7.85%
May 9 2008,7.97%
May 8 2008,8.06%
May 7 2008,7.97%
May 6 2008,7.70%
May 5 2008,7.73%
May 2 2008,7.62%
May 1 2008,7.53%
April 30 2008,7.79%
April 29 2008,7.88%
April 28 2008,7.84%
April 25 2008,7.76%
April 24 2008,7.90%
April 23 2008,8.22%
April 22 2008,8.13%
April 21 2008,8.20%
April 18 2008,8.11%
April 17 2008,8.22%
April 16 2008,8.25%
April 15 2008,8.81%
April 14 2008,8.94%
April 11 2008,8.72%
April 10 2008,8.46%
April 9 2008,8.37%
April 8 2008,8.27%
April 7 2008,8.15%
April 4 2008,8.14%
April 3 2008,8.02%
April 2 2008,8.02%
April 1 2008,7.89%
March 31 2008,8.64%
March 28 2008,10.23%
March 27 2008,10.20%
March 26 2008,9.91%
March 25 2008,9.49%
March 24 2008,9.39%
March 20 2008,9.51%
March 19 2008,10.29%
March 18 2008,10.23%
March 17 2008,10.84%
March 14 2008,11.96%
March 13 2008,11.47%
March 12 2008,11.32%
March 11 2008,11.25%
March 10 2008,11.98%
March 7 2008,11.63%
March 6 2008,11.69%
March 5 2008,11.28%
March 4 2008,11.15%
March 3 2008,10.97%
Feb. 29 2008,10.75%
Feb. 28 2008,10.30%
Feb. 27 2008,9.84%
Feb. 26 2008,10.00%
Feb. 25 2008,9.93%
Feb. 22 2008,9.95%
Feb. 21 2008,10.15%
Feb. 20 2008,10.13%
Feb. 19 2008,10.20%
Feb. 15 2008,10.10%
Feb. 14 2008,10.26%
Feb. 13 2008,9.91%
Feb. 12 2008,10.09%
Feb. 11 2008,10.08%
Feb. 8 2008,9.97%
Feb. 7 2008,9.69%
Feb. 6 2008,10.00%
Feb. 5 2008,9.96%
Feb. 4 2008,9.45%
Feb. 1 2008,9.06%
Jan. 31 2008,9.22%
Jan. 30 2008,9.23%
Jan. 29 2008,9.21%
Jan. 28 2008,9.59%
Jan. 25 2008,10.01%
Jan. 24 2008,9.72%
Jan. 23 2008,9.56%
Jan. 22 2008,10.70%
Jan. 18 2008,11.04%
Jan. 17 2008,10.91%
Jan. 16 2008,10.55%
Jan. 15 2008,11.16%
Jan. 14 2008,10.57%
Jan. 11 2008,10.70%
Jan. 10 2008,10.57%
Jan. 9 2008,10.85%
Jan. 8 2008,11.01%
Jan. 7 2008,10.57%
Jan. 4 2008,10.68%
Jan. 3 2008,10.43%
Jan. 2 2008,10.36%
Dec. 31 2007,10.01%
Dec. 28 2007,11.03%
Dec. 27 2007,10.93%
Dec. 26 2007,10.61%
Dec. 24 2007,10.64%
Dec. 21 2007,10.81%
Dec. 20 2007,11.01%
Dec. 19 2007,10.85%
Dec. 18 2007,10.87%
Dec. 17 2007,10.71%
Dec. 14 2007,10.55%
Dec. 13 2007,10.42%
Dec. 12 2007,10.34%
Dec. 11 2007,10.38%
Dec. 10 2007,10.06%
Dec. 7 2007,10.35%
Dec. 6 2007,10.32%
Dec. 5 2007,10.62%
Dec. 4 2007,10.80%
Dec. 3 2007,10.55%
Nov. 30 2007,10.46%
Nov. 29 2007,10.93%
Nov. 28 2007,10.85%
Nov. 27 2007,11.26%
Nov. 26 2007,11.79%
Nov. 23 2007,11.37%
Nov. 21 2007,11.73%
Nov. 20 2007,11.46%
Nov. 19 2007,11.53%
Nov. 16 2007,11.07%
Nov. 15 2007,10.96%
Nov. 14 2007,10.56%
Nov. 13 2007,10.59%
Nov. 12 2007,11.25%
Nov. 9 2007,11.27%
Nov. 8 2007,11.19%
Nov. 7 2007,11.29%
Nov. 6 2007,10.81%
Nov. 5 2007,11.15%
Nov. 2 2007,11.05%
Nov. 1 2007,10.76%
Oct. 31 2007,10.15%
Oct. 30 2007,10.24%
Oct. 29 2007,10.22%
Oct. 26 2007,10.08%
Oct. 25 2007,10.36%
Oct. 24 2007,10.31%
Oct. 23 2007,10.38%
Oct. 22 2007,10.51%
Oct. 19 2007,10.60%
Oct. 18 2007,10.39%
Oct. 17 2007,10.29%
Oct. 16 2007,10.57%
Oct. 15 2007,10.31%
Oct. 12 2007,10.19%
Oct. 11 2007,10.22%
Oct. 10 2007,10.17%
Oct. 9 2007,10.03%
Oct. 8 2007,10.05%
Oct. 5 2007,10.03%
Oct. 4 2007,10.10%
Oct. 3 2007,10.15%
Oct. 2 2007,10.11%
Oct. 1 2007,10.19%
Sept. 28 2007,10.30%
Sept. 27 2007,10.21%
Sept. 26 2007,10.23%
Sept. 25 2007,10.24%
Sept. 24 2007,10.19%
Sept. 21 2007,10.01%
Sept. 20 2007,10.05%
Sept. 19 2007,9.92%
Sept. 18 2007,9.87%
Sept. 17 2007,10.42%
Sept. 14 2007,10.36%
Sept. 13 2007,10.35%
Sept. 12 2007,10.61%
Sept. 11 2007,10.60%
Sept. 10 2007,10.74%
Sept. 7 2007,10.85%
Sept. 6 2007,10.68%
Sept. 5 2007,10.69%
Sept. 4 2007,10.42%
Aug. 31 2007,10.60%
Aug. 30 2007,10.73%
Aug. 29 2007,10.70%
Aug. 28 2007,10.83%
Aug. 27 2007,10.51%
Aug. 24 2007,10.27%
Aug. 23 2007,10.34%
Aug. 22 2007,10.26%
Aug. 21 2007,10.22%
Aug. 20 2007,10.15%
Aug. 17 2007,10.04%
Aug. 16 2007,10.38%
Aug. 15 2007,10.98%
Aug. 14 2007,10.90%
Aug. 13 2007,10.77%
Aug. 10 2007,10.67%
Aug. 9 2007,10.69%
Aug. 8 2007,10.15%
Aug. 7 2007,10.41%
Aug. 6 2007,10.46%
Aug. 3 2007,10.81%
Aug. 2 2007,10.59%
Aug. 1 2007,10.64%
July 31 2007,10.72%
July 30 2007,10.55%
July 27 2007,10.67%
July 26 2007,10.71%
July 25 2007,10.43%
July 24 2007,10.41%
July 23 2007,10.01%
July 20 2007,9.92%
July 19 2007,9.71%
July 18 2007,9.66%
July 17 2007,9.46%
July 16 2007,9.47%
July 13 2007,9.43%
July 12 2007,9.53%
July 11 2007,9.81%
July 10 2007,9.93%
July 9 2007,9.67%
July 6 2007,9.64%
July 5 2007,9.67%
July 3 2007,9.57%
July 2 2007,9.60%
June 29 2007,9.31%
June 28 2007,9.21%
June 27 2007,9.16%
June 26 2007,9.28%
June 25 2007,9.33%
June 22 2007,9.26%
June 21 2007,9.05%
June 20 2007,9.12%
June 19 2007,8.87%
June 18 2007,8.94%
June 15 2007,8.92%
June 14 2007,8.96%
June 13 2007,8.97%
June 12 2007,9.14%
June 11 2007,8.94%
June 8 2007,8.95%
June 7 2007,9.05%
June 6 2007,8.92%
June 5 2007,8.81%
June 4 2007,8.75%
June 1 2007,8.69%
May 31 2007,8.70%
May 30 2007,8.66%
May 29 2007,8.70%
May 25 2007,8.73%
May 24 2007,8.74%
May 23 2007,8.67%
May 22 2007,8.62%
May 21 2007,8.58%
May 18 2007,8.58%
May 17 2007,8.58%
May 16 2007,8.51%
May 15 2007,8.67%
May 14 2007,8.70%
May 11 2007,8.65%
May 10 2007,8.67%
May 9 2007,8.48%
May 8 2007,8.60%
May 7 2007,8.55%
May 4 2007,8.57%
May 3 2007,8.56%
May 2 2007,8.58%
May 1 2007,8.63%
April 30 2007,8.66%
April 27 2007,8.58%
April 26 2007,8.52%
April 25 2007,8.54%
April 24 2007,8.65%
April 23 2007,8.63%
April 20 2007,8.58%
April 19 2007,8.66%
April 18 2007,8.66%
April 17 2007,8.99%
April 16 2007,9.03%
April 13 2007,9.19%
April 12 2007,9.17%
April 11 2007,9.18%
April 10 2007,9.16%
April 9 2007,9.20%
April 5 2007,9.25%
April 4 2007,9.29%
April 3 2007,9.29%
April 2 2007,9.32%
March 30 2007,8.33%
March 29 2007,8.31%
March 28 2007,8.40%
March 27 2007,8.30%
March 26 2007,8.28%
March 23 2007,8.31%
March 22 2007,8.31%
March 21 2007,8.22%
March 20 2007,8.44%
March 19 2007,8.47%
March 16 2007,8.57%
March 15 2007,8.45%
March 14 2007,8.52%
March 13 2007,8.63%
March 12 2007,8.25%
March 9 2007,8.25%
March 8 2007,8.27%
March 7 2007,8.33%
March 6 2007,8.31%
March 5 2007,8.48%
March 2 2007,8.36%
March 1 2007,8.19%
Feb. 28 2007,8.16%
Feb. 27 2007,8.19%
Feb. 26 2007,7.93%
Feb. 23 2007,7.90%
Feb. 22 2007,7.80%
Feb. 21 2007,7.80%
Feb. 20 2007,7.81%
Feb. 16 2007,7.86%
Feb. 15 2007,7.87%
Feb. 14 2007,7.84%
Feb. 13 2007,7.91%
Feb. 12 2007,7.99%
Feb. 9 2007,7.99%
Feb. 8 2007,7.91%
Feb. 7 2007,7.87%
Feb. 6 2007,7.90%
Feb. 5 2007,7.91%
Feb. 2 2007,7.91%
Feb. 1 2007,7.87%
Jan. 31 2007,7.91%
Jan. 30 2007,8.03%
Jan. 29 2007,8.15%
Jan. 26 2007,8.11%
Jan. 25 2007,8.03%
Jan. 24 2007,8.00%
Jan. 23 2007,8.09%
Jan. 22 2007,8.12%
Jan. 19 2007,8.26%
Jan. 18 2007,8.37%
Jan. 17 2007,8.32%
Jan. 16 2007,8.33%
Jan. 12 2007,8.40%
Jan. 11 2007,8.34%
Jan. 10 2007,8.38%
Jan. 9 2007,8.44%
Jan. 8 2007,8.40%
Jan. 5 2007,8.43%
Jan. 4 2007,8.36%
Jan. 3 2007,8.38%
Dec. 29 2006,7.31%
Dec. 28 2006,7.22%
Dec. 27 2006,7.21%
Dec. 26 2006,7.31%
Dec. 22 2006,7.37%
Dec. 21 2006,7.26%
Dec. 20 2006,7.32%
Dec. 19 2006,7.31%
Dec. 18 2006,7.32%
Dec. 15 2006,7.31%
Dec. 14 2006,7.36%
Dec. 13 2006,7.42%
Dec. 12 2006,7.41%
Dec. 11 2006,7.42%
Dec. 8 2006,7.55%
Dec. 7 2006,7.57%
Dec. 6 2006,7.54%
Dec. 5 2006,7.48%
Dec. 4 2006,7.54%
Dec. 1 2006,7.67%
Nov. 30 2006,7.63%
Nov. 29 2006,7.56%
Nov. 28 2006,7.64%
Nov. 27 2006,7.57%
Nov. 24 2006,7.47%
Nov. 22 2006,7.42%
Nov. 21 2006,7.39%
Nov. 20 2006,7.37%
Nov. 17 2006,7.41%
Nov. 16 2006,7.38%
Nov. 15 2006,7.44%
Nov. 14 2006,7.39%
Nov. 13 2006,7.41%
Nov. 10 2006,7.41%
Nov. 9 2006,7.47%
Nov. 8 2006,7.41%
Nov. 7 2006,7.43%
Nov. 6 2006,7.41%
Nov. 3 2006,7.53%
Nov. 2 2006,7.53%
Nov. 1 2006,7.52%
Oct. 31 2006,7.44%
Oct. 30 2006,7.44%
Oct. 27 2006,7.46%
Oct. 26 2006,7.39%
Oct. 25 2006,7.47%
Oct. 24 2006,7.49%
Oct. 23 2006,7.45%
Oct. 20 2006,7.49%
Oct. 19 2006,7.53%
Oct. 18 2006,7.48%
Oct. 17 2006,7.36%
Oct. 16 2006,7.40%
Oct. 13 2006,7.33%
Oct. 12 2006,7.31%
Oct. 11 2006,7.41%
Oct. 10 2006,7.43%
Oct. 9 2006,7.49%
Oct. 6 2006,7.53%
Oct. 5 2006,7.45%
Oct. 4 2006,7.43%
Oct. 3 2006,7.39%
Oct. 2 2006,7.53%
Sept. 29 2006,7.07%
Sept. 28 2006,7.04%
Sept. 27 2006,7.09%
Sept. 26 2006,7.08%
Sept. 25 2006,7.08%
Sept. 22 2006,7.09%
Sept. 21 2006,7.09%
Sept. 20 2006,7.03%
Sept. 19 2006,7.09%
Sept. 18 2006,7.13%
Sept. 15 2006,7.07%
Sept. 14 2006,7.14%
Sept. 13 2006,7.16%
Sept. 12 2006,7.22%
Sept. 11 2006,7.31%
Sept. 8 2006,7.34%
Sept. 7 2006,7.35%
Sept. 6 2006,7.24%
Sept. 5 2006,7.25%
Sept. 1 2006,7.26%
Aug. 31 2006,7.27%
Aug. 30 2006,7.26%
Aug. 29 2006,7.22%
Aug. 28 2006,7.21%
Aug. 25 2006,7.29%
Aug. 24 2006,7.27%
Aug. 23 2006,7.29%
Aug. 22 2006,7.32%
Aug. 21 2006,7.30%
Aug. 18 2006,7.26%
Aug. 17 2006,7.30%
Aug. 16 2006,7.30%
Aug. 15 2006,7.37%
Aug. 14 2006,7.56%
Aug. 11 2006,7.56%
Aug. 10 2006,7.54%
Aug. 9 2006,7.49%
Aug. 8 2006,7.38%
Aug. 7 2006,7.33%
Aug. 4 2006,7.36%
Aug. 3 2006,7.27%
Aug. 2 2006,7.30%
Aug. 1 2006,7.30%
July 31 2006,7.28%
July 28 2006,7.30%
July 27 2006,7.43%
July 26 2006,7.44%
July 25 2006,7.44%
July 24 2006,7.51%
July 21 2006,7.69%
July 20 2006,7.72%
July 19 2006,7.71%
July 18 2006,8.16%
July 17 2006,8.15%
July 14 2006,8.12%
July 13 2006,8.02%
July 12 2006,7.86%
July 11 2006,7.74%
July 10 2006,7.80%
July 7 2006,7.83%
July 6 2006,7.82%
July 5 2006,7.83%
July 3 2006,7.74%
June 30 2006,7.90%
June 29 2006,6.12%
June 28 2006,6.32%
June 27 2006,6.39%
June 26 2006,6.29%
June 23 2006,6.39%
June 22 2006,6.36%
June 21 2006,6.33%
June 20 2006,6.45%
June 19 2006,6.53%
June 16 2006,6.50%
June 15 2006,6.43%
June 14 2006,6.53%
June 13 2006,6.44%
June 12 2006,6.27%
June 9 2006,6.20%
June 8 2006,6.16%
June 7 2006,6.18%
June 6 2006,6.16%
June 5 2006,6.07%
June 2 2006,5.96%
June 1 2006,5.99%
May 31 2006,6.12%
May 30 2006,6.15%
May 26 2006,6.04%
May 25 2006,6.09%
May 24 2006,6.19%
May 23 2006,6.19%
May 22 2006,6.12%
May 19 2006,6.11%
May 18 2006,6.11%
May 17 2006,6.03%
May 16 2006,5.89%
May 15 2006,5.86%
May 12 2006,5.89%
May 11 2006,5.78%
May 10 2006,5.68%
May 9 2006,5.67%
May 8 2006,5.66%
May 5 2006,5.59%
May 4 2006,5.71%
May 3 2006,5.74%
May 2 2006,5.74%
May 1 2006,5.83%
April 28 2006,5.75%
April 27 2006,5.94%
April 26 2006,6.12%
April 25 2006,6.18%
April 24 2006,6.12%
April 21 2006,6.14%
April 20 2006,6.13%
April 19 2006,6.12%
April 18 2006,6.13%
April 17 2006,6.21%
April 13 2006,6.19%
April 12 2006,6.23%
April 11 2006,6.27%
April 10 2006,6.23%
April 7 2006,6.26%
April 6 2006,6.17%
April 5 2006,6.14%
April 4 2006,6.17%
April 3 2006,6.22%
March 31 2006,6.27%
March 30 2006,5.73%
March 29 2006,5.71%
March 28 2006,5.73%
March 27 2006,5.65%
March 24 2006,5.65%
March 23 2006,5.66%
March 22 2006,5.66%
March 21 2006,5.78%
March 20 2006,5.74%
March 17 2006,5.75%
March 16 2006,5.76%
March 15 2006,5.77%
March 14 2006,5.75%
March 13 2006,5.80%
March 10 2006,5.79%
March 9 2006,5.80%
March 8 2006,5.72%
March 7 2006,5.74%
March 6 2006,5.74%
March 3 2006,5.72%
March 2 2006,5.71%
March 1 2006,5.72%
Feb. 28 2006,5.79%
Feb. 27 2006,5.72%
Feb. 24 2006,5.71%
Feb. 23 2006,5.79%
Feb. 22 2006,5.75%
Feb. 21 2006,5.85%
Feb. 17 2006,5.84%
Feb. 16 2006,5.83%
Feb. 15 2006,5.90%
Feb. 14 2006,5.94%
Feb. 13 2006,5.98%
Feb. 10 2006,5.96%
Feb. 9 2006,5.98%
Feb. 8 2006,6.01%
Feb. 7 2006,6.06%
Feb. 6 2006,6.03%
Feb. 3 2006,6.02%
Feb. 2 2006,5.95%
Feb. 1 2006,5.97%
Jan. 31 2006,5.99%
Jan. 30 2006,5.97%
Jan. 27 2006,5.99%
Jan. 26 2006,6.01%
Jan. 25 2006,6.18%
Jan. 24 2006,6.25%
Jan. 23 2006,6.22%
Jan. 20 2006,6.25%
Jan. 19 2006,6.09%
Jan. 18 2006,6.05%
Jan. 17 2006,5.99%
Jan. 13 2006,5.96%
Jan. 12 2006,5.96%
Jan. 11 2006,5.85%
Jan. 10 2006,5.84%
Jan. 9 2006,5.85%
Jan. 6 2006,5.95%
Jan. 5 2006,5.99%
Jan. 4 2006,6.01%
Jan. 3 2006,5.92%
Dec. 30 2005,5.32%
Dec. 29 2005,5.29%
Dec. 28 2005,5.29%
Dec. 27 2005,5.26%
Dec. 23 2005,5.25%
Dec. 22 2005,5.27%
Dec. 21 2005,5.30%
Dec. 20 2005,5.33%
Dec. 19 2005,5.33%
Dec. 16 2005,5.30%
Dec. 15 2005,5.33%
Dec. 14 2005,5.34%
Dec. 13 2005,5.35%
Dec. 12 2005,5.39%
Dec. 9 2005,5.39%
Dec. 8 2005,5.46%
Dec. 7 2005,5.48%
Dec. 6 2005,5.43%
Dec. 5 2005,5.43%
Dec. 2 2005,5.41%
Dec. 1 2005,5.47%
Nov. 30 2005,5.52%
Nov. 29 2005,5.42%
Nov. 28 2005,5.42%
Nov. 25 2005,5.43%
Nov. 23 2005,5.44%
Nov. 22 2005,5.52%
Nov. 21 2005,5.58%
Nov. 18 2005,5.55%
Nov. 17 2005,5.56%
Nov. 16 2005,5.58%
Nov. 15 2005,5.59%
Nov. 14 2005,5.53%
Nov. 11 2005,5.51%
Nov. 10 2005,5.51%
Nov. 9 2005,5.59%
Nov. 8 2005,5.65%
Nov. 7 2005,5.60%
Nov. 4 2005,5.66%
Nov. 3 2005,5.69%
Nov. 2 2005,5.67%
Nov. 1 2005,5.73%
Oct. 31 2005,5.76%
Oct. 28 2005,5.79%
Oct. 27 2005,5.86%
Oct. 26 2005,5.84%
Oct. 25 2005,5.91%
Oct. 24 2005,5.90%
Oct. 21 2005,6.01%
Oct. 20 2005,6.07%
Oct. 19 2005,6.08%
Oct. 18 2005,6.25%
Oct. 17 2005,6.21%
Oct. 14 2005,6.19%
Oct. 13 2005,6.25%
Oct. 12 2005,6.34%
Oct. 11 2005,6.33%
Oct. 10 2005,6.29%
Oct. 7 2005,6.22%
Oct. 6 2005,6.27%
Oct. 5 2005,6.31%
Oct. 4 2005,6.28%
Oct. 3 2005,6.18%
Sept. 30 2005,6.22%
Sept. 29 2005,5.21%
Sept. 28 2005,5.28%
Sept. 27 2005,5.28%
Sept. 26 2005,5.28%
Sept. 23 2005,5.25%
Sept. 22 2005,5.23%
Sept. 21 2005,5.26%
Sept. 20 2005,5.18%
Sept. 19 2005,5.17%
Sept. 16 2005,5.12%
Sept. 15 2005,5.24%
Sept. 14 2005,5.23%
Sept. 13 2005,5.24%
Sept. 12 2005,5.18%
Sept. 9 2005,5.14%
Sept. 8 2005,5.17%
Sept. 7 2005,5.13%
Sept. 6 2005,5.18%
Sept. 2 2005,5.25%
Sept. 1 2005,5.26%
Aug. 31 2005,5.28%
Aug. 30 2005,5.33%
Aug. 29 2005,5.28%
Aug. 26 2005,5.32%
Aug. 25 2005,5.25%
Aug. 24 2005,5.29%
Aug. 23 2005,5.21%
Aug. 22 2005,5.19%
Aug. 19 2005,5.18%
Aug. 18 2005,5.16%
Aug. 17 2005,5.19%
Aug. 16 2005,5.18%
Aug. 15 2005,5.17%
Aug. 12 2005,5.22%
Aug. 11 2005,5.14%
Aug. 10 2005,5.14%
Aug. 9 2005,5.11%
Aug. 8 2005,5.12%
Aug. 5 2005,5.08%
Aug. 4 2005,5.05%
Aug. 3 2005,5.03%
Aug. 2 2005,5.04%
Aug. 1 2005,5.07%
July 29 2005,5.09%
July 28 2005,5.05%
July 27 2005,5.06%
July 26 2005,5.06%
July 25 2005,5.05%
July 22 2005,5.03%
July 21 2005,5.06%
July 20 2005,5.09%
July 19 2005,5.08%
July 18 2005,5.04%
July 15 2005,4.99%
July 14 2005,5.02%
July 13 2005,5.04%
July 12 2005,5.08%
July 11 2005,5.12%
July 8 2005,5.14%
July 7 2005,5.19%
July 6 2005,5.17%
July 5 2005,5.12%
July 1 2005,5.11%
June 30 2005,5.07%
June 29 2005,3.45%
June 28 2005,3.45%
June 27 2005,3.48%
June 24 2005,3.49%
June 23 2005,3.45%
June 22 2005,3.42%
June 21 2005,3.44%
June 20 2005,3.44%
June 17 2005,3.44%
June 16 2005,3.45%
June 15 2005,3.47%
June 14 2005,3.48%
June 13 2005,3.49%
June 10 2005,3.50%
June 9 2005,3.49%
June 8 2005,3.48%
June 7 2005,3.49%
June 6 2005,3.49%
June 3 2005,3.49%
June 2 2005,3.47%
June 1 2005,3.47%
May 31 2005,3.47%
May 27 2005,3.46%
May 26 2005,3.45%
May 25 2005,3.45%
May 24 2005,3.46%
May 23 2005,3.45%
May 20 2005,3.44%
May 19 2005,3.43%
May 18 2005,3.44%
May 17 2005,3.52%
May 16 2005,3.57%
May 13 2005,3.60%
May 12 2005,3.56%
May 11 2005,3.51%
May 10 2005,3.53%
May 9 2005,3.45%
May 6 2005,3.48%
May 5 2005,3.45%
May 4 2005,3.43%
May 3 2005,3.49%
May 2 2005,3.49%
April 29 2005,3.49%
April 28 2005,3.54%
April 27 2005,3.49%
April 26 2005,3.53%
April 25 2005,3.53%
April 22 2005,3.56%
April 21 2005,3.54%
April 20 2005,3.57%
April 19 2005,3.55%
April 18 2005,3.58%
April 15 2005,3.65%
April 14 2005,3.63%
April 13 2005,3.59%
April 12 2005,3.54%
April 11 2005,3.58%
April 8 2005,3.59%
April 7 2005,3.56%
April 6 2005,3.58%
April 5 2005,3.59%
April 4 2005,3.67%
April 1 2005,3.62%
March 31 2005,3.58%
March 30 2005,4.38%
March 29 2005,4.42%
March 28 2005,4.39%
March 24 2005,4.38%
March 23 2005,4.38%
March 22 2005,4.36%
March 21 2005,4.27%
March 18 2005,4.25%
March 17 2005,4.23%
March 16 2005,4.22%
March 15 2005,4.22%
March 14 2005,4.20%
March 11 2005,4.24%
March 10 2005,4.21%
March 9 2005,4.20%
March 8 2005,4.14%
March 7 2005,4.10%
March 4 2005,4.08%
March 3 2005,4.13%
March 2 2005,4.14%
March 1 2005,4.13%
Feb. 28 2005,4.19%
Feb. 25 2005,4.14%
Feb. 24 2005,4.17%
Feb. 23 2005,4.19%
Feb. 22 2005,4.26%
Feb. 18 2005,4.19%
Feb. 17 2005,4.16%
Feb. 16 2005,4.10%
Feb. 15 2005,4.07%
Feb. 14 2005,4.08%
Feb. 11 2005,4.08%
Feb. 10 2005,4.09%
Feb. 9 2005,4.08%
Feb. 8 2005,4.05%
Feb. 7 2005,4.03%
Feb. 4 2005,4.06%
Feb. 3 2005,4.09%
Feb. 2 2005,4.08%
Feb. 1 2005,4.08%
Jan. 31 2005,4.10%
Jan. 28 2005,4.14%
Jan. 27 2005,4.16%
Jan. 26 2005,4.15%
Jan. 25 2005,4.15%
Jan. 24 2005,4.15%
Jan. 21 2005,4.15%
Jan. 20 2005,4.11%
Jan. 19 2005,4.04%
Jan. 18 2005,3.98%
Jan. 14 2005,4.05%
Jan. 13 2005,4.05%
Jan. 12 2005,4.03%
Jan. 11 2005,4.04%
Jan. 10 2005,4.00%
Jan. 7 2005,3.98%
Jan. 6 2005,3.95%
Jan. 5 2005,3.98%
Jan. 4 2005,3.98%
Jan. 3 2005,3.91%
Dec. 31 2004,3.92%
Dec. 30 2004,4.94%
Dec. 29 2004,4.93%
Dec. 28 2004,4.92%
Dec. 27 2004,4.95%
Dec. 23 2004,4.93%
Dec. 22 2004,4.94%
Dec. 21 2004,4.94%
Dec. 20 2004,5.00%
Dec. 17 2004,5.01%
Dec. 16 2004,4.96%
Dec. 15 2004,4.94%
Dec. 14 2004,4.98%
Dec. 13 2004,5.05%
Dec. 10 2004,5.13%
Dec. 9 2004,5.12%
Dec. 8 2004,5.14%
Dec. 7 2004,5.10%
Dec. 6 2004,5.06%
Dec. 3 2004,5.07%
Dec. 2 2004,5.02%
Dec. 1 2004,5.04%
Nov. 30 2004,5.13%
Nov. 29 2004,5.17%
Nov. 26 2004,5.12%
Nov. 24 2004,5.12%
Nov. 23 2004,5.14%
Nov. 22 2004,5.14%
Nov. 19 2004,5.16%
Nov. 18 2004,5.10%
Nov. 17 2004,5.04%
Nov. 16 2004,5.02%
Nov. 15 2004,4.93%
Nov. 12 2004,4.93%
Nov. 11 2004,4.93%
Nov. 10 2004,4.96%
Nov. 9 2004,4.93%
Nov. 8 2004,4.91%
Nov. 5 2004,4.90%
Nov. 4 2004,4.87%
Nov. 3 2004,4.97%
Nov. 2 2004,5.01%
Nov. 1 2004,5.01%
Oct. 29 2004,5.00%
Oct. 28 2004,5.02%
Oct. 27 2004,5.08%
Oct. 26 2004,5.15%
Oct. 25 2004,5.21%
Oct. 22 2004,5.15%
Oct. 21 2004,5.12%
Oct. 20 2004,5.18%
Oct. 19 2004,5.08%
Oct. 18 2004,4.95%
Oct. 15 2004,4.98%
Oct. 14 2004,5.01%
Oct. 13 2004,4.92%
Oct. 12 2004,4.88%
Oct. 11 2004,4.90%
Oct. 8 2004,4.87%
Oct. 7 2004,4.88%
Oct. 6 2004,4.89%
Oct. 5 2004,4.89%
Oct. 4 2004,4.85%
Oct. 1 2004,4.78%
Sept. 30 2004,4.86%
Sept. 29 2004,5.85%
Sept. 28 2004,5.89%
Sept. 27 2004,5.93%
Sept. 24 2004,5.84%
Sept. 23 2004,5.88%
Sept. 22 2004,5.82%
Sept. 21 2004,5.79%
Sept. 20 2004,5.89%
Sept. 17 2004,5.85%
Sept. 16 2004,5.86%
Sept. 15 2004,5.94%
Sept. 14 2004,5.87%
Sept. 13 2004,5.92%
Sept. 10 2004,5.83%
Sept. 9 2004,5.84%
Sept. 8 2004,5.89%
Sept. 7 2004,5.82%
Sept. 3 2004,5.82%
Sept. 2 2004,5.82%
Sept. 1 2004,5.91%
Aug. 31 2004,5.86%
Aug. 30 2004,5.93%
Aug. 27 2004,5.84%
Aug. 26 2004,5.88%
Aug. 25 2004,5.88%
Aug. 24 2004,6.01%
Aug. 23 2004,6.02%
Aug. 20 2004,6.00%
Aug. 19 2004,6.09%
Aug. 18 2004,6.05%
Aug. 17 2004,6.11%
Aug. 16 2004,6.20%
Aug. 13 2004,6.30%
Aug. 12 2004,6.29%
Aug. 11 2004,6.29%
Aug. 10 2004,6.27%
Aug. 9 2004,6.43%
Aug. 6 2004,6.44%
Aug. 5 2004,6.33%
Aug. 4 2004,6.24%
Aug. 3 2004,6.26%
Aug. 2 2004,6.21%
July 30 2004,6.21%
July 29 2004,6.24%
July 28 2004,6.26%
July 27 2004,6.29%
July 26 2004,6.36%
July 23 2004,6.36%
July 22 2004,6.31%
July 21 2004,6.30%
July 20 2004,6.36%
July 19 2004,6.44%
July 16 2004,6.44%
July 15 2004,6.40%
July 14 2004,6.35%
July 13 2004,6.24%
July 12 2004,6.29%
July 9 2004,6.31%
July 8 2004,6.29%
July 7 2004,6.29%
July 6 2004,6.18%
July 2 2004,6.09%
July 1 2004,6.08%
June 30 2004,5.98%
June 29 2004,9.09%
June 28 2004,9.09%
June 25 2004,9.16%
June 24 2004,9.22%
June 23 2004,9.33%
June 22 2004,9.43%
June 21 2004,9.40%
June 18 2004,9.35%
June 17 2004,9.32%
June 16 2004,9.32%
June 15 2004,9.33%
June 14 2004,9.36%
June 10 2004,9.21%
June 9 2004,9.24%
June 8 2004,9.14%
June 7 2004,9.12%
June 4 2004,9.34%
June 3 2004,9.42%
June 2 2004,9.33%
June 1 2004,9.44%
May 28 2004,9.45%
May 27 2004,9.42%
May 26 2004,9.45%
May 25 2004,9.45%
May 24 2004,9.63%
May 21 2004,9.65%
May 20 2004,9.67%
May 19 2004,9.74%
May 18 2004,9.73%
May 17 2004,9.86%
May 14 2004,9.76%
May 13 2004,9.71%
May 12 2004,9.73%
May 11 2004,9.89%
May 10 2004,9.87%
May 7 2004,9.54%
May 6 2004,9.26%
May 5 2004,9.15%
May 4 2004,9.06%
May 3 2004,9.19%
April 30 2004,9.25%
April 29 2004,9.22%
April 28 2004,9.13%
April 27 2004,8.98%
April 26 2004,9.03%
April 23 2004,9.09%
April 22 2004,9.07%
April 21 2004,9.24%
April 20 2004,9.03%
April 19 2004,8.84%
April 16 2004,8.86%
April 15 2004,8.98%
April 14 2004,8.86%
April 13 2004,8.69%
April 12 2004,8.37%
April 8 2004,8.46%
April 7 2004,8.41%
April 6 2004,8.39%
April 5 2004,8.34%
April 2 2004,8.38%
April 1 2004,8.23%
March 31 2004,8.30%
March 30 2004,7.74%
March 29 2004,7.73%
March 26 2004,7.88%
March 25 2004,7.83%
March 24 2004,7.98%
March 23 2004,7.93%
March 22 2004,7.97%
March 19 2004,7.86%
March 18 2004,7.73%
March 17 2004,7.69%
March 16 2004,7.86%
March 15 2004,7.94%
March 12 2004,7.83%
March 11 2004,7.87%
March 10 2004,7.73%
March 9 2004,7.65%
March 8 2004,7.57%
March 5 2004,7.56%
March 4 2004,7.63%
March 3 2004,7.72%
March 2 2004,7.80%
March 1 2004,7.83%
Feb. 27 2004,7.92%
Feb. 26 2004,8.01%
Feb. 25 2004,8.05%
Feb. 24 2004,8.08%
Feb. 23 2004,8.06%
Feb. 20 2004,8.01%
Feb. 19 2004,7.96%
Feb. 18 2004,8.03%
Feb. 17 2004,7.99%
Feb. 13 2004,8.09%
Feb. 12 2004,8.05%
Feb. 11 2004,8.07%
Feb. 10 2004,8.23%
Feb. 9 2004,8.23%
Feb. 6 2004,8.18%
Feb. 5 2004,8.34%
Feb. 4 2004,8.35%
Feb. 3 2004,8.31%
Feb. 2 2004,8.33%
Jan. 30 2004,8.36%
Jan. 29 2004,8.32%
Jan. 28 2004,8.31%
Jan. 27 2004,8.12%
Jan. 26 2004,8.07%
Jan. 23 2004,8.21%
Jan. 22 2004,8.14%
Jan. 21 2004,8.10%
Jan. 20 2004,8.31%
Jan. 16 2004,8.28%
Jan. 15 2004,8.35%
Jan. 14 2004,8.29%
Jan. 13 2004,8.35%
Jan. 12 2004,8.38%
Jan. 9 2004,8.38%
Jan. 8 2004,8.40%
Jan. 7 2004,8.55%
Jan. 6 2004,8.67%
Jan. 5 2004,8.89%
Jan. 2 2004,8.87%
Dec. 31 2003,8.85%
Dec. 30 2003,5.90%
Dec. 29 2003,5.91%
Dec. 26 2003,5.96%
Dec. 24 2003,5.98%
Dec. 23 2003,5.97%
Dec. 22 2003,5.98%
Dec. 19 2003,6.04%
Dec. 18 2003,6.06%
Dec. 17 2003,6.06%
Dec. 16 2003,6.05%
Dec. 15 2003,6.13%
Dec. 12 2003,6.16%
Dec. 11 2003,6.18%
Dec. 10 2003,6.23%
Dec. 9 2003,6.20%
Dec. 8 2003,6.09%
Dec. 5 2003,6.18%
Dec. 4 2003,6.10%
Dec. 3 2003,6.03%
Dec. 2 2003,6.03%
Dec. 1 2003,6.06%
Nov. 28 2003,6.10%
Nov. 26 2003,6.08%
Nov. 25 2003,6.08%
Nov. 24 2003,6.12%
Nov. 21 2003,6.17%
Nov. 20 2003,6.24%
Nov. 19 2003,6.21%
Nov. 18 2003,6.19%
Nov. 17 2003,6.10%
Nov. 14 2003,6.09%
Nov. 13 2003,6.02%
Nov. 12 2003,6.02%
Nov. 11 2003,5.99%
Nov. 10 2003,6.02%
Nov. 7 2003,5.99%
Nov. 6 2003,5.95%
Nov. 5 2003,5.92%
Nov. 4 2003,5.90%
Nov. 3 2003,5.88%
Oct. 31 2003,6.02%
Oct. 30 2003,6.03%
Oct. 29 2003,6.01%
Oct. 28 2003,6.08%
Oct. 27 2003,6.18%
Oct. 24 2003,6.21%
Oct. 23 2003,6.17%
Oct. 22 2003,6.18%
Oct. 21 2003,5.89%
Oct. 20 2003,5.90%
Oct. 17 2003,5.94%
Oct. 16 2003,5.86%
Oct. 15 2003,5.90%
Oct. 14 2003,5.87%
Oct. 13 2003,5.93%
Oct. 10 2003,6.08%
Oct. 9 2003,6.05%
Oct. 8 2003,6.07%
Oct. 7 2003,5.98%
Oct. 6 2003,6.08%
Oct. 3 2003,6.14%
Oct. 2 2003,6.17%
Oct. 1 2003,6.11%
Sept. 30 2003,6.29%
Sept. 29 2003,4.01%
Sept. 26 2003,4.07%
Sept. 25 2003,4.03%
Sept. 24 2003,3.99%
Sept. 23 2003,3.92%
Sept. 22 2003,3.97%
Sept. 19 2003,3.92%
Sept. 18 2003,3.89%
Sept. 17 2003,4.01%
Sept. 16 2003,4.02%
Sept. 15 2003,4.09%
Sept. 12 2003,4.09%
Sept. 11 2003,4.13%
Sept. 10 2003,4.16%
Sept. 9 2003,4.06%
Sept. 8 2003,4.01%
Sept. 5 2003,4.07%
Sept. 4 2003,4.01%
Sept. 3 2003,3.99%
Sept. 2 2003,4.01%
Aug. 29 2003,4.06%
Aug. 28 2003,4.10%
Aug. 27 2003,4.18%
Aug. 26 2003,4.16%
Aug. 25 2003,4.12%
Aug. 22 2003,4.10%
Aug. 21 2003,4.02%
Aug. 20 2003,3.99%
Aug. 19 2003,4.07%
Aug. 18 2003,4.08%
Aug. 15 2003,4.13%
Aug. 14 2003,4.12%
Aug. 13 2003,4.16%
Aug. 12 2003,4.13%
Aug. 11 2003,4.18%
Aug. 8 2003,4.21%
Aug. 7 2003,4.23%
Aug. 6 2003,4.21%
Aug. 5 2003,4.24%
Aug. 4 2003,4.12%
Aug. 1 2003,4.17%
July 31 2003,3.97%
July 30 2003,3.96%
July 29 2003,3.94%
July 28 2003,3.92%
July 25 2003,3.92%
July 24 2003,4.02%
July 23 2003,3.99%
July 22 2003,3.98%
July 21 2003,4.04%
July 18 2003,3.93%
July 17 2003,3.97%
July 16 2003,3.83%
July 15 2003,3.73%
July 14 2003,3.73%
July 11 2003,3.89%
July 10 2003,3.97%
July 9 2003,3.90%
July 8 2003,3.93%
July 7 2003,3.96%
July 3 2003,4.07%
July 2 2003,4.04%
July 1 2003,4.06%
June 30 2003,4.07%
June 27 2003,2.95%
June 26 2003,2.91%
June 25 2003,2.94%
June 24 2003,2.92%
June 23 2003,2.95%
June 20 2003,2.87%
June 19 2003,2.90%
June 18 2003,2.85%
June 17 2003,2.77%
June 16 2003,2.78%
June 13 2003,2.88%
June 12 2003,2.88%
June 11 2003,2.90%
June 10 2003,2.93%
June 9 2003,2.96%
June 6 2003,2.85%
June 5 2003,2.85%
June 4 2003,2.88%
June 3 2003,2.96%
June 2 2003,2.95%
May 30 2003,3.04%
May 29 2003,3.10%
May 28 2003,3.07%
May 27 2003,3.12%
May 23 2003,3.24%
May 22 2003,3.28%
May 21 2003,3.27%
May 20 2003,3.29%
May 19 2003,3.29%
May 16 2003,3.20%
May 15 2003,3.22%
May 14 2003,3.28%
May 13 2003,3.26%
May 12 2003,3.23%
May 9 2003,3.32%
May 8 2003,3.34%
May 7 2003,3.24%
May 6 2003,3.26%
May 5 2003,3.29%
May 2 2003,3.35%
May 1 2003,3.42%
April 30 2003,3.41%
April 29 2003,3.43%
April 28 2003,3.47%
April 25 2003,3.58%
April 24 2003,3.50%
April 23 2003,3.40%
April 22 2003,3.49%
April 21 2003,3.64%
April 17 2003,3.66%
April 16 2003,3.77%
April 15 2003,3.72%
April 14 2003,3.77%
April 11 2003,3.91%
April 10 2003,3.89%
April 9 2003,3.89%
April 8 2003,3.85%
April 7 2003,3.90%
April 4 2003,3.91%
April 3 2003,4.01%
April 2 2003,3.98%
April 1 2003,4.13%
March 31 2003,4.22%
March 28 2003,3.23%
March 27 2003,3.28%
March 26 2003,3.27%
March 25 2003,3.27%
March 24 2003,3.34%
March 21 2003,3.20%
March 20 2003,3.36%
March 19 2003,3.39%
March 18 2003,3.46%
March 17 2003,3.50%
March 14 2003,3.72%
March 13 2003,3.64%
March 12 2003,3.81%
March 11 2003,3.81%
March 10 2003,3.68%
March 7 2003,3.54%
March 6 2003,3.59%
March 5 2003,3.46%
March 4 2003,3.53%
March 3 2003,3.46%
Feb. 28 2003,3.48%
Feb. 27 2003,3.49%
Feb. 26 2003,3.54%
Feb. 25 2003,3.50%
Feb. 24 2003,3.54%
Feb. 21 2003,3.45%
Feb. 20 2003,3.48%
Feb. 19 2003,3.51%
Feb. 18 2003,3.51%
Feb. 14 2003,3.62%
Feb. 13 2003,3.71%
Feb. 12 2003,3.67%
Feb. 11 2003,3.59%
Feb. 10 2003,3.57%
Feb. 7 2003,3.59%
Feb. 6 2003,3.54%
Feb. 5 2003,3.44%
Feb. 4 2003,3.43%
Feb. 3 2003,3.35%
Jan. 31 2003,3.38%
Jan. 30 2003,3.43%
Jan. 29 2003,3.36%
Jan. 28 2003,3.36%
Jan. 27 2003,3.39%
Jan. 24 2003,3.32%
Jan. 23 2003,3.14%
Jan. 22 2003,3.20%
Jan. 21 2003,3.11%
Jan. 17 2003,3.02%
Jan. 16 2003,2.95%
Jan. 15 2003,2.92%
Jan. 14 2003,2.86%
Jan. 13 2003,2.90%
Jan. 10 2003,2.92%
Jan. 9 2003,2.89%
Jan. 8 2003,2.95%
Jan. 7 2003,2.84%
Jan. 6 2003,2.82%
Jan. 3 2003,3.05%
Jan. 2 2003,3.11%
Dec. 31 2002,3.29%
Dec. 30 2002,3.42%
Dec. 27 2002,3.45%
Dec. 26 2002,3.35%
Dec. 24 2002,3.39%
Dec. 23 2002,3.32%
Dec. 20 2002,3.30%
Dec. 19 2002,3.51%
Dec. 18 2002,3.42%
Dec. 17 2002,3.28%
Dec. 16 2002,3.31%
Dec. 13 2002,3.47%
Dec. 12 2002,3.40%
Dec. 11 2002,3.40%
Dec. 10 2002,3.40%
Dec. 9 2002,3.53%
Dec. 6 2002,3.36%
Dec. 5 2002,3.47%
Dec. 4 2002,3.32%
Dec. 3 2002,3.33%
Dec. 2 2002,3.25%
Nov. 29 2002,3.26%
Nov. 27 2002,3.26%
Nov. 26 2002,3.39%
Nov. 25 2002,3.29%
Nov. 22 2002,3.28%
Nov. 21 2002,3.29%
Nov. 20 2002,3.46%
Nov. 19 2002,3.74%
Nov. 18 2002,3.75%
Nov. 15 2002,3.71%
Nov. 14 2002,3.74%
Nov. 13 2002,3.91%
Nov. 12 2002,3.99%
Nov. 11 2002,4.02%
Nov. 8 2002,4.06%
Nov. 7 2002,3.98%
Nov. 6 2002,3.72%
Nov. 5 2002,3.65%
Nov. 4 2002,3.73%
Nov. 1 2002,3.81%
Oct. 31 2002,3.95%
Oct. 30 2002,3.90%
Oct. 29 2002,4.01%
Oct. 28 2002,3.86%
Oct. 25 2002,4.03%
Oct. 24 2002,4.16%
Oct. 23 2002,4.15%
Oct. 22 2002,4.12%
Oct. 21 2002,4.05%
Oct. 18 2002,4.32%
Oct. 17 2002,4.36%
Oct. 16 2002,4.48%
Oct. 15 2002,4.41%
Oct. 14 2002,4.86%
Oct. 11 2002,4.77%
Oct. 10 2002,5.14%
Oct. 9 2002,5.31%
Oct. 8 2002,4.94%
Oct. 7 2002,4.89%
Oct. 4 2002,4.96%
Oct. 3 2002,4.65%
Oct. 2 2002,4.49%
Oct. 1 2002,4.15%
Sept. 30 2002,4.32%
Sept. 27 2002,5.62%
Sept. 26 2002,5.35%
Sept. 25 2002,5.45%
Sept. 24 2002,5.53%
Sept. 23 2002,5.35%
Sept. 20 2002,5.10%
Sept. 19 2002,5.18%
Sept. 18 2002,5.04%
Sept. 17 2002,4.78%
Sept. 16 2002,4.74%
Sept. 13 2002,4.67%
Sept. 12 2002,4.68%
Sept. 11 2002,4.48%
Sept. 10 2002,4.45%
Sept. 9 2002,4.37%
Sept. 6 2002,4.31%
Sept. 5 2002,4.27%
Sept. 4 2002,4.06%
Sept. 3 2002,4.16%
Aug. 30 2002,3.90%
Aug. 29 2002,3.87%
Aug. 28 2002,3.91%
Aug. 27 2002,3.85%
Aug. 26 2002,3.89%
Aug. 23 2002,4.01%
Aug. 22 2002,3.86%
Aug. 21 2002,3.83%
Aug. 20 2002,3.88%
Aug. 19 2002,3.79%
Aug. 16 2002,4.14%
Aug. 15 2002,4.15%
Aug. 14 2002,4.10%
Aug. 13 2002,4.22%
Aug. 12 2002,4.05%
Aug. 9 2002,3.91%
Aug. 8 2002,3.90%
Aug. 7 2002,4.28%
Aug. 6 2002,4.36%
Aug. 5 2002,4.61%
Aug. 2 2002,4.32%
Aug. 1 2002,4.12%
July 31 2002,4.13%
July 30 2002,4.14%
July 29 2002,4.10%
July 26 2002,4.63%
July 25 2002,4.61%
July 24 2002,4.42%
July 23 2002,5.13%
July 22 2002,4.20%
July 19 2002,3.95%
July 18 2002,3.79%
July 17 2002,3.66%
July 16 2002,3.61%
July 15 2002,3.42%
July 12 2002,3.41%
July 11 2002,3.43%
July 10 2002,3.42%
July 9 2002,3.29%
July 8 2002,3.19%
July 5 2002,3.16%
July 3 2002,3.33%
July 2 2002,3.35%
July 1 2002,3.28%
June 28 2002,2.09%
June 27 2002,2.17%
June 26 2002,2.25%
June 25 2002,2.16%
June 24 2002,2.14%
June 21 2002,2.15%
June 20 2002,2.13%
June 19 2002,2.05%
June 18 2002,2.03%
June 17 2002,2.00%
June 14 2002,2.15%
June 13 2002,2.17%
June 12 2002,2.18%
June 11 2002,2.11%
June 10 2002,2.11%
June 7 2002,2.11%
June 6 2002,2.10%
June 5 2002,2.05%
June 4 2002,2.05%
June 3 2002,2.03%
May 31 2002,1.97%
May 30 2002,1.97%
May 29 2002,1.92%
May 28 2002,1.90%
May 24 2002,1.88%
May 23 2002,1.85%
May 22 2002,1.91%
May 21 2002,1.89%
May 20 2002,1.90%
May 17 2002,1.86%
May 16 2002,1.88%
May 15 2002,1.90%
May 14 2002,1.89%
May 13 2002,1.98%
May 10 2002,2.02%
May 9 2002,1.97%
May 8 2002,1.92%
May 7 2002,2.05%
May 6 2002,2.06%
May 3 2002,1.99%
May 2 2002,1.96%
May 1 2002,2.00%
April 30 2002,2.02%
April 29 2002,2.07%
April 26 2002,2.03%
April 25 2002,2.03%
April 24 2002,1.98%
April 23 2002,1.94%
April 22 2002,1.94%
April 19 2002,1.88%
April 18 2002,1.91%
April 17 2002,1.90%
April 16 2002,2.01%
April 15 2002,2.06%
April 12 2002,2.07%
April 11 2002,2.12%
April 10 2002,2.03%
April 9 2002,2.02%
April 8 2002,2.03%
April 5 2002,2.04%
April 4 2002,2.06%
April 3 2002,2.03%
April 2 2002,2.01%
April 1 2002,1.99%
March 28 2002,2.27%
March 27 2002,2.28%
March 26 2002,2.30%
March 25 2002,2.27%
March 22 2002,2.30%
March 21 2002,2.33%
March 20 2002,2.30%
March 19 2002,2.24%
March 18 2002,2.29%
March 15 2002,2.25%
March 14 2002,2.31%
March 13 2002,2.29%
March 12 2002,2.23%
March 11 2002,2.23%
March 8 2002,2.33%
March 7 2002,2.38%
March 6 2002,2.38%
March 5 2002,2.49%
March 4 2002,2.49%
March 1 2002,2.73%
Feb. 28 2002,2.77%
Feb. 27 2002,2.80%
Feb. 26 2002,2.80%
Feb. 25 2002,2.79%
Feb. 22 2002,2.87%
Feb. 21 2002,2.78%
Feb. 20 2002,2.75%
Feb. 19 2002,2.79%
Feb. 15 2002,2.70%
Feb. 14 2002,2.68%
Feb. 13 2002,2.68%
Feb. 12 2002,2.57%
Feb. 11 2002,2.54%
Feb. 8 2002,2.60%
Feb. 7 2002,2.69%
Feb. 6 2002,2.75%
Feb. 5 2002,2.79%
Feb. 4 2002,2.65%
Feb. 1 2002,2.52%
Jan. 31 2002,2.38%
Jan. 30 2002,2.45%
Jan. 29 2002,2.53%
Jan. 28 2002,2.36%
Jan. 25 2002,2.31%
Jan. 24 2002,2.26%
Jan. 23 2002,2.26%
Jan. 22 2002,2.27%
Jan. 18 2002,2.26%
Jan. 17 2002,2.20%
Jan. 16 2002,2.24%
Jan. 15 2002,2.14%
Jan. 14 2002,2.17%
Jan. 11 2002,2.11%
Jan. 10 2002,2.07%
Jan. 9 2002,2.09%
Jan. 8 2002,2.10%
Jan. 7 2002,2.08%
Jan. 4 2002,2.08%
Jan. 3 2002,2.17%
Jan. 2 2002,2.23%
Dec. 31 2001,2.23%
Dec. 28 2001,-53.82%
Dec. 27 2001,-54.16%
Dec. 26 2001,-54.17%
Dec. 24 2001,-54.58%
Dec. 21 2001,-55.02%
Dec. 20 2001,-53.86%
Dec. 19 2001,-51.76%
Dec. 18 2001,-52.89%
Dec. 17 2001,-53.60%
Dec. 14 2001,-54.88%
Dec. 13 2001,-53.03%
Dec. 12 2001,-51.26%
Dec. 11 2001,-51.09%
Dec. 10 2001,-50.85%
Dec. 7 2001,-49.46%
Dec. 6 2001,-48.71%
Dec. 5 2001,-50.41%
Dec. 4 2001,-52.85%
Dec. 3 2001,-53.82%
Nov. 30 2001,-52.15%
Nov. 29 2001,-51.68%
Nov. 28 2001,-52.45%
Nov. 27 2001,-49.42%
Nov. 26 2001,-49.81%
Nov. 23 2001,-49.94%
Nov. 21 2001,-50.64%
Nov. 20 2001,-49.92%
Nov. 19 2001,-49.26%
Nov. 16 2001,-49.91%
Nov. 15 2001,-49.73%
Nov. 14 2001,-49.98%
Nov. 13 2001,-49.92%
Nov. 12 2001,-50.70%
Nov. 9 2001,-50.62%
Nov. 8 2001,-50.70%
Nov. 7 2001,-50.97%
Nov. 6 2001,-52.40%
Nov. 5 2001,-54.10%
Nov. 2 2001,-54.40%
Nov. 1 2001,-54.13%
Oct. 31 2001,-55.63%
Oct. 30 2001,-55.39%
Oct. 29 2001,-54.31%
Oct. 26 2001,-52.38%
Oct. 25 2001,-52.48%
Oct. 24 2001,-54.31%
Oct. 23 2001,-55.01%
Oct. 22 2001,-55.99%
Oct. 19 2001,-58.08%
Oct. 18 2001,-57.62%
Oct. 17 2001,-56.85%
Oct. 16 2001,-58.21%
Oct. 15 2001,-58.63%
Oct. 12 2001,-59.81%
Oct. 11 2001,-58.86%
Oct. 10 2001,-58.91%
Oct. 9 2001,-59.70%
Oct. 8 2001,-60.64%
Oct. 5 2001,-58.87%
Oct. 4 2001,-57.58%
Oct. 3 2001,-56.73%
Oct. 2 2001,-56.22%
Oct. 1 2001,-57.85%
Sept. 28 2001,-56.22%
Sept. 27 2001,-58.95%
Sept. 26 2001,-58.91%
Sept. 25 2001,-57.74%
Sept. 24 2001,-58.93%
Sept. 21 2001,-62.30%
Sept. 20 2001,-60.84%
Sept. 19 2001,-56.29%
Sept. 18 2001,-54.91%
Sept. 17 2001,-54.47%
Sept. 10 2001,-51.53%
Sept. 7 2001,-51.89%
Sept. 6 2001,-51.98%
Sept. 5 2001,-50.07%
Sept. 4 2001,-48.20%
Aug. 31 2001,-48.73%
Aug. 30 2001,-48.93%
Aug. 29 2001,-48.52%
Aug. 28 2001,-47.42%
Aug. 27 2001,-46.72%
Aug. 24 2001,-46.91%
Aug. 23 2001,-47.15%
Aug. 22 2001,-46.66%
Aug. 21 2001,-47.51%
Aug. 20 2001,-46.73%
Aug. 17 2001,-46.29%
Aug. 16 2001,-45.52%
Aug. 15 2001,-45.55%
Aug. 14 2001,-45.44%
Aug. 13 2001,-45.58%
Aug. 10 2001,-45.44%
Aug. 9 2001,-45.82%
Aug. 8 2001,-45.63%
Aug. 7 2001,-44.89%
Aug. 6 2001,-44.90%
Aug. 3 2001,-44.32%
Aug. 2 2001,-44.14%
Aug. 1 2001,-44.14%
July 31 2001,-44.34%
July 30 2001,-43.83%
July 27 2001,-43.43%
July 26 2001,-44.40%
July 25 2001,-44.76%
July 24 2001,-44.99%
July 23 2001,-44.64%
July 20 2001,-44.24%
July 19 2001,-43.94%
July 18 2001,-44.06%
July 17 2001,-45.39%
July 16 2001,-46.60%
July 13 2001,-45.12%
July 12 2001,-45.13%
July 11 2001,-45.66%
July 10 2001,-45.70%
July 9 2001,-43.65%
July 6 2001,-43.14%
July 5 2001,-42.17%
July 3 2001,-42.06%
July 2 2001,-41.92%
June 29 2001,-41.59%
June 28 2001,-41.22%
June 27 2001,-42.14%
June 26 2001,-41.50%
June 25 2001,-40.48%
June 22 2001,-40.41%
June 21 2001,-39.37%
June 20 2001,-40.68%
June 19 2001,-41.67%
June 18 2001,-41.86%
June 15 2001,-41.31%
June 14 2001,-42.56%
June 13 2001,-42.26%
June 12 2001,-42.65%
June 11 2001,-41.99%
June 8 2001,-41.97%
June 7 2001,-40.65%
June 6 2001,-39.60%
June 5 2001,-38.25%
June 4 2001,-37.47%
June 1 2001,-37.94%
May 31 2001,-37.74%
May 30 2001,-38.15%
May 29 2001,-37.60%
May 25 2001,-38.09%
May 24 2001,-37.60%
May 23 2001,-37.92%
May 22 2001,-37.09%
May 21 2001,-37.53%
May 18 2001,-38.52%
May 17 2001,-38.49%
May 16 2001,-38.40%
May 15 2001,-39.14%
May 14 2001,-38.94%
May 11 2001,-39.94%
May 10 2001,-39.04%
May 9 2001,-39.22%
May 8 2001,-38.85%
May 7 2001,-37.70%
May 4 2001,-36.66%
May 3 2001,-37.86%
May 2 2001,-37.42%
May 1 2001,-38.07%
April 30 2001,-38.66%
April 27 2001,-37.21%
April 26 2001,-38.25%
April 25 2001,-39.07%
April 24 2001,-39.05%
April 23 2001,-39.22%
April 20 2001,-38.81%
April 19 2001,-38.01%
April 18 2001,-37.78%
April 17 2001,-40.89%
April 16 2001,-40.77%
April 12 2001,-40.89%
April 11 2001,-41.46%
April 10 2001,-42.84%
April 9 2001,-45.89%
April 6 2001,-45.93%
April 5 2001,-43.65%
April 4 2001,-45.81%
April 3 2001,-44.59%
April 2 2001,-41.59%
March 30 2001,-40.24%
March 29 2001,-42.02%
March 28 2001,-42.47%
March 27 2001,-41.67%
March 26 2001,-42.91%
March 23 2001,-43.32%
March 22 2001,-46.44%
March 21 2001,-44.95%
March 20 2001,-42.43%
March 19 2001,-40.02%
March 16 2001,-40.53%
March 15 2001,-39.92%
March 14 2001,-41.30%
March 13 2001,-38.12%
March 12 2001,-39.72%
March 9 2001,-36.92%
March 8 2001,-35.97%
March 7 2001,-35.96%
March 6 2001,-37.68%
March 5 2001,-38.64%
March 2 2001,-39.45%
March 1 2001,-39.20%
Feb. 28 2001,-38.73%
Feb. 27 2001,-37.96%
Feb. 26 2001,-37.22%
Feb. 23 2001,-38.41%
Feb. 22 2001,-37.41%
Feb. 21 2001,-38.16%
Feb. 20 2001,-36.18%
Feb. 16 2001,-34.76%
Feb. 15 2001,-35.36%
Feb. 14 2001,-35.30%
Feb. 13 2001,-35.33%
Feb. 12 2001,-34.39%
Feb. 9 2001,-34.78%
Feb. 8 2001,-34.97%
Feb. 7 2001,-34.53%
Feb. 6 2001,-34.56%
Feb. 5 2001,-33.10%
Feb. 2 2001,-33.06%
Feb. 1 2001,-32.35%
Jan. 31 2001,-32.86%
Jan. 30 2001,-32.28%
Jan. 29 2001,-32.78%
Jan. 26 2001,-33.35%
Jan. 25 2001,-34.05%
Jan. 24 2001,-33.93%
Jan. 23 2001,-34.96%
Jan. 22 2001,-35.52%
Jan. 19 2001,-35.74%
Jan. 18 2001,-35.13%
Jan. 17 2001,-34.09%
Jan. 16 2001,-33.97%
Jan. 12 2001,-33.89%
Jan. 11 2001,-33.39%
Jan. 10 2001,-35.47%
Jan. 9 2001,-37.11%
Jan. 8 2001,-36.69%
Jan. 5 2001,-36.92%
Jan. 4 2001,-34.75%
Jan. 3 2001,-35.69%
Jan. 2 2001,-41.07%
Dec. 29 2000,7.48%
Dec. 28 2000,7.24%
Dec. 27 2000,7.33%
Dec. 26 2000,7.43%
Dec. 22 2000,7.45%
Dec. 21 2000,7.52%
Dec. 20 2000,7.82%
Dec. 19 2000,7.59%
Dec. 18 2000,7.49%
Dec. 15 2000,7.74%
Dec. 14 2000,7.93%
Dec. 13 2000,7.64%
Dec. 12 2000,7.91%
Dec. 11 2000,8.00%
Dec. 8 2000,8.50%
Dec. 7 2000,8.68%
Dec. 6 2000,8.49%
Dec. 5 2000,8.23%
Dec. 4 2000,8.96%
Dec. 1 2000,9.11%
Nov. 30 2000,9.22%
Nov. 29 2000,8.96%
Nov. 28 2000,8.95%
Nov. 27 2000,8.63%
Nov. 24 2000,8.69%
Nov. 22 2000,9.08%
Nov. 21 2000,8.79%
Nov. 20 2000,8.82%
Nov. 17 2000,8.58%
Nov. 16 2000,8.32%
Nov. 15 2000,8.34%
Nov. 14 2000,7.99%
Nov. 13 2000,8.07%
Nov. 10 2000,7.94%
Nov. 9 2000,7.71%
Nov. 8 2000,7.80%
Nov. 7 2000,7.57%
Nov. 6 2000,7.47%
Nov. 3 2000,7.65%
Nov. 2 2000,7.47%
Nov. 1 2000,7.44%
Oct. 31 2000,7.47%
Oct. 30 2000,7.77%
Oct. 27 2000,7.96%
Oct. 26 2000,8.50%
Oct. 25 2000,8.50%
Oct. 24 2000,8.49%
Oct. 23 2000,8.86%
Oct. 20 2000,8.86%
Oct. 19 2000,8.73%
Oct. 18 2000,9.22%
Oct. 17 2000,8.96%
Oct. 16 2000,8.59%
Oct. 13 2000,8.57%
Oct. 12 2000,8.99%
Oct. 11 2000,8.36%
Oct. 10 2000,8.33%
Oct. 9 2000,8.08%
Oct. 6 2000,7.93%
Oct. 5 2000,7.65%
Oct. 4 2000,7.46%
Oct. 3 2000,7.27%
Oct. 2 2000,7.16%
Sept. 29 2000,7.84%
Sept. 28 2000,7.72%
Sept. 27 2000,7.96%
Sept. 26 2000,7.86%
Sept. 25 2000,7.70%
Sept. 22 2000,7.66%
Sept. 21 2000,8.11%
Sept. 20 2000,7.78%
Sept. 19 2000,7.72%
Sept. 18 2000,7.77%
Sept. 15 2000,7.37%
Sept. 14 2000,7.24%
Sept. 13 2000,7.14%
Sept. 12 2000,6.85%
Sept. 11 2000,6.30%
Sept. 8 2000,6.26%
Sept. 7 2000,6.32%
Sept. 6 2000,6.46%
Sept. 5 2000,6.34%
Sept. 1 2000,6.43%
Aug. 31 2000,6.48%
Aug. 30 2000,6.80%
Aug. 29 2000,6.98%
Aug. 28 2000,6.87%
Aug. 25 2000,6.95%
Aug. 24 2000,6.80%
Aug. 23 2000,6.67%
Aug. 22 2000,6.86%
Aug. 21 2000,7.11%
Aug. 18 2000,7.13%
Aug. 17 2000,7.14%
Aug. 16 2000,7.19%
Aug. 15 2000,6.99%
Aug. 14 2000,6.86%
Aug. 11 2000,6.96%
Aug. 10 2000,6.98%
Aug. 9 2000,6.92%
Aug. 8 2000,6.77%
Aug. 7 2000,6.76%
Aug. 4 2000,6.90%
Aug. 3 2000,7.20%
Aug. 2 2000,7.04%
Aug. 1 2000,7.01%
July 31 2000,7.27%
July 28 2000,7.48%
July 27 2000,7.26%
July 26 2000,7.33%
July 25 2000,7.06%
July 24 2000,7.02%
July 21 2000,6.86%
July 20 2000,7.05%
July 19 2000,7.14%
July 18 2000,7.11%
July 17 2000,6.96%
July 14 2000,6.90%
July 13 2000,7.13%
July 12 2000,7.16%
July 11 2000,7.14%
July 10 2000,7.28%
July 7 2000,7.23%
July 6 2000,7.54%
July 5 2000,7.58%
July 3 2000,7.61%
June 30 2000,7.86%
June 29 2000,8.10%
June 28 2000,8.20%
June 27 2000,8.05%
June 26 2000,8.12%
June 23 2000,8.23%
June 22 2000,8.32%
June 21 2000,8.21%
June 20 2000,8.05%
June 19 2000,8.23%
June 16 2000,8.50%
June 15 2000,7.91%
June 14 2000,7.71%
June 13 2000,8.01%
June 12 2000,7.94%
June 9 2000,7.90%
June 8 2000,7.57%
June 7 2000,7.53%
June 6 2000,7.52%
June 5 2000,7.29%
June 2 2000,7.18%
June 1 2000,7.51%
May 31 2000,7.75%
May 30 2000,7.88%
May 26 2000,8.21%
May 25 2000,8.24%
May 24 2000,8.08%
May 23 2000,7.92%
May 22 2000,8.02%
May 19 2000,7.99%
May 18 2000,7.71%
May 17 2000,7.82%
May 16 2000,7.80%
May 15 2000,7.76%
May 12 2000,8.08%
May 11 2000,8.27%
May 10 2000,8.42%
May 9 2000,8.17%
May 8 2000,8.04%
May 5 2000,8.02%
May 4 2000,7.90%
May 3 2000,7.80%
May 2 2000,7.61%
May 1 2000,7.85%
April 28 2000,8.03%
April 27 2000,7.84%
April 26 2000,7.57%
April 25 2000,7.42%
April 24 2000,7.75%
April 20 2000,7.49%
April 19 2000,7.42%
April 18 2000,7.19%
April 17 2000,7.36%
April 14 2000,7.34%
April 13 2000,6.85%
April 12 2000,6.67%
April 11 2000,6.73%
April 10 2000,6.57%
April 7 2000,6.70%
April 6 2000,6.62%
April 5 2000,6.70%
April 4 2000,6.67%
April 3 2000,6.26%
March 31 2000,6.64%
March 30 2000,6.34%
March 29 2000,6.11%
March 28 2000,5.86%
March 27 2000,5.83%
March 24 2000,5.74%
March 23 2000,5.60%
March 22 2000,6.03%
March 21 2000,6.00%
March 20 2000,6.38%
March 17 2000,6.07%
March 16 2000,6.12%
March 15 2000,6.64%
March 14 2000,6.99%
March 13 2000,6.89%
March 10 2000,7.02%
March 9 2000,6.80%
March 8 2000,6.99%
March 7 2000,6.75%
March 6 2000,6.62%
March 3 2000,6.80%
March 2 2000,6.85%
March 1 2000,6.73%
Feb. 29 2000,6.93%
Feb. 28 2000,7.08%
Feb. 25 2000,7.28%
Feb. 24 2000,7.26%
Feb. 23 2000,7.13%
Feb. 22 2000,7.15%
Feb. 18 2000,7.38%
Feb. 17 2000,7.04%
Feb. 16 2000,6.94%
Feb. 15 2000,6.81%
Feb. 14 2000,6.98%
Feb. 11 2000,6.68%
Feb. 10 2000,6.64%
Feb. 9 2000,6.66%
Feb. 8 2000,6.49%
Feb. 7 2000,6.72%
Feb. 4 2000,6.75%
Feb. 3 2000,6.64%
Feb. 2 2000,6.70%
Feb. 1 2000,6.59%
Jan. 31 2000,6.84%
Jan. 28 2000,7.20%
Jan. 27 2000,6.84%
Jan. 26 2000,7.04%
Jan. 25 2000,7.40%
Jan. 24 2000,7.56%
Jan. 21 2000,7.57%
Jan. 20 2000,7.45%
Jan. 19 2000,7.45%
Jan. 18 2000,7.77%
Jan. 14 2000,7.47%
Jan. 13 2000,7.74%
Jan. 12 2000,7.86%
Jan. 11 2000,7.91%
Jan. 10 2000,7.72%
Jan. 7 2000,7.59%
Jan. 6 2000,7.73%
Jan. 5 2000,7.84%
Jan. 4 2000,7.79%
Jan. 3 2000,7.57%
Dec. 31 1999,7.11%
Dec. 30 1999,7.18%
Dec. 29 1999,7.23%
Dec. 28 1999,7.33%
Dec. 27 1999,7.33%
Dec. 23 1999,7.23%
Dec. 22 1999,7.49%
Dec. 21 1999,7.47%
Dec. 20 1999,7.76%
Dec. 17 1999,7.70%
Dec. 16 1999,7.47%
Dec. 15 1999,7.42%
Dec. 14 1999,7.32%
Dec. 13 1999,7.14%
Dec. 10 1999,7.10%
Dec. 9 1999,7.20%
Dec. 8 1999,7.21%
Dec. 7 1999,7.13%
Dec. 6 1999,7.11%
Dec. 3 1999,6.84%
Dec. 2 1999,7.09%
Dec. 1 1999,7.24%
Nov. 30 1999,7.26%
Nov. 29 1999,7.29%
Nov. 26 1999,7.09%
Nov. 24 1999,7.04%
Nov. 23 1999,7.01%
Nov. 22 1999,6.85%
Nov. 19 1999,6.75%
Nov. 18 1999,6.72%
Nov. 17 1999,6.85%
Nov. 16 1999,6.52%
Nov. 15 1999,6.79%
Nov. 12 1999,6.59%
Nov. 11 1999,6.91%
Nov. 10 1999,6.96%
Nov. 9 1999,6.75%
Nov. 8 1999,6.64%
Nov. 5 1999,6.50%
Nov. 4 1999,6.66%
Nov. 3 1999,6.80%
Nov. 2 1999,6.70%
Nov. 1 1999,6.71%
Oct. 29 1999,6.42%
Oct. 28 1999,6.33%
Oct. 27 1999,6.77%
Oct. 26 1999,7.20%
Oct. 25 1999,7.19%
Oct. 22 1999,6.95%
Oct. 21 1999,7.22%
Oct. 20 1999,7.39%
Oct. 19 1999,7.88%
Oct. 18 1999,8.20%
Oct. 15 1999,8.43%
Oct. 14 1999,7.90%
Oct. 13 1999,7.87%
Oct. 12 1999,7.65%
Oct. 11 1999,7.59%
Oct. 8 1999,7.42%
Oct. 7 1999,7.52%
Oct. 6 1999,7.38%
Oct. 5 1999,7.41%
Oct. 4 1999,7.25%
Oct. 1 1999,7.57%
Sept. 30 1999,7.44%
Sept. 29 1999,7.10%
Sept. 28 1999,7.02%
Sept. 27 1999,6.99%
Sept. 24 1999,6.88%
Sept. 23 1999,6.89%
Sept. 22 1999,6.79%
Sept. 21 1999,6.83%
Sept. 20 1999,6.61%
Sept. 17 1999,6.68%
Sept. 16 1999,6.65%
Sept. 15 1999,6.70%
Sept. 14 1999,6.70%
Sept. 13 1999,6.67%
Sept. 10 1999,6.70%
Sept. 9 1999,6.69%
Sept. 8 1999,6.34%
Sept. 7 1999,6.37%
Sept. 3 1999,6.10%
Sept. 2 1999,6.42%
Sept. 1 1999,6.27%
Aug. 31 1999,6.20%
Aug. 30 1999,6.37%
Aug. 27 1999,6.24%
Aug. 26 1999,6.17%
Aug. 25 1999,6.06%
Aug. 24 1999,5.99%
Aug. 23 1999,6.05%
Aug. 20 1999,6.19%
Aug. 19 1999,6.29%
Aug. 18 1999,6.10%
Aug. 17 1999,6.25%
Aug. 16 1999,6.46%
Aug. 13 1999,6.55%
Aug. 12 1999,6.85%
Aug. 11 1999,6.74%
Aug. 10 1999,6.98%
Aug. 9 1999,6.86%
Aug. 6 1999,6.84%
Aug. 5 1999,6.59%
Aug. 4 1999,6.61%
Aug. 3 1999,6.58%
Aug. 2 1999,6.63%
July 30 1999,6.73%
July 29 1999,6.46%
July 28 1999,6.25%
July 27 1999,6.19%
July 26 1999,6.26%
July 23 1999,6.36%
July 22 1999,6.22%
July 21 1999,6.38%
July 20 1999,6.41%
July 19 1999,6.31%
July 16 1999,6.34%
July 15 1999,6.31%
July 14 1999,6.34%
July 13 1999,6.26%
July 12 1999,6.16%
July 9 1999,6.09%
July 8 1999,6.06%
July 7 1999,6.13%
July 6 1999,6.02%
July 2 1999,6.10%
July 1 1999,6.03%
June 30 1999,5.99%
June 29 1999,5.79%
June 28 1999,5.79%
June 25 1999,5.89%
June 24 1999,5.98%
June 23 1999,5.96%
June 22 1999,5.85%
June 21 1999,5.72%
June 18 1999,5.97%
June 17 1999,6.02%
June 16 1999,5.95%
June 15 1999,6.36%
June 14 1999,6.48%
June 11 1999,6.53%
June 10 1999,6.54%
June 9 1999,6.48%
June 8 1999,6.38%
June 7 1999,6.23%
June 4 1999,6.43%
June 3 1999,6.67%
June 2 1999,6.73%
June 1 1999,6.63%
May 28 1999,6.60%
May 27 1999,6.57%
May 26 1999,6.34%
May 25 1999,6.48%
May 24 1999,6.30%
May 21 1999,6.06%
May 20 1999,5.96%
May 19 1999,5.96%
May 18 1999,6.07%
May 17 1999,6.08%
May 14 1999,6.05%
May 13 1999,5.69%
May 12 1999,5.81%
May 11 1999,5.98%
May 10 1999,6.05%
May 7 1999,6.10%
May 6 1999,6.16%
May 5 1999,5.96%
May 4 1999,5.81%
May 3 1999,5.78%
April 30 1999,5.79%
April 29 1999,5.70%
April 28 1999,5.72%
April 27 1999,5.59%
April 26 1999,5.79%
April 23 1999,5.62%
April 22 1999,5.57%
April 21 1999,5.73%
April 20 1999,5.76%
April 19 1999,5.62%
April 16 1999,5.55%
April 15 1999,5.59%
April 14 1999,5.53%
April 13 1999,5.47%
April 12 1999,5.50%
April 9 1999,5.59%
April 8 1999,5.44%
April 7 1999,5.67%
April 6 1999,6.03%
April 5 1999,6.07%
April 1 1999,6.02%
March 31 1999,5.87%
March 30 1999,5.19%
March 29 1999,5.17%
March 26 1999,5.29%
March 25 1999,5.22%
March 24 1999,5.36%
March 23 1999,5.35%
March 22 1999,5.20%
March 19 1999,5.16%
March 18 1999,5.07%
March 17 1999,5.17%
March 16 1999,5.02%
March 15 1999,4.88%
March 12 1999,4.84%
March 11 1999,4.82%
March 10 1999,4.78%
March 9 1999,4.84%
March 8 1999,4.96%
March 5 1999,4.90%
March 4 1999,5.10%
March 3 1999,5.27%
March 2 1999,5.30%
March 1 1999,5.27%
Feb. 26 1999,5.34%
Feb. 25 1999,5.35%
Feb. 24 1999,5.40%
Feb. 23 1999,5.20%
Feb. 22 1999,5.25%
Feb. 19 1999,5.59%
Feb. 18 1999,5.58%
Feb. 17 1999,5.51%
Feb. 16 1999,5.48%
Feb. 12 1999,5.75%
Feb. 11 1999,5.59%
Feb. 10 1999,5.82%
Feb. 9 1999,5.91%
Feb. 8 1999,5.82%
Feb. 5 1999,5.57%
Feb. 4 1999,5.46%
Feb. 3 1999,5.36%
Feb. 2 1999,5.54%
Feb. 1 1999,5.54%
Jan. 29 1999,5.53%
Jan. 28 1999,5.78%
Jan. 27 1999,5.82%
Jan. 26 1999,5.73%
Jan. 25 1999,5.72%
Jan. 22 1999,5.92%
Jan. 21 1999,5.65%
Jan. 20 1999,5.52%
Jan. 19 1999,5.72%
Jan. 15 1999,6.00%
Jan. 14 1999,6.23%
Jan. 13 1999,5.94%
Jan. 12 1999,5.76%
Jan. 11 1999,5.58%
Jan. 8 1999,5.64%
Jan. 7 1999,5.52%
Jan. 6 1999,5.75%
Jan. 5 1999,5.87%
Jan. 4 1999,5.92%
Dec. 31 1998,5.99%
Dec. 30 1998,5.42%
Dec. 29 1998,5.42%
Dec. 28 1998,5.46%
Dec. 24 1998,5.51%
Dec. 23 1998,5.47%
Dec. 22 1998,5.44%
Dec. 21 1998,5.40%
Dec. 18 1998,5.61%
Dec. 17 1998,5.58%
Dec. 16 1998,6.14%
Dec. 15 1998,6.42%
Dec. 14 1998,6.63%
Dec. 11 1998,6.41%
Dec. 10 1998,6.22%
Dec. 9 1998,6.11%
Dec. 8 1998,6.03%
Dec. 7 1998,6.00%
Dec. 4 1998,6.08%
Dec. 3 1998,6.37%
Dec. 2 1998,6.19%
Dec. 1 1998,6.28%
Nov. 30 1998,6.15%
Nov. 27 1998,5.96%
Nov. 25 1998,5.94%
Nov. 24 1998,6.02%
Nov. 23 1998,6.00%
Nov. 20 1998,6.30%
Nov. 19 1998,6.34%
Nov. 18 1998,6.31%
Nov. 17 1998,6.37%
Nov. 16 1998,6.74%
Nov. 13 1998,6.82%
Nov. 12 1998,7.07%
Nov. 11 1998,6.89%
Nov. 10 1998,6.82%
Nov. 9 1998,6.69%
Nov. 6 1998,6.39%
Nov. 5 1998,6.46%
Nov. 4 1998,6.72%
Nov. 3 1998,6.93%
Nov. 2 1998,6.90%
Oct. 30 1998,6.86%
Oct. 29 1998,7.21%
Oct. 28 1998,7.45%
Oct. 27 1998,7.50%
Oct. 26 1998,7.16%
Oct. 23 1998,7.00%
Oct. 22 1998,6.96%
Oct. 21 1998,7.22%
Oct. 20 1998,7.35%
Oct. 19 1998,7.61%
Oct. 16 1998,7.94%
Oct. 15 1998,8.30%
Oct. 14 1998,9.36%
Oct. 13 1998,9.14%
Oct. 12 1998,9.06%
Oct. 9 1998,9.11%
Oct. 8 1998,9.63%
Oct. 7 1998,9.69%
Oct. 6 1998,9.50%
Oct. 5 1998,9.40%
Oct. 2 1998,8.91%
Oct. 1 1998,9.58%
Sept. 30 1998,9.04%
Sept. 29 1998,8.97%
Sept. 28 1998,9.05%
Sept. 25 1998,8.87%
Sept. 24 1998,8.70%
Sept. 23 1998,8.05%
Sept. 22 1998,8.75%
Sept. 21 1998,8.62%
Sept. 18 1998,8.51%
Sept. 17 1998,8.43%
Sept. 16 1998,8.08%
Sept. 15 1998,8.21%
Sept. 14 1998,8.72%
Sept. 11 1998,8.77%
Sept. 10 1998,9.44%
Sept. 9 1998,9.04%
Sept. 8 1998,8.56%
Sept. 4 1998,8.89%
Sept. 3 1998,8.19%
Sept. 2 1998,7.35%
Sept. 1 1998,7.35%
Aug. 31 1998,7.69%
Aug. 28 1998,7.14%
Aug. 27 1998,6.94%
Aug. 26 1998,6.28%
Aug. 25 1998,6.29%
Aug. 24 1998,6.30%
Aug. 21 1998,6.34%
Aug. 20 1998,6.17%
Aug. 19 1998,5.94%
Aug. 18 1998,5.83%
Aug. 17 1998,6.07%
Aug. 14 1998,6.27%
Aug. 13 1998,6.29%
Aug. 12 1998,6.10%
Aug. 11 1998,6.14%
Aug. 10 1998,5.89%
Aug. 7 1998,5.83%
Aug. 6 1998,5.64%
Aug. 5 1998,5.65%
Aug. 4 1998,5.80%
Aug. 3 1998,5.39%
July 31 1998,5.34%
July 30 1998,5.41%
July 29 1998,5.56%
July 28 1998,5.50%
July 27 1998,5.47%
July 24 1998,5.48%
July 23 1998,5.52%
July 22 1998,5.53%
July 21 1998,5.64%
July 20 1998,5.38%
July 17 1998,5.38%
July 16 1998,5.38%
July 15 1998,5.37%
July 14 1998,5.34%
July 13 1998,5.43%
July 10 1998,5.42%
July 9 1998,5.48%
July 8 1998,5.48%
July 7 1998,5.38%
July 6 1998,5.24%
July 2 1998,5.35%
July 1 1998,5.34%
June 30 1998,5.34%
June 29 1998,5.08%
June 26 1998,5.24%
June 25 1998,5.31%
June 24 1998,5.25%
June 23 1998,5.47%
June 22 1998,5.54%
June 19 1998,5.46%
June 18 1998,5.53%
June 17 1998,5.52%
June 16 1998,5.67%
June 15 1998,5.63%
June 12 1998,5.53%
June 11 1998,5.48%
June 10 1998,5.41%
June 9 1998,5.43%
June 8 1998,5.36%
June 5 1998,5.48%
June 4 1998,5.59%
June 3 1998,5.66%
June 2 1998,5.61%
June 1 1998,5.73%
May 29 1998,5.65%
May 28 1998,5.63%
May 27 1998,5.64%
May 26 1998,5.51%
May 22 1998,5.32%
May 21 1998,5.34%
May 20 1998,5.33%
May 19 1998,5.30%
May 18 1998,5.40%
May 15 1998,5.41%
May 14 1998,5.51%
May 13 1998,5.51%
May 12 1998,5.47%
May 11 1998,5.54%
May 8 1998,5.61%
May 7 1998,5.64%
May 6 1998,5.69%
May 5 1998,5.61%
May 4 1998,5.52%
May 1 1998,5.45%
April 30 1998,5.54%
April 29 1998,5.68%
April 28 1998,5.75%
April 27 1998,5.79%
April 24 1998,5.73%
April 23 1998,5.63%
April 22 1998,5.48%
April 21 1998,5.52%
April 20 1998,5.70%
April 17 1998,5.60%
April 16 1998,5.68%
April 15 1998,5.48%
April 14 1998,5.38%
April 13 1998,5.25%
April 9 1998,5.42%
April 8 1998,5.48%
April 7 1998,5.35%
April 6 1998,5.22%
April 3 1998,5.48%
April 2 1998,5.51%
April 1 1998,5.65%
March 31 1998,5.69%
March 30 1998,6.03%
March 27 1998,6.02%
March 26 1998,6.01%
March 25 1998,6.07%
March 24 1998,6.01%
March 23 1998,6.08%
March 20 1998,5.99%
March 19 1998,5.97%
March 18 1998,5.84%
March 17 1998,5.99%
March 16 1998,6.29%
March 13 1998,6.44%
March 12 1998,6.44%
March 11 1998,6.47%
March 10 1998,6.64%
March 9 1998,6.81%
March 6 1998,6.64%
March 5 1998,6.70%
March 4 1998,6.59%
March 3 1998,6.44%
March 2 1998,6.52%
Feb. 27 1998,6.50%
Feb. 26 1998,6.52%
Feb. 25 1998,6.59%
Feb. 24 1998,6.74%
Feb. 23 1998,6.66%
Feb. 20 1998,6.74%
Feb. 19 1998,6.75%
Feb. 18 1998,6.62%
Feb. 17 1998,6.68%
Feb. 13 1998,6.83%
Feb. 12 1998,6.76%
Feb. 11 1998,6.74%
Feb. 10 1998,6.73%
Feb. 9 1998,6.67%
Feb. 6 1998,6.90%
Feb. 5 1998,7.04%
Feb. 4 1998,7.05%
Feb. 3 1998,7.06%
Feb. 2 1998,7.26%
