Dec. 30 2016,-0.0154
Dec. 29 2016,-0.0156
Dec. 28 2016,-0.0156
Dec. 27 2016,-0.0159
Dec. 23 2016,-0.0158
Dec. 22 2016,-0.0159
Dec. 21 2016,-0.0159
Dec. 20 2016,-0.0159
Dec. 19 2016,-0.016
Dec. 16 2016,-0.016
Dec. 15 2016,-0.0159
Dec. 14 2016,-0.0159
Dec. 13 2016,-0.0162
Dec. 12 2016,-0.0158
Dec. 9 2016,-0.0156
Dec. 8 2016,-0.0153
Dec. 7 2016,-0.0154
Dec. 6 2016,-0.0154
Dec. 5 2016,-0.015
Dec. 2 2016,-0.0148
Dec. 1 2016,-0.0148
Nov. 30 2016,-0.0149
Nov. 29 2016,-0.0136
Nov. 28 2016,-0.014
Nov. 25 2016,-0.0141
Nov. 23 2016,-0.0143
Nov. 22 2016,-0.0142
Nov. 21 2016,-0.0143
Nov. 18 2016,-0.0138
Nov. 17 2016,-0.0134
Nov. 16 2016,-0.0137
Nov. 15 2016,-0.0139
Nov. 14 2016,-0.0136
Nov. 11 2016,-0.0135
Nov. 10 2016,-0.0138
Nov. 9 2016,-0.0141
Nov. 8 2016,-0.0136
Nov. 7 2016,-0.0135
Nov. 4 2016,-0.0132
Nov. 3 2016,-0.0134
Nov. 2 2016,-0.0133
Nov. 1 2016,-0.0134
Oct. 31 2016,-0.0134
Oct. 28 2016,-0.0138
Oct. 27 2016,-0.0135
Oct. 26 2016,-0.0129
Oct. 25 2016,-0.0129
Oct. 24 2016,-0.013
Oct. 21 2016,-0.0128
Oct. 20 2016,-0.0128
Oct. 19 2016,-0.0128
Oct. 18 2016,-0.0125
Oct. 17 2016,-0.0127
Oct. 14 2016,-0.0128
Oct. 13 2016,-0.013
Oct. 12 2016,-0.0134
Oct. 11 2016,-0.0133
Oct. 10 2016,-0.0137
Oct. 7 2016,-0.0136
Oct. 6 2016,-0.0137
Oct. 5 2016,-0.0135
Oct. 4 2016,-0.0132
Oct. 3 2016,-0.0134
Sept. 30 2016,-0.0134
Sept. 29 2016,
Sept. 28 2016,
Sept. 27 2016,
Sept. 26 2016,
Sept. 23 2016,
Sept. 22 2016,
Sept. 21 2016,
Sept. 20 2016,
Sept. 19 2016,
Sept. 16 2016,
Sept. 15 2016,
Sept. 14 2016,
Sept. 13 2016,
Sept. 12 2016,
Sept. 9 2016,
Sept. 8 2016,
Sept. 7 2016,
Sept. 6 2016,
Sept. 2 2016,
Sept. 1 2016,
Aug. 31 2016,
Aug. 30 2016,
Aug. 29 2016,
Aug. 26 2016,
Aug. 25 2016,
Aug. 24 2016,
Aug. 23 2016,
Aug. 22 2016,
Aug. 19 2016,
Aug. 18 2016,
Aug. 17 2016,
Aug. 16 2016,
Aug. 15 2016,
Aug. 12 2016,
Aug. 11 2016,
Aug. 10 2016,
Aug. 9 2016,
Aug. 8 2016,
Aug. 5 2016,
Aug. 4 2016,
Aug. 3 2016,
Aug. 2 2016,
Aug. 1 2016,
July 29 2016,
July 28 2016,
July 27 2016,
July 26 2016,
July 25 2016,
July 22 2016,
July 21 2016,
July 20 2016,
July 19 2016,
July 18 2016,
July 15 2016,
July 14 2016,
July 13 2016,
July 12 2016,
July 11 2016,
July 8 2016,
July 7 2016,
July 6 2016,
July 5 2016,
July 1 2016,
June 30 2016,
June 29 2016,
June 28 2016,
June 27 2016,
June 24 2016,
June 23 2016,
June 22 2016,
June 21 2016,
June 20 2016,
June 17 2016,
June 16 2016,
June 15 2016,
June 14 2016,
June 13 2016,
June 10 2016,
June 9 2016,
June 8 2016,
June 7 2016,
June 6 2016,
June 3 2016,
June 2 2016,
June 1 2016,
May 31 2016,
May 27 2016,
May 26 2016,
May 25 2016,
May 24 2016,
May 23 2016,
May 20 2016,
May 19 2016,
May 18 2016,
May 17 2016,
May 16 2016,
May 13 2016,
May 12 2016,
May 11 2016,
May 10 2016,
May 9 2016,
May 6 2016,
May 5 2016,
May 4 2016,
May 3 2016,
May 2 2016,
April 29 2016,
April 28 2016,
April 27 2016,
April 26 2016,
April 25 2016,
April 22 2016,
April 21 2016,
April 20 2016,
April 19 2016,
April 18 2016,
April 15 2016,
April 14 2016,
April 13 2016,
April 12 2016,
April 11 2016,
April 8 2016,
April 7 2016,
April 6 2016,
April 5 2016,
April 4 2016,
April 1 2016,
March 31 2016,
March 30 2016,
March 29 2016,
March 28 2016,
March 24 2016,
March 23 2016,
March 22 2016,
March 21 2016,
March 18 2016,
March 17 2016,
March 16 2016,
March 15 2016,
March 14 2016,
March 11 2016,
March 10 2016,
March 9 2016,
March 8 2016,
March 7 2016,
March 4 2016,
March 3 2016,
March 2 2016,
March 1 2016,
Feb. 29 2016,
Feb. 26 2016,
Feb. 25 2016,
Feb. 24 2016,
Feb. 23 2016,
Feb. 22 2016,
Feb. 19 2016,
Feb. 18 2016,
Feb. 17 2016,
Feb. 16 2016,
Feb. 12 2016,
Feb. 11 2016,
Feb. 10 2016,
Feb. 9 2016,
Feb. 8 2016,
Feb. 5 2016,
Feb. 4 2016,
Feb. 3 2016,
Feb. 2 2016,
Feb. 1 2016,
Jan. 29 2016,
Jan. 28 2016,
Jan. 27 2016,
Jan. 26 2016,
Jan. 25 2016,
Jan. 22 2016,
Jan. 21 2016,
Jan. 20 2016,
Jan. 19 2016,
Jan. 15 2016,
Jan. 14 2016,
Jan. 13 2016,
Jan. 12 2016,
Jan. 11 2016,
Jan. 8 2016,
Jan. 7 2016,
Jan. 6 2016,
Jan. 5 2016,
Jan. 4 2016,
Dec. 31 2015,
Dec. 30 2015,
Dec. 29 2015,
Dec. 28 2015,
Dec. 24 2015,
Dec. 23 2015,
Dec. 22 2015,
Dec. 21 2015,
Dec. 18 2015,
Dec. 17 2015,
Dec. 16 2015,
Dec. 15 2015,
Dec. 14 2015,
Dec. 11 2015,
Dec. 10 2015,
Dec. 9 2015,
Dec. 8 2015,
Dec. 7 2015,
Dec. 4 2015,
Dec. 3 2015,
Dec. 2 2015,
Dec. 1 2015,
Nov. 30 2015,
Nov. 27 2015,
Nov. 25 2015,
Nov. 24 2015,
Nov. 23 2015,
Nov. 20 2015,
Nov. 19 2015,
Nov. 18 2015,
Nov. 17 2015,
Nov. 16 2015,
Nov. 13 2015,
Nov. 12 2015,
Nov. 11 2015,
Nov. 10 2015,
Nov. 9 2015,
Nov. 6 2015,
Nov. 5 2015,
Nov. 4 2015,
Nov. 3 2015,
Nov. 2 2015,
Oct. 30 2015,
Oct. 29 2015,
Oct. 28 2015,
Oct. 27 2015,
Oct. 26 2015,
Oct. 23 2015,
Oct. 22 2015,
Oct. 21 2015,
Oct. 20 2015,
Oct. 19 2015,
Oct. 16 2015,
Oct. 15 2015,
Oct. 14 2015,
Oct. 13 2015,
Oct. 12 2015,
Oct. 9 2015,
Oct. 8 2015,
Oct. 7 2015,
Oct. 6 2015,
Oct. 5 2015,
Oct. 2 2015,
Oct. 1 2015,
Sept. 30 2015,
Sept. 29 2015,
Sept. 28 2015,
Sept. 25 2015,
Sept. 24 2015,
Sept. 23 2015,
Sept. 22 2015,
Sept. 21 2015,
Sept. 18 2015,
Sept. 17 2015,
Sept. 16 2015,
Sept. 15 2015,
Sept. 14 2015,
Sept. 11 2015,
Sept. 10 2015,
Sept. 9 2015,
Sept. 8 2015,
Sept. 4 2015,
Sept. 3 2015,
Sept. 2 2015,
Sept. 1 2015,
Aug. 31 2015,
Aug. 28 2015,
Aug. 27 2015,
Aug. 26 2015,
Aug. 25 2015,
Aug. 24 2015,
Aug. 21 2015,
Aug. 20 2015,
Aug. 19 2015,
Aug. 18 2015,
Aug. 17 2015,
Aug. 14 2015,
Aug. 13 2015,
Aug. 12 2015,
Aug. 11 2015,
Aug. 10 2015,
Aug. 7 2015,
Aug. 6 2015,
Aug. 5 2015,
Aug. 4 2015,
Aug. 3 2015,
July 31 2015,
July 30 2015,
July 29 2015,
July 28 2015,
July 27 2015,
July 24 2015,
July 23 2015,
July 22 2015,
July 21 2015,
July 20 2015,
July 17 2015,
July 16 2015,
July 15 2015,
July 14 2015,
July 13 2015,
July 10 2015,
July 9 2015,
July 8 2015,
July 7 2015,
July 6 2015,
July 2 2015,
July 1 2015,
June 30 2015,
June 29 2015,
June 26 2015,
June 25 2015,
June 24 2015,
June 23 2015,
June 22 2015,
June 19 2015,
June 18 2015,
June 17 2015,
June 16 2015,
June 15 2015,
June 12 2015,
June 11 2015,
June 10 2015,
June 9 2015,
June 8 2015,
June 5 2015,
June 4 2015,
June 3 2015,
June 2 2015,
June 1 2015,
May 29 2015,
May 28 2015,
May 27 2015,
May 26 2015,
May 22 2015,
May 21 2015,
May 20 2015,
May 19 2015,
May 18 2015,
May 15 2015,
May 14 2015,
May 13 2015,
May 12 2015,
May 11 2015,
May 8 2015,
May 7 2015,
May 6 2015,
May 5 2015,
May 4 2015,
May 1 2015,
April 30 2015,
April 29 2015,
April 28 2015,
April 27 2015,
April 24 2015,
April 23 2015,
April 22 2015,
April 21 2015,
April 20 2015,
April 17 2015,
April 16 2015,
April 15 2015,
April 14 2015,
April 13 2015,
April 10 2015,
April 9 2015,
April 8 2015,
April 7 2015,
April 6 2015,
April 2 2015,
April 1 2015,
March 31 2015,
March 30 2015,
March 27 2015,
March 26 2015,
March 25 2015,
March 24 2015,
March 23 2015,
March 20 2015,
March 19 2015,
March 18 2015,
March 17 2015,
March 16 2015,
March 13 2015,
March 12 2015,
March 11 2015,
March 10 2015,
March 9 2015,
March 6 2015,
March 5 2015,
March 4 2015,
March 3 2015,
March 2 2015,
Feb. 27 2015,
Feb. 26 2015,
Feb. 25 2015,
Feb. 24 2015,
Feb. 23 2015,
Feb. 20 2015,
Feb. 19 2015,
Feb. 18 2015,
Feb. 17 2015,
Feb. 13 2015,
Feb. 12 2015,
Feb. 11 2015,
Feb. 10 2015,
Feb. 9 2015,
Feb. 6 2015,
Feb. 5 2015,
Feb. 4 2015,
Feb. 3 2015,
Feb. 2 2015,
Jan. 30 2015,
Jan. 29 2015,
Jan. 28 2015,
Jan. 27 2015,
Jan. 26 2015,
Jan. 23 2015,
Jan. 22 2015,
Jan. 21 2015,
Jan. 20 2015,
Jan. 16 2015,
Jan. 15 2015,
Jan. 14 2015,
Jan. 13 2015,
Jan. 12 2015,
Jan. 9 2015,
Jan. 8 2015,
Jan. 7 2015,
Jan. 6 2015,
Jan. 5 2015,
Jan. 2 2015,
Dec. 31 2014,
Dec. 30 2014,0.6067
Dec. 29 2014,0.6082
Dec. 26 2014,0.6062
Dec. 24 2014,0.6084
Dec. 23 2014,0.6164
Dec. 22 2014,0.6031
Dec. 19 2014,0.6158
Dec. 18 2014,0.6051
Dec. 17 2014,0.5807
Dec. 16 2014,0.5485
Dec. 15 2014,0.5352
Dec. 12 2014,0.5418
Dec. 11 2014,0.5518
Dec. 10 2014,0.5512
Dec. 9 2014,0.5636
Dec. 8 2014,0.5642
Dec. 5 2014,0.5886
Dec. 4 2014,0.6013
Dec. 3 2014,0.6142
Dec. 2 2014,0.6004
Dec. 1 2014,0.5879
Nov. 28 2014,0.5732
Nov. 26 2014,0.6145
Nov. 25 2014,0.6223
Nov. 24 2014,0.6362
Nov. 21 2014,0.6389
Nov. 20 2014,0.6351
Nov. 19 2014,0.6258
Nov. 18 2014,0.6218
Nov. 17 2014,0.6196
Nov. 14 2014,0.6195
Nov. 13 2014,0.6103
Nov. 12 2014,0.6177
Nov. 11 2014,0.6225
Nov. 10 2014,0.6212
Nov. 7 2014,0.626
Nov. 6 2014,0.6187
Nov. 5 2014,0.6062
Nov. 4 2014,0.5966
Nov. 3 2014,0.6121
Oct. 31 2014,0.6259
Oct. 30 2014,0.619
Oct. 29 2014,0.6138
Oct. 28 2014,0.6092
Oct. 27 2014,0.5971
Oct. 24 2014,0.6079
Oct. 23 2014,0.6073
Oct. 22 2014,0.6024
Oct. 21 2014,0.6124
Oct. 20 2014,0.5971
Oct. 17 2014,0.5906
Oct. 16 2014,0.5807
Oct. 15 2014,0.5748
Oct. 14 2014,0.5743
Oct. 13 2014,0.5905
Oct. 10 2014,0.6104
Oct. 9 2014,0.6198
Oct. 8 2014,0.6466
Oct. 7 2014,0.6412
Oct. 6 2014,0.6503
Oct. 3 2014,0.6487
Oct. 2 2014,0.648
Oct. 1 2014,0.6507
Sept. 30 2014,0.6638
Sept. 29 2014,0.4627
Sept. 26 2014,0.4644
Sept. 25 2014,0.4611
Sept. 24 2014,0.4679
Sept. 23 2014,0.4691
Sept. 22 2014,0.4736
Sept. 19 2014,0.4789
Sept. 18 2014,0.4754
Sept. 17 2014,0.4793
Sept. 16 2014,0.48
Sept. 15 2014,0.472
Sept. 12 2014,0.4663
Sept. 11 2014,0.4719
Sept. 10 2014,0.4695
Sept. 9 2014,0.4694
Sept. 8 2014,0.4698
Sept. 5 2014,0.4776
Sept. 4 2014,0.4746
Sept. 3 2014,0.4809
Sept. 2 2014,0.4768
Aug. 29 2014,0.4828
Aug. 28 2014,0.4795
Aug. 27 2014,0.4817
Aug. 26 2014,0.4788
Aug. 25 2014,0.4803
Aug. 22 2014,0.477
Aug. 21 2014,0.4814
Aug. 20 2014,0.4785
Aug. 19 2014,0.475
Aug. 18 2014,0.4716
Aug. 15 2014,0.4792
Aug. 14 2014,0.4766
Aug. 13 2014,0.4808
Aug. 12 2014,0.478
Aug. 11 2014,0.4803
Aug. 8 2014,0.4834
Aug. 7 2014,0.4731
Aug. 6 2014,0.4792
Aug. 5 2014,0.474
Aug. 4 2014,0.4873
Aug. 1 2014,0.4797
July 31 2014,0.4904
July 30 2014,0.5031
July 29 2014,0.5035
July 28 2014,0.5064
July 25 2014,0.5107
July 24 2014,0.5127
July 23 2014,0.5157
July 22 2014,0.5113
July 21 2014,0.5025
July 18 2014,0.5038
July 17 2014,0.5034
July 16 2014,0.5153
July 15 2014,0.5035
July 14 2014,0.5103
July 11 2014,0.5037
July 10 2014,0.5092
July 9 2014,0.51
July 8 2014,0.5114
July 7 2014,0.5118
July 3 2014,0.5136
July 2 2014,0.5104
July 1 2014,0.5119
June 30 2014,0.5096
June 27 2014,0.5998
June 26 2014,0.5995
June 25 2014,0.5972
June 24 2014,0.5914
June 23 2014,0.6005
June 20 2014,0.5954
June 19 2014,0.5912
June 18 2014,0.5875
June 17 2014,0.5841
June 16 2014,0.5837
June 13 2014,0.5795
June 12 2014,0.5779
June 11 2014,0.5716
June 10 2014,0.5693
June 9 2014,0.5639
June 6 2014,0.5638
June 5 2014,0.5583
June 4 2014,0.5566
June 3 2014,0.5567
June 2 2014,0.5543
May 30 2014,0.5576
May 29 2014,0.5548
May 28 2014,0.555
May 27 2014,0.5513
May 23 2014,0.547
May 22 2014,0.5472
May 21 2014,0.5477
May 20 2014,0.5478
May 19 2014,0.547
May 16 2014,0.5444
May 15 2014,0.5448
May 14 2014,0.5477
May 13 2014,0.5485
May 12 2014,0.5469
May 9 2014,0.5415
May 8 2014,0.5371
May 7 2014,0.5448
May 6 2014,0.5376
May 5 2014,0.5363
May 2 2014,0.5337
May 1 2014,0.5233
April 30 2014,0.5183
April 29 2014,0.5209
April 28 2014,0.5207
April 25 2014,0.5189
April 24 2014,0.5195
April 23 2014,0.5163
April 22 2014,0.5173
April 21 2014,0.5203
April 17 2014,0.5215
April 16 2014,0.5146
April 15 2014,0.5087
April 14 2014,0.4988
April 11 2014,0.4943
April 10 2014,0.4862
April 9 2014,0.499
April 8 2014,0.4887
April 7 2014,0.4846
April 4 2014,0.4898
April 3 2014,0.4896
April 2 2014,0.4944
April 1 2014,0.4904
March 31 2014,0.4907
March 28 2014,0.9392
March 27 2014,0.9251
March 26 2014,0.9159
March 25 2014,0.9131
March 24 2014,0.902
March 21 2014,0.9009
March 20 2014,0.9065
March 19 2014,0.9012
March 18 2014,0.9092
March 17 2014,0.8984
March 14 2014,0.8892
March 13 2014,0.8854
March 12 2014,0.8884
March 11 2014,0.8882
March 10 2014,0.893
March 7 2014,0.888
March 6 2014,0.8864
March 5 2014,0.8852
March 4 2014,0.8878
March 3 2014,0.8853
Feb. 28 2014,0.8878
Feb. 27 2014,0.8845
Feb. 26 2014,0.8829
Feb. 25 2014,0.8881
Feb. 24 2014,0.8868
Feb. 21 2014,0.8635
Feb. 20 2014,0.8667
Feb. 19 2014,0.8678
Feb. 18 2014,0.8727
Feb. 14 2014,0.8749
Feb. 13 2014,0.8639
Feb. 12 2014,0.8707
Feb. 11 2014,0.8754
Feb. 10 2014,0.8622
Feb. 7 2014,0.8674
Feb. 6 2014,0.8585
Feb. 5 2014,0.8472
Feb. 4 2014,0.8506
Feb. 3 2014,0.8526
Jan. 31 2014,0.8671
Jan. 30 2014,0.8778
Jan. 29 2014,0.8788
Jan. 28 2014,0.884
Jan. 27 2014,0.8793
Jan. 24 2014,0.8888
Jan. 23 2014,0.9059
Jan. 22 2014,0.9128
Jan. 21 2014,0.9113
Jan. 17 2014,0.9013
Jan. 16 2014,0.9056
Jan. 15 2014,0.9089
Jan. 14 2014,0.9121
Jan. 13 2014,0.9044
Jan. 10 2014,0.9195
Jan. 9 2014,0.9274
Jan. 8 2014,0.9304
Jan. 7 2014,0.9395
Jan. 6 2014,0.938
Jan. 3 2014,0.934
Jan. 2 2014,0.9316
Dec. 31 2013,0.9432
Dec. 30 2013,
Dec. 27 2013,
Dec. 26 2013,
Dec. 24 2013,
Dec. 23 2013,
Dec. 20 2013,
Dec. 19 2013,
Dec. 18 2013,
Dec. 17 2013,
Dec. 16 2013,
Dec. 13 2013,
Dec. 12 2013,
Dec. 11 2013,
Dec. 10 2013,
Dec. 9 2013,
Dec. 6 2013,
Dec. 5 2013,
Dec. 4 2013,
Dec. 3 2013,
Dec. 2 2013,
Nov. 29 2013,
Nov. 27 2013,
Nov. 26 2013,
Nov. 25 2013,
Nov. 22 2013,
Nov. 21 2013,
Nov. 20 2013,
Nov. 19 2013,
Nov. 18 2013,
Nov. 15 2013,
Nov. 14 2013,
Nov. 13 2013,
Nov. 12 2013,
Nov. 11 2013,
Nov. 8 2013,
Nov. 7 2013,
Nov. 6 2013,
Nov. 5 2013,
Nov. 4 2013,
Nov. 1 2013,
Oct. 31 2013,
Oct. 30 2013,
Oct. 29 2013,
Oct. 28 2013,
Oct. 25 2013,
Oct. 24 2013,
Oct. 23 2013,
Oct. 22 2013,
Oct. 21 2013,
Oct. 18 2013,
Oct. 17 2013,
Oct. 16 2013,
Oct. 15 2013,
Oct. 14 2013,
Oct. 11 2013,
Oct. 10 2013,
Oct. 9 2013,
Oct. 8 2013,
Oct. 7 2013,
Oct. 4 2013,
Oct. 3 2013,
Oct. 2 2013,
Oct. 1 2013,
Sept. 30 2013,
Sept. 27 2013,
Sept. 26 2013,
Sept. 25 2013,
Sept. 24 2013,
Sept. 23 2013,
Sept. 20 2013,
Sept. 19 2013,
Sept. 18 2013,
Sept. 17 2013,
Sept. 16 2013,
Sept. 13 2013,
Sept. 12 2013,
Sept. 11 2013,
Sept. 10 2013,
Sept. 9 2013,
Sept. 6 2013,
Sept. 5 2013,
Sept. 4 2013,
Sept. 3 2013,
Aug. 30 2013,
Aug. 29 2013,
Aug. 28 2013,
Aug. 27 2013,
Aug. 26 2013,
Aug. 23 2013,
Aug. 22 2013,
Aug. 21 2013,
Aug. 20 2013,
Aug. 19 2013,
Aug. 16 2013,
Aug. 15 2013,
Aug. 14 2013,
Aug. 13 2013,
Aug. 12 2013,
Aug. 9 2013,
Aug. 8 2013,
Aug. 7 2013,
Aug. 6 2013,
Aug. 5 2013,
Aug. 2 2013,
Aug. 1 2013,
July 31 2013,
July 30 2013,
July 29 2013,
July 26 2013,
July 25 2013,
July 24 2013,
July 23 2013,
July 22 2013,
July 19 2013,
July 18 2013,
July 17 2013,
July 16 2013,
July 15 2013,
July 12 2013,
July 11 2013,
July 10 2013,
July 9 2013,
July 8 2013,
July 5 2013,
July 3 2013,
July 2 2013,
July 1 2013,
June 28 2013,
June 27 2013,
June 26 2013,
June 25 2013,
June 24 2013,
June 21 2013,
June 20 2013,
June 19 2013,
June 18 2013,
June 17 2013,
June 14 2013,
June 13 2013,
June 12 2013,
June 11 2013,
June 10 2013,
June 7 2013,
June 6 2013,
June 5 2013,
June 4 2013,
June 3 2013,
May 31 2013,
May 30 2013,
May 29 2013,
May 28 2013,
May 24 2013,
May 23 2013,
May 22 2013,
May 21 2013,
May 20 2013,
May 17 2013,
May 16 2013,
May 15 2013,
May 14 2013,
May 13 2013,
May 10 2013,
May 9 2013,
May 8 2013,
May 7 2013,
May 6 2013,
May 3 2013,
May 2 2013,
May 1 2013,
April 30 2013,
April 29 2013,
April 26 2013,
April 25 2013,
April 24 2013,
April 23 2013,
April 22 2013,
April 19 2013,
April 18 2013,
April 17 2013,
April 16 2013,
April 15 2013,
April 12 2013,
April 11 2013,
April 10 2013,
April 9 2013,
April 8 2013,
April 5 2013,
April 4 2013,
April 3 2013,
April 2 2013,
April 1 2013,
March 28 2013,
March 27 2013,
March 26 2013,
March 25 2013,
March 22 2013,
March 21 2013,
March 20 2013,
March 19 2013,
March 18 2013,
March 15 2013,
March 14 2013,
March 13 2013,
March 12 2013,
March 11 2013,
March 8 2013,
March 7 2013,
March 6 2013,
March 5 2013,
March 4 2013,
March 1 2013,
Feb. 28 2013,
Feb. 27 2013,
Feb. 26 2013,
Feb. 25 2013,
Feb. 22 2013,
Feb. 21 2013,
Feb. 20 2013,
Feb. 19 2013,
Feb. 15 2013,
Feb. 14 2013,
Feb. 13 2013,
Feb. 12 2013,
Feb. 11 2013,
Feb. 8 2013,
Feb. 7 2013,
Feb. 6 2013,
Feb. 5 2013,
Feb. 4 2013,
Feb. 1 2013,
Jan. 31 2013,
Jan. 30 2013,
Jan. 29 2013,
Jan. 28 2013,
Jan. 25 2013,
Jan. 24 2013,
Jan. 23 2013,
Jan. 22 2013,
Jan. 18 2013,
Jan. 17 2013,
Jan. 16 2013,
Jan. 15 2013,
Jan. 14 2013,
Jan. 11 2013,
Jan. 10 2013,
Jan. 9 2013,
Jan. 8 2013,
Jan. 7 2013,
Jan. 4 2013,
Jan. 3 2013,
Jan. 2 2013,
Dec. 31 2012,
Dec. 28 2012,2.124
Dec. 27 2012,2.155
Dec. 26 2012,2.157
Dec. 24 2012,2.175
Dec. 21 2012,2.182
Dec. 20 2012,2.207
Dec. 19 2012,2.204
Dec. 18 2012,2.207
Dec. 17 2012,2.169
Dec. 14 2012,2.147
Dec. 13 2012,2.154
Dec. 12 2012,2.166
Dec. 11 2012,2.164
Dec. 10 2012,2.154
Dec. 7 2012,2.157
Dec. 6 2012,2.135
Dec. 5 2012,2.128
Dec. 4 2012,2.116
Dec. 3 2012,2.128
Nov. 30 2012,2.120
Nov. 29 2012,2.121
Nov. 28 2012,2.124
Nov. 27 2012,2.091
Nov. 26 2012,2.114
Nov. 23 2012,2.110
Nov. 21 2012,2.086
Nov. 20 2012,2.071
Nov. 19 2012,2.074
Nov. 16 2012,2.048
Nov. 15 2012,2.032
Nov. 14 2012,2.039
Nov. 13 2012,2.060
Nov. 12 2012,2.071
Nov. 9 2012,2.072
Nov. 8 2012,2.079
Nov. 7 2012,2.113
Nov. 6 2012,2.167
Nov. 5 2012,2.142
Nov. 2 2012,2.146
Nov. 1 2012,2.175
Oct. 31 2012,2.153
Oct. 26 2012,2.133
Oct. 25 2012,2.128
Oct. 24 2012,2.083
Oct. 23 2012,2.087
Oct. 22 2012,2.123
Oct. 19 2012,2.138
Oct. 18 2012,2.169
Oct. 17 2012,2.164
Oct. 16 2012,2.145
Oct. 15 2012,2.114
Oct. 12 2012,2.091
Oct. 11 2012,2.108
Oct. 10 2012,2.131
Oct. 9 2012,2.152
Oct. 8 2012,2.145
Oct. 5 2012,2.143
Oct. 4 2012,2.137
Oct. 3 2012,2.113
Oct. 2 2012,2.136
Oct. 1 2012,2.137
Sept. 28 2012,0.9361
Sept. 27 2012,0.9396
Sept. 26 2012,0.9333
Sept. 25 2012,0.9399
Sept. 24 2012,0.9489
Sept. 21 2012,0.9391
Sept. 20 2012,0.9428
Sept. 19 2012,0.9383
Sept. 18 2012,0.9466
Sept. 17 2012,0.9545
Sept. 14 2012,0.953
Sept. 13 2012,0.9438
Sept. 12 2012,0.9256
Sept. 11 2012,0.9229
Sept. 10 2012,0.9198
Sept. 7 2012,0.9273
Sept. 6 2012,0.9134
Sept. 5 2012,0.8983
Sept. 4 2012,0.9202
Aug. 31 2012,0.9297
Aug. 30 2012,0.9186
Aug. 29 2012,0.9225
Aug. 28 2012,0.9243
Aug. 27 2012,0.923
Aug. 24 2012,0.9227
Aug. 23 2012,0.9194
Aug. 22 2012,0.9279
Aug. 21 2012,0.9271
Aug. 20 2012,0.9337
Aug. 17 2012,0.9396
Aug. 16 2012,0.9422
Aug. 15 2012,0.9371
Aug. 14 2012,0.9389
Aug. 13 2012,0.9383
Aug. 10 2012,0.9378
Aug. 9 2012,0.9346
Aug. 8 2012,0.936
Aug. 7 2012,0.9242
Aug. 6 2012,0.915
Aug. 3 2012,0.9121
Aug. 2 2012,0.8947
Aug. 1 2012,0.904
July 31 2012,0.8913
July 30 2012,0.8981
July 27 2012,0.8999
July 26 2012,0.8906
July 25 2012,0.8716
July 24 2012,0.8945
July 23 2012,0.9013
July 20 2012,0.9166
July 19 2012,0.9229
July 18 2012,0.9294
July 17 2012,0.9214
July 16 2012,0.908
July 13 2012,0.9001
July 12 2012,0.8837
July 11 2012,0.89
July 10 2012,0.8755
July 9 2012,0.8895
July 6 2012,0.8963
July 5 2012,0.905
July 3 2012,0.9235
July 2 2012,0.9124
June 29 2012,0.6203
June 28 2012,0.6053
June 27 2012,0.6045
June 26 2012,0.5955
June 25 2012,0.5879
June 22 2012,0.5929
June 21 2012,0.5857
June 20 2012,0.6043
June 19 2012,0.6177
June 18 2012,0.6113
June 15 2012,0.6157
June 14 2012,0.607
June 13 2012,0.6006
June 12 2012,0.6073
June 11 2012,0.5981
June 8 2012,0.5991
June 7 2012,0.5973
June 6 2012,0.5948
June 5 2012,0.5758
June 4 2012,0.5695
June 1 2012,0.5683
May 31 2012,0.579
May 30 2012,0.5777
May 29 2012,0.5914
May 25 2012,0.5785
May 24 2012,0.5788
May 23 2012,0.5736
May 22 2012,0.5736
May 21 2012,0.5747
May 18 2012,0.5642
May 17 2012,0.5683
May 16 2012,0.5808
May 15 2012,0.5831
May 14 2012,0.5876
May 11 2012,0.5939
May 10 2012,0.6019
May 9 2012,0.5936
May 8 2012,0.6029
May 7 2012,0.5922
May 4 2012,0.5902
May 3 2012,0.6023
May 2 2012,0.606
May 1 2012,0.6273
April 30 2012,0.6062
April 27 2012,0.6091
April 26 2012,0.6109
April 25 2012,0.601
April 24 2012,0.6083
April 23 2012,0.6121
April 20 2012,0.6168
April 19 2012,0.6168
April 18 2012,0.6202
April 17 2012,0.6284
April 16 2012,0.6248
April 13 2012,0.6231
April 12 2012,0.6307
April 11 2012,0.6224
April 10 2012,0.6236
April 9 2012,0.6351
April 5 2012,0.6377
April 4 2012,0.6447
April 3 2012,0.6458
April 2 2012,0.6505
March 30 2012,0.371
March 29 2012,0.37
March 28 2012,0.3709
March 27 2012,0.375
March 26 2012,0.3776
March 23 2012,0.3734
March 22 2012,0.3704
March 21 2012,0.3772
March 20 2012,0.3786
March 19 2012,0.3811
March 16 2012,0.3767
March 15 2012,0.374
March 14 2012,0.3783
March 13 2012,0.3795
March 12 2012,0.3773
March 9 2012,0.3766
March 8 2012,0.3769
March 7 2012,0.3759
March 6 2012,0.3731
March 5 2012,0.3786
March 2 2012,0.379
March 1 2012,0.3818
Feb. 29 2012,0.3736
Feb. 28 2012,0.3771
Feb. 27 2012,0.373
Feb. 24 2012,0.3707
Feb. 23 2012,0.3651
Feb. 22 2012,0.3618
Feb. 21 2012,0.3604
Feb. 17 2012,0.3581
Feb. 16 2012,0.3552
Feb. 15 2012,0.3585
Feb. 14 2012,0.3592
Feb. 13 2012,0.3554
Feb. 10 2012,0.3526
Feb. 9 2012,0.3492
Feb. 8 2012,0.3526
Feb. 7 2012,0.351
Feb. 6 2012,0.3481
Feb. 3 2012,0.3439
Feb. 2 2012,0.3412
Feb. 1 2012,0.3383
Jan. 31 2012,0.3329
Jan. 30 2012,0.3354
Jan. 27 2012,0.3387
Jan. 26 2012,0.3394
Jan. 25 2012,0.3416
Jan. 24 2012,0.3446
Jan. 23 2012,0.3444
Jan. 20 2012,0.3475
Jan. 19 2012,0.3479
Jan. 18 2012,0.349
Jan. 17 2012,0.3456
Jan. 13 2012,0.3433
Jan. 12 2012,0.3454
Jan. 11 2012,0.3515
Jan. 10 2012,0.3577
Jan. 9 2012,0.356
Jan. 6 2012,0.3546
Jan. 5 2012,0.3574
Jan. 4 2012,0.3603
Jan. 3 2012,0.362
Dec. 30 2011,0.6796
Dec. 29 2011,0.6796
Dec. 28 2011,0.6698
Dec. 27 2011,0.6803
Dec. 23 2011,0.6755
Dec. 22 2011,0.6691
Dec. 21 2011,0.6587
Dec. 20 2011,0.6508
Dec. 19 2011,0.6328
Dec. 16 2011,0.638
Dec. 15 2011,0.6369
Dec. 14 2011,0.6391
Dec. 13 2011,0.6515
Dec. 12 2011,0.6574
Dec. 9 2011,0.6711
Dec. 8 2011,0.6624
Dec. 7 2011,0.6754
Dec. 6 2011,0.6766
Dec. 5 2011,0.6792
Dec. 2 2011,0.6767
Dec. 1 2011,0.6693
Nov. 30 2011,0.6652
Nov. 29 2011,0.6355
Nov. 28 2011,0.6274
Nov. 25 2011,0.6169
Nov. 23 2011,0.6242
Nov. 22 2011,0.6355
Nov. 21 2011,0.6422
Nov. 18 2011,0.6461
Nov. 17 2011,0.6488
Nov. 16 2011,0.6506
Nov. 15 2011,0.6714
Nov. 14 2011,0.6687
Nov. 11 2011,0.6728
Nov. 10 2011,0.6663
Nov. 9 2011,0.6549
Nov. 8 2011,0.6784
Nov. 7 2011,0.6676
Nov. 4 2011,0.6595
Nov. 3 2011,0.6575
Nov. 2 2011,0.6445
Nov. 1 2011,0.6335
Oct. 31 2011,0.6496
Oct. 28 2011,0.6691
Oct. 27 2011,0.6869
Oct. 26 2011,0.6705
Oct. 25 2011,0.6592
Oct. 24 2011,0.6726
Oct. 21 2011,0.6699
Oct. 20 2011,0.6554
Oct. 19 2011,0.6488
Oct. 18 2011,0.6455
Oct. 17 2011,0.6374
Oct. 14 2011,0.6435
Oct. 13 2011,0.6253
Oct. 12 2011,0.6328
Oct. 11 2011,0.6251
Oct. 10 2011,0.6244
Oct. 7 2011,0.5984
Oct. 6 2011,0.6002
Oct. 5 2011,0.5963
Oct. 4 2011,0.5808
Oct. 3 2011,0.5688
Sept. 30 2011,0.5906
Sept. 29 2011,0.1887
Sept. 28 2011,0.1854
Sept. 27 2011,0.1884
Sept. 26 2011,0.188
Sept. 23 2011,0.1833
Sept. 22 2011,0.1843
Sept. 21 2011,0.1904
Sept. 20 2011,0.1965
Sept. 19 2011,0.1958
Sept. 16 2011,0.1973
Sept. 15 2011,0.1962
Sept. 14 2011,0.1934
Sept. 13 2011,0.1899
Sept. 12 2011,0.1883
Sept. 9 2011,0.1883
Sept. 8 2011,0.1931
Sept. 7 2011,0.1973
Sept. 6 2011,0.1926
Sept. 2 2011,0.1948
Sept. 1 2011,0.1993
Aug. 31 2011,0.1996
Aug. 30 2011,0.1989
Aug. 29 2011,0.1987
Aug. 26 2011,0.1921
Aug. 25 2011,0.1899
Aug. 24 2011,0.1938
Aug. 23 2011,0.1926
Aug. 22 2011,0.1857
Aug. 19 2011,0.1864
Aug. 18 2011,0.187
Aug. 17 2011,0.1959
Aug. 16 2011,0.1951
Aug. 15 2011,0.1978
Aug. 12 2011,0.1936
Aug. 11 2011,0.1921
Aug. 10 2011,0.1838
Aug. 9 2011,0.1893
Aug. 8 2011,0.1815
Aug. 5 2011,0.1986
Aug. 4 2011,0.1962
Aug. 3 2011,0.2069
Aug. 2 2011,0.2071
Aug. 1 2011,0.2111
July 29 2011,0.2111
July 28 2011,0.2133
July 27 2011,0.2144
July 26 2011,0.2158
July 25 2011,0.2186
July 22 2011,0.2206
July 21 2011,0.2223
July 20 2011,0.2202
July 19 2011,0.2211
July 18 2011,0.2212
July 15 2011,0.224
July 14 2011,0.2217
July 13 2011,0.2181
July 12 2011,0.2179
July 11 2011,0.219
July 8 2011,0.2225
July 7 2011,0.225
July 6 2011,0.2229
July 5 2011,0.2224
July 1 2011,0.2225
June 30 2011,0.2204
June 29 2011,0.057
June 28 2011,0.0564
June 27 2011,0.0553
June 24 2011,0.055
June 23 2011,0.0562
June 22 2011,0.0565
June 21 2011,0.0568
June 20 2011,0.0557
June 17 2011,0.0554
June 16 2011,0.0552
June 15 2011,0.0544
June 14 2011,0.0554
June 13 2011,0.0545
June 10 2011,0.0551
June 9 2011,0.0559
June 8 2011,0.055
June 7 2011,0.0546
June 6 2011,0.0546
June 3 2011,0.0558
June 2 2011,0.0556
June 1 2011,0.0557
May 31 2011,0.0564
May 27 2011,0.056
May 26 2011,0.0557
May 25 2011,0.0554
May 24 2011,0.0554
May 23 2011,0.0549
May 20 2011,0.0559
May 19 2011,0.056
May 18 2011,0.0561
May 17 2011,0.0551
May 16 2011,0.055
May 13 2011,0.055
May 12 2011,0.0551
May 11 2011,0.0559
May 10 2011,0.0575
May 9 2011,0.0568
May 6 2011,0.0562
May 5 2011,0.0554
May 4 2011,0.0567
May 3 2011,0.0574
May 2 2011,0.0597
April 29 2011,0.0608
April 28 2011,0.0597
April 27 2011,0.0615
April 26 2011,0.0626
April 25 2011,0.062
April 21 2011,0.0622
April 20 2011,0.0616
April 19 2011,0.0602
April 18 2011,0.0598
April 15 2011,0.0609
April 14 2011,0.0603
April 13 2011,0.0598
April 12 2011,0.0594
April 11 2011,0.0617
April 8 2011,0.0622
April 7 2011,0.0619
April 6 2011,0.062
April 5 2011,0.0619
April 4 2011,0.0614
April 1 2011,0.0614
March 31 2011,0.0615
March 30 2011,0.0505
March 29 2011,0.0494
March 28 2011,0.0498
March 25 2011,0.0503
March 24 2011,0.0499
March 23 2011,0.0492
March 22 2011,0.0484
March 21 2011,0.0486
March 18 2011,0.0472
March 17 2011,0.048
March 16 2011,0.0462
March 15 2011,0.047
March 14 2011,0.0475
March 11 2011,0.0478
March 10 2011,0.0471
March 9 2011,0.0489
March 8 2011,0.0491
March 7 2011,0.0496
March 4 2011,0.0501
March 3 2011,0.0498
March 2 2011,0.049
March 1 2011,0.0487
Feb. 28 2011,0.0488
Feb. 25 2011,0.0484
Feb. 24 2011,0.0484
Feb. 23 2011,0.0492
Feb. 22 2011,0.048
Feb. 18 2011,0.048
Feb. 17 2011,0.0473
Feb. 16 2011,0.0469
Feb. 15 2011,0.046
Feb. 14 2011,0.0462
Feb. 11 2011,0.0448
Feb. 10 2011,0.0439
Feb. 9 2011,0.0443
Feb. 8 2011,0.0451
Feb. 7 2011,0.0453
Feb. 4 2011,0.0449
Feb. 3 2011,0.0451
Feb. 2 2011,0.0452
Feb. 1 2011,0.0449
Jan. 31 2011,0.0448
Jan. 28 2011,0.0442
Jan. 27 2011,0.0435
Jan. 26 2011,0.0434
Jan. 25 2011,0.0423
Jan. 24 2011,0.0427
Jan. 21 2011,0.0424
Jan. 20 2011,0.0421
Jan. 19 2011,0.0424
Jan. 18 2011,0.0426
Jan. 14 2011,0.0424
Jan. 13 2011,0.0421
Jan. 12 2011,0.043
Jan. 11 2011,0.0427
Jan. 10 2011,0.0419
Jan. 7 2011,0.042
Jan. 6 2011,0.0419
Jan. 5 2011,0.0423
Jan. 4 2011,0.0425
Jan. 3 2011,0.0427
Dec. 31 2010,0.0427
Dec. 30 2010,
Dec. 29 2010,
Dec. 28 2010,
Dec. 27 2010,
Dec. 23 2010,
Dec. 22 2010,
Dec. 21 2010,
Dec. 20 2010,
Dec. 17 2010,
Dec. 16 2010,
Dec. 15 2010,
Dec. 14 2010,
Dec. 13 2010,
Dec. 10 2010,
Dec. 9 2010,
Dec. 8 2010,
Dec. 7 2010,
Dec. 6 2010,
Dec. 3 2010,
Dec. 2 2010,
Dec. 1 2010,
Nov. 30 2010,
Nov. 29 2010,
Nov. 26 2010,
Nov. 24 2010,
Nov. 23 2010,
Nov. 22 2010,
Nov. 19 2010,
Nov. 18 2010,
Nov. 17 2010,
Nov. 16 2010,
Nov. 15 2010,
Nov. 12 2010,
Nov. 11 2010,
Nov. 10 2010,
Nov. 9 2010,
Nov. 8 2010,
Nov. 5 2010,
Nov. 4 2010,
Nov. 3 2010,
Nov. 2 2010,
Nov. 1 2010,
Oct. 29 2010,
Oct. 28 2010,
Oct. 27 2010,
Oct. 26 2010,
Oct. 25 2010,
Oct. 22 2010,
Oct. 21 2010,
Oct. 20 2010,
Oct. 19 2010,
Oct. 18 2010,
Oct. 15 2010,
Oct. 14 2010,
Oct. 13 2010,
Oct. 12 2010,
Oct. 11 2010,
Oct. 8 2010,
Oct. 7 2010,
Oct. 6 2010,
Oct. 5 2010,
Oct. 4 2010,
Oct. 1 2010,
Sept. 30 2010,
Sept. 29 2010,
Sept. 28 2010,
Sept. 27 2010,
Sept. 24 2010,
Sept. 23 2010,
Sept. 22 2010,
Sept. 21 2010,
Sept. 20 2010,
Sept. 17 2010,
Sept. 16 2010,
Sept. 15 2010,
Sept. 14 2010,
Sept. 13 2010,
Sept. 10 2010,
Sept. 9 2010,
Sept. 8 2010,
Sept. 7 2010,
Sept. 3 2010,
Sept. 2 2010,
Sept. 1 2010,
Aug. 31 2010,
Aug. 30 2010,
Aug. 27 2010,
Aug. 26 2010,
Aug. 25 2010,
Aug. 24 2010,
Aug. 23 2010,
Aug. 20 2010,
Aug. 19 2010,
Aug. 18 2010,
Aug. 17 2010,
Aug. 16 2010,
Aug. 13 2010,
Aug. 12 2010,
Aug. 11 2010,
Aug. 10 2010,
Aug. 9 2010,
Aug. 6 2010,
Aug. 5 2010,
Aug. 4 2010,
Aug. 3 2010,
Aug. 2 2010,
July 30 2010,
July 29 2010,
July 28 2010,
July 27 2010,
July 26 2010,
July 23 2010,
July 22 2010,
July 21 2010,
July 20 2010,
July 19 2010,
July 16 2010,
July 15 2010,
July 14 2010,
July 13 2010,
July 12 2010,
July 9 2010,
July 8 2010,
July 7 2010,
July 6 2010,
July 2 2010,
July 1 2010,
June 30 2010,
June 29 2010,
June 28 2010,
June 25 2010,
June 24 2010,
June 23 2010,
June 22 2010,
June 21 2010,
June 18 2010,
June 17 2010,
June 16 2010,
June 15 2010,
June 14 2010,
June 11 2010,
June 10 2010,
June 9 2010,
June 8 2010,
June 7 2010,
June 4 2010,
June 3 2010,
June 2 2010,
June 1 2010,
May 28 2010,
May 27 2010,
May 26 2010,
May 25 2010,
May 24 2010,
May 21 2010,
May 20 2010,
May 19 2010,
May 18 2010,
May 17 2010,
May 14 2010,
May 13 2010,
May 12 2010,
May 11 2010,
May 10 2010,
May 7 2010,
May 6 2010,
May 5 2010,
May 4 2010,
May 3 2010,
April 30 2010,
April 29 2010,
April 28 2010,
April 27 2010,
April 26 2010,
April 23 2010,
April 22 2010,
April 21 2010,
April 20 2010,
April 19 2010,
April 16 2010,
April 15 2010,
April 14 2010,
April 13 2010,
April 12 2010,
April 9 2010,
April 8 2010,
April 7 2010,
April 6 2010,
April 5 2010,
April 1 2010,
March 31 2010,
March 30 2010,
March 29 2010,
March 26 2010,
March 25 2010,
March 24 2010,
March 23 2010,
March 22 2010,
March 19 2010,
March 18 2010,
March 17 2010,
March 16 2010,
March 15 2010,
March 12 2010,
March 11 2010,
March 10 2010,
March 9 2010,
March 8 2010,
March 5 2010,
March 4 2010,
March 3 2010,
March 2 2010,
March 1 2010,
Feb. 26 2010,
Feb. 25 2010,
Feb. 24 2010,
Feb. 23 2010,
Feb. 22 2010,
Feb. 19 2010,
Feb. 18 2010,
Feb. 17 2010,
Feb. 16 2010,
Feb. 12 2010,
Feb. 11 2010,
Feb. 10 2010,
Feb. 9 2010,
Feb. 8 2010,
Feb. 5 2010,
Feb. 4 2010,
Feb. 3 2010,
Feb. 2 2010,
Feb. 1 2010,
Jan. 29 2010,
Jan. 28 2010,
Jan. 27 2010,
Jan. 26 2010,
Jan. 25 2010,
Jan. 22 2010,
Jan. 21 2010,
Jan. 20 2010,
Jan. 19 2010,
Jan. 15 2010,
Jan. 14 2010,
Jan. 13 2010,
Jan. 12 2010,
Jan. 11 2010,
Jan. 8 2010,
Jan. 7 2010,
Jan. 6 2010,
Jan. 5 2010,
Jan. 4 2010,
Dec. 31 2009,
Dec. 30 2009,
Dec. 29 2009,
Dec. 28 2009,
Dec. 24 2009,
Dec. 23 2009,
Dec. 22 2009,
Dec. 21 2009,
Dec. 18 2009,
Dec. 17 2009,
Dec. 16 2009,
Dec. 15 2009,
Dec. 14 2009,
Dec. 11 2009,
Dec. 10 2009,
Dec. 9 2009,
Dec. 8 2009,
Dec. 7 2009,
Dec. 4 2009,
Dec. 3 2009,
Dec. 2 2009,
Dec. 1 2009,
Nov. 30 2009,
Nov. 27 2009,
Nov. 25 2009,
Nov. 24 2009,
Nov. 23 2009,
Nov. 20 2009,
Nov. 19 2009,
Nov. 18 2009,
Nov. 17 2009,
Nov. 16 2009,
Nov. 13 2009,
Nov. 12 2009,
Nov. 11 2009,
Nov. 10 2009,
Nov. 9 2009,
Nov. 6 2009,
Nov. 5 2009,
Nov. 4 2009,
Nov. 3 2009,
Nov. 2 2009,
Oct. 30 2009,
Oct. 29 2009,
Oct. 28 2009,
Oct. 27 2009,
Oct. 26 2009,
Oct. 23 2009,
Oct. 22 2009,
Oct. 21 2009,
Oct. 20 2009,
Oct. 19 2009,
Oct. 16 2009,
Oct. 15 2009,
Oct. 14 2009,
Oct. 13 2009,
Oct. 12 2009,
Oct. 9 2009,
Oct. 8 2009,
Oct. 7 2009,
Oct. 6 2009,
Oct. 5 2009,
Oct. 2 2009,
Oct. 1 2009,
Sept. 30 2009,
Sept. 29 2009,
Sept. 28 2009,
Sept. 25 2009,
Sept. 24 2009,
Sept. 23 2009,
Sept. 22 2009,
Sept. 21 2009,
Sept. 18 2009,
Sept. 17 2009,
Sept. 16 2009,
Sept. 15 2009,
Sept. 14 2009,
Sept. 11 2009,
Sept. 10 2009,
Sept. 9 2009,
Sept. 8 2009,
Sept. 4 2009,
Sept. 3 2009,
Sept. 2 2009,
Sept. 1 2009,
Aug. 31 2009,
Aug. 28 2009,
Aug. 27 2009,
Aug. 26 2009,
Aug. 25 2009,
Aug. 24 2009,
Aug. 21 2009,
Aug. 20 2009,
Aug. 19 2009,
Aug. 18 2009,
Aug. 17 2009,
Aug. 14 2009,
Aug. 13 2009,
Aug. 12 2009,
Aug. 11 2009,
Aug. 10 2009,
Aug. 7 2009,
Aug. 6 2009,
Aug. 5 2009,
Aug. 4 2009,
Aug. 3 2009,
July 31 2009,
July 30 2009,
July 29 2009,
July 28 2009,
July 27 2009,
July 24 2009,
July 23 2009,
July 22 2009,
July 21 2009,
July 20 2009,
July 17 2009,
July 16 2009,
July 15 2009,
July 14 2009,
July 13 2009,
July 10 2009,
July 9 2009,
July 8 2009,
July 7 2009,
July 6 2009,
July 2 2009,
July 1 2009,
June 30 2009,
June 29 2009,
June 26 2009,
June 25 2009,
June 24 2009,
June 23 2009,
June 22 2009,
June 19 2009,
June 18 2009,
June 17 2009,
June 16 2009,
June 15 2009,
June 12 2009,
June 11 2009,
June 10 2009,
June 9 2009,
June 8 2009,
June 5 2009,
June 4 2009,
June 3 2009,
June 2 2009,
June 1 2009,
May 29 2009,
May 28 2009,
May 27 2009,
May 26 2009,
May 22 2009,
May 21 2009,
May 20 2009,
May 19 2009,
May 18 2009,
May 15 2009,
May 14 2009,
May 13 2009,
May 12 2009,
May 11 2009,
May 8 2009,
May 7 2009,
May 6 2009,
May 5 2009,
May 4 2009,
May 1 2009,
April 30 2009,
April 29 2009,
April 28 2009,
April 27 2009,
April 24 2009,
April 23 2009,
April 22 2009,
April 21 2009,
April 20 2009,
April 17 2009,
April 16 2009,
April 15 2009,
April 14 2009,
April 13 2009,
April 9 2009,
April 8 2009,
April 7 2009,
April 6 2009,
April 3 2009,
April 2 2009,
April 1 2009,
March 31 2009,
March 30 2009,
March 27 2009,
March 26 2009,
March 25 2009,
March 24 2009,
March 23 2009,
March 20 2009,
March 19 2009,
March 18 2009,
March 17 2009,
March 16 2009,
March 13 2009,
March 12 2009,
March 11 2009,
March 10 2009,
March 9 2009,
March 6 2009,
March 5 2009,
March 4 2009,
March 3 2009,
March 2 2009,
Feb. 27 2009,
Feb. 26 2009,
Feb. 25 2009,
Feb. 24 2009,
Feb. 23 2009,
Feb. 20 2009,
Feb. 19 2009,
Feb. 18 2009,
Feb. 17 2009,
Feb. 13 2009,
Feb. 12 2009,
Feb. 11 2009,
Feb. 10 2009,
Feb. 9 2009,
Feb. 6 2009,
Feb. 5 2009,
Feb. 4 2009,
Feb. 3 2009,
Feb. 2 2009,
Jan. 30 2009,
Jan. 29 2009,
Jan. 28 2009,
Jan. 27 2009,
Jan. 26 2009,
Jan. 23 2009,
Jan. 22 2009,
Jan. 21 2009,
Jan. 20 2009,
Jan. 16 2009,
Jan. 15 2009,
Jan. 14 2009,
Jan. 13 2009,
Jan. 12 2009,
Jan. 9 2009,
Jan. 8 2009,
Jan. 7 2009,
Jan. 6 2009,
Jan. 5 2009,
Jan. 2 2009,
Dec. 31 2008,
Dec. 30 2008,0.0357
Dec. 29 2008,0.034
Dec. 26 2008,0.0337
Dec. 24 2008,0.0333
Dec. 23 2008,0.0336
Dec. 22 2008,0.0344
Dec. 19 2008,0.0352
Dec. 18 2008,0.0357
Dec. 17 2008,0.037
Dec. 16 2008,0.0375
Dec. 15 2008,0.036
Dec. 12 2008,0.0356
Dec. 11 2008,0.0366
Dec. 10 2008,0.037
Dec. 9 2008,0.0355
Dec. 8 2008,0.0353
Dec. 5 2008,0.0331
Dec. 4 2008,0.0321
Dec. 3 2008,0.0345
Dec. 2 2008,0.0343
Dec. 1 2008,0.0333
Nov. 28 2008,0.0364
Nov. 26 2008,0.0379
Nov. 25 2008,0.0355
Nov. 24 2008,0.0343
Nov. 21 2008,0.0325
Nov. 20 2008,0.029
Nov. 19 2008,0.0321
Nov. 18 2008,0.0346
Nov. 17 2008,0.0324
Nov. 14 2008,0.0329
Nov. 13 2008,0.0341
Nov. 12 2008,0.0309
Nov. 11 2008,0.034
Nov. 10 2008,0.0353
Nov. 7 2008,0.0358
Nov. 6 2008,0.0341
Nov. 5 2008,0.0371
Nov. 4 2008,0.0387
Nov. 3 2008,0.0358
Oct. 31 2008,0.0361
Oct. 30 2008,0.036
Oct. 29 2008,0.0348
Oct. 28 2008,0.0348
Oct. 27 2008,0.0316
Oct. 24 2008,0.0336
Oct. 23 2008,0.0357
Oct. 22 2008,0.034
Oct. 21 2008,0.0374
Oct. 20 2008,0.04
Oct. 17 2008,0.0364
Oct. 16 2008,0.036
Oct. 15 2008,0.034
Oct. 14 2008,0.0395
Oct. 13 2008,0.039
Oct. 10 2008,0.0334
Oct. 9 2008,0.0373
Oct. 8 2008,0.043
Oct. 7 2008,0.0424
Oct. 6 2008,0.0449
Oct. 3 2008,0.0459
Oct. 2 2008,0.047
Oct. 1 2008,0.049
Sept. 30 2008,0.0508
Sept. 29 2008,0.0685
Sept. 26 2008,0.0753
Sept. 25 2008,0.0759
Sept. 24 2008,0.074
Sept. 23 2008,0.0737
Sept. 22 2008,0.0768
Sept. 19 2008,0.0774
Sept. 18 2008,0.0714
Sept. 17 2008,0.0685
Sept. 16 2008,0.0714
Sept. 15 2008,0.0679
Sept. 12 2008,0.0725
Sept. 11 2008,0.0716
Sept. 10 2008,0.071
Sept. 9 2008,0.0675
Sept. 8 2008,0.0738
Sept. 5 2008,0.0745
Sept. 4 2008,0.0756
Sept. 3 2008,0.0781
Sept. 2 2008,0.0781
Aug. 29 2008,0.0815
Aug. 28 2008,0.0823
Aug. 27 2008,0.0825
Aug. 26 2008,0.0814
Aug. 25 2008,0.0808
Aug. 22 2008,0.0822
Aug. 21 2008,0.084
Aug. 20 2008,0.0799
Aug. 19 2008,0.0783
Aug. 18 2008,0.0761
Aug. 15 2008,0.0767
Aug. 14 2008,0.0784
Aug. 13 2008,0.0814
Aug. 12 2008,0.079
Aug. 11 2008,0.0793
Aug. 8 2008,0.0799
Aug. 7 2008,0.0798
Aug. 6 2008,0.0804
Aug. 5 2008,0.0789
Aug. 4 2008,0.0785
Aug. 1 2008,0.0802
July 31 2008,0.0806
July 30 2008,0.0837
July 29 2008,0.0793
July 28 2008,0.0813
July 25 2008,0.081
July 24 2008,0.0808
July 23 2008,0.0808
July 22 2008,0.0833
July 21 2008,0.0848
July 18 2008,0.0829
July 17 2008,0.0819
July 16 2008,0.0822
July 15 2008,0.0838
July 14 2008,0.0874
July 11 2008,0.0871
July 10 2008,0.089
July 9 2008,0.0866
July 8 2008,0.0881
July 7 2008,0.0893
July 3 2008,0.0907
July 2 2008,0.0897
July 1 2008,0.0933
June 30 2008,0.0933
June 27 2008,
June 26 2008,
June 25 2008,
June 24 2008,
June 23 2008,
June 20 2008,
June 19 2008,
June 18 2008,
June 17 2008,
June 16 2008,
June 13 2008,
June 12 2008,
June 11 2008,
June 10 2008,
June 9 2008,
June 6 2008,
June 5 2008,
June 4 2008,
June 3 2008,
June 2 2008,
May 30 2008,
May 29 2008,
May 28 2008,
May 27 2008,
May 23 2008,
May 22 2008,
May 21 2008,
May 20 2008,
May 19 2008,
May 16 2008,
May 15 2008,
May 14 2008,
May 13 2008,
May 12 2008,
May 9 2008,
May 8 2008,
May 7 2008,
May 6 2008,
May 5 2008,
May 2 2008,
May 1 2008,
April 30 2008,
April 29 2008,
April 28 2008,
April 25 2008,
April 24 2008,
April 23 2008,
April 22 2008,
April 21 2008,
April 18 2008,
April 17 2008,
April 16 2008,
April 15 2008,
April 14 2008,
April 11 2008,
April 10 2008,
April 9 2008,
April 8 2008,
April 7 2008,
April 4 2008,
April 3 2008,
April 2 2008,
April 1 2008,
March 31 2008,
March 28 2008,
March 27 2008,
March 26 2008,
March 25 2008,
March 24 2008,
March 20 2008,
March 19 2008,
March 18 2008,
March 17 2008,
March 14 2008,
March 13 2008,
March 12 2008,
March 11 2008,
March 10 2008,
March 7 2008,
March 6 2008,
March 5 2008,
March 4 2008,
March 3 2008,
Feb. 29 2008,
Feb. 28 2008,
Feb. 27 2008,
Feb. 26 2008,
Feb. 25 2008,
Feb. 22 2008,
Feb. 21 2008,
Feb. 20 2008,
Feb. 19 2008,
Feb. 15 2008,
Feb. 14 2008,
Feb. 13 2008,
Feb. 12 2008,
Feb. 11 2008,
Feb. 8 2008,
Feb. 7 2008,
Feb. 6 2008,
Feb. 5 2008,
Feb. 4 2008,
Feb. 1 2008,
Jan. 31 2008,
Jan. 30 2008,
Jan. 29 2008,
Jan. 28 2008,
Jan. 25 2008,
Jan. 24 2008,
Jan. 23 2008,
Jan. 22 2008,
Jan. 18 2008,
Jan. 17 2008,
Jan. 16 2008,
Jan. 15 2008,
Jan. 14 2008,
Jan. 11 2008,
Jan. 10 2008,
Jan. 9 2008,
Jan. 8 2008,
Jan. 7 2008,
Jan. 4 2008,
Jan. 3 2008,
Jan. 2 2008,
Dec. 31 2007,
Dec. 28 2007,
Dec. 27 2007,
Dec. 26 2007,
Dec. 24 2007,
Dec. 21 2007,
Dec. 20 2007,
Dec. 19 2007,
Dec. 18 2007,
Dec. 17 2007,
Dec. 14 2007,
Dec. 13 2007,
Dec. 12 2007,
Dec. 11 2007,
Dec. 10 2007,
Dec. 7 2007,
Dec. 6 2007,
Dec. 5 2007,
Dec. 4 2007,
Dec. 3 2007,
Nov. 30 2007,
Nov. 29 2007,
Nov. 28 2007,
Nov. 27 2007,
Nov. 26 2007,
Nov. 23 2007,
Nov. 21 2007,
Nov. 20 2007,
Nov. 19 2007,
Nov. 16 2007,
Nov. 15 2007,
Nov. 14 2007,
Nov. 13 2007,
Nov. 12 2007,
Nov. 9 2007,
Nov. 8 2007,
Nov. 7 2007,
Nov. 6 2007,
Nov. 5 2007,
Nov. 2 2007,
Nov. 1 2007,
Oct. 31 2007,
Oct. 30 2007,
Oct. 29 2007,
Oct. 26 2007,
Oct. 25 2007,
Oct. 24 2007,
Oct. 23 2007,
Oct. 22 2007,
Oct. 19 2007,
Oct. 18 2007,
Oct. 17 2007,
Oct. 16 2007,
Oct. 15 2007,
Oct. 12 2007,
Oct. 11 2007,
Oct. 10 2007,
Oct. 9 2007,
Oct. 8 2007,
Oct. 5 2007,
Oct. 4 2007,
Oct. 3 2007,
Oct. 2 2007,
Oct. 1 2007,
Sept. 28 2007,
Sept. 27 2007,
Sept. 26 2007,
Sept. 25 2007,
Sept. 24 2007,
Sept. 21 2007,
Sept. 20 2007,
Sept. 19 2007,
Sept. 18 2007,
Sept. 17 2007,
Sept. 14 2007,
Sept. 13 2007,
Sept. 12 2007,
Sept. 11 2007,
Sept. 10 2007,
Sept. 7 2007,
Sept. 6 2007,
Sept. 5 2007,
Sept. 4 2007,
Aug. 31 2007,
Aug. 30 2007,
Aug. 29 2007,
Aug. 28 2007,
Aug. 27 2007,
Aug. 24 2007,
Aug. 23 2007,
Aug. 22 2007,
Aug. 21 2007,
Aug. 20 2007,
Aug. 17 2007,
Aug. 16 2007,
Aug. 15 2007,
Aug. 14 2007,
Aug. 13 2007,
Aug. 10 2007,
Aug. 9 2007,
Aug. 8 2007,
Aug. 7 2007,
Aug. 6 2007,
Aug. 3 2007,
Aug. 2 2007,
Aug. 1 2007,
July 31 2007,
July 30 2007,
July 27 2007,
July 26 2007,
July 25 2007,
July 24 2007,
July 23 2007,
July 20 2007,
July 19 2007,
July 18 2007,
July 17 2007,
July 16 2007,
July 13 2007,
July 12 2007,
July 11 2007,
July 10 2007,
July 9 2007,
July 6 2007,
July 5 2007,
July 3 2007,
July 2 2007,
June 29 2007,
June 28 2007,
June 27 2007,
June 26 2007,
June 25 2007,
June 22 2007,
June 21 2007,
June 20 2007,
June 19 2007,
June 18 2007,
June 15 2007,
June 14 2007,
June 13 2007,
June 12 2007,
June 11 2007,
June 8 2007,
June 7 2007,
June 6 2007,
June 5 2007,
June 4 2007,
June 1 2007,
May 31 2007,
May 30 2007,
May 29 2007,
May 25 2007,
May 24 2007,
May 23 2007,
May 22 2007,
May 21 2007,
May 18 2007,
May 17 2007,
May 16 2007,
May 15 2007,
May 14 2007,
May 11 2007,
May 10 2007,
May 9 2007,
May 8 2007,
May 7 2007,
May 4 2007,
May 3 2007,
May 2 2007,
May 1 2007,
April 30 2007,
April 27 2007,
April 26 2007,
April 25 2007,
April 24 2007,
April 23 2007,
April 20 2007,
April 19 2007,
April 18 2007,
April 17 2007,
April 16 2007,
April 13 2007,
April 12 2007,
April 11 2007,
April 10 2007,
April 9 2007,
April 5 2007,
April 4 2007,
April 3 2007,
April 2 2007,
March 30 2007,7.389
March 29 2007,7.478
March 28 2007,7.486
March 27 2007,7.512
March 26 2007,7.520
March 23 2007,7.487
March 22 2007,7.425
March 21 2007,7.262
March 20 2007,7.169
March 19 2007,7.098
March 16 2007,7.064
March 15 2007,7.192
March 14 2007,7.342
March 13 2007,7.199
March 12 2007,7.269
March 9 2007,7.330
March 8 2007,7.305
March 7 2007,7.261
March 6 2007,7.116
March 5 2007,6.972
March 2 2007,7.020
March 1 2007,7.130
Feb. 28 2007,7.062
Feb. 27 2007,7.033
Feb. 26 2007,7.347
Feb. 23 2007,7.265
Feb. 22 2007,7.230
Feb. 21 2007,7.167
Feb. 20 2007,7.090
Feb. 16 2007,7.152
Feb. 15 2007,7.153
Feb. 14 2007,7.293
Feb. 13 2007,7.273
Feb. 12 2007,7.138
Feb. 9 2007,7.242
Feb. 8 2007,7.229
Feb. 7 2007,7.160
Feb. 6 2007,7.204
Feb. 5 2007,7.248
Feb. 2 2007,7.275
Feb. 1 2007,7.277
Jan. 31 2007,7.180
Jan. 30 2007,7.098
Jan. 29 2007,6.986
Jan. 26 2007,7.002
Jan. 25 2007,6.926
Jan. 24 2007,7.094
Jan. 23 2007,7.024
Jan. 22 2007,6.852
Jan. 19 2007,6.914
Jan. 18 2007,6.769
Jan. 17 2007,6.870
Jan. 16 2007,6.790
Jan. 12 2007,6.901
Jan. 11 2007,6.683
Jan. 10 2007,6.976
Jan. 9 2007,7.190
Jan. 8 2007,7.384
Jan. 5 2007,7.289
Jan. 4 2007,7.143
Jan. 3 2007,7.372
Dec. 29 2006,0.2716
Dec. 28 2006,0.2743
Dec. 27 2006,0.2723
Dec. 26 2006,0.2706
Dec. 22 2006,0.2682
Dec. 21 2006,0.272
Dec. 20 2006,0.2736
Dec. 19 2006,0.2756
Dec. 18 2006,0.2736
Dec. 15 2006,0.2747
Dec. 14 2006,0.2758
Dec. 13 2006,0.268
Dec. 12 2006,0.2665
Dec. 11 2006,0.267
Dec. 8 2006,0.2681
Dec. 7 2006,0.263
Dec. 6 2006,0.26
Dec. 5 2006,0.257
Dec. 4 2006,0.2539
Dec. 1 2006,0.2543
Nov. 30 2006,0.254
Nov. 29 2006,0.2508
Nov. 28 2006,0.245
Nov. 27 2006,0.2423
Nov. 24 2006,0.2426
Nov. 22 2006,0.2434
Nov. 21 2006,0.2428
Nov. 20 2006,0.2371
Nov. 17 2006,0.2366
Nov. 16 2006,0.235
Nov. 15 2006,0.2415
Nov. 14 2006,0.2395
Nov. 13 2006,0.238
Nov. 10 2006,0.2381
Nov. 9 2006,0.2389
Nov. 8 2006,0.2354
Nov. 7 2006,0.2302
Nov. 6 2006,0.2304
Nov. 3 2006,0.2301
Nov. 2 2006,0.2253
Nov. 1 2006,0.2253
Oct. 31 2006,0.2274
Oct. 30 2006,0.2257
Oct. 27 2006,0.2309
Oct. 26 2006,0.2348
Oct. 25 2006,0.2368
Oct. 24 2006,0.2317
Oct. 23 2006,0.2291
Oct. 20 2006,0.2297
Oct. 19 2006,0.2307
Oct. 18 2006,0.2277
Oct. 17 2006,0.2295
Oct. 16 2006,0.2306
Oct. 13 2006,0.2266
Oct. 12 2006,0.222
Oct. 11 2006,0.2175
Oct. 10 2006,0.2196
Oct. 9 2006,0.2169
Oct. 6 2006,0.2189
Oct. 5 2006,0.2185
Oct. 4 2006,0.2143
Oct. 3 2006,0.2115
Oct. 2 2006,0.221
Sept. 29 2006,0.0948
Sept. 28 2006,0.0938
Sept. 27 2006,0.0941
Sept. 26 2006,0.093
Sept. 25 2006,0.0912
Sept. 22 2006,0.0924
Sept. 21 2006,0.0927
Sept. 20 2006,0.0911
Sept. 19 2006,0.0928
Sept. 18 2006,0.094
Sept. 15 2006,0.0925
Sept. 14 2006,0.093
Sept. 13 2006,0.0942
Sept. 12 2006,0.0926
Sept. 11 2006,0.0936
Sept. 8 2006,0.0961
Sept. 7 2006,0.0979
Sept. 6 2006,0.0983
Sept. 5 2006,0.1023
Sept. 1 2006,0.1023
Aug. 31 2006,0.101
Aug. 30 2006,0.1011
Aug. 29 2006,0.103
Aug. 28 2006,0.1046
Aug. 25 2006,0.1055
Aug. 24 2006,0.1049
Aug. 23 2006,0.1051
Aug. 22 2006,0.1068
Aug. 21 2006,0.1065
Aug. 18 2006,0.1057
Aug. 17 2006,0.1055
Aug. 16 2006,0.1062
Aug. 15 2006,0.1066
Aug. 14 2006,0.1064
Aug. 11 2006,0.1089
Aug. 10 2006,0.1084
Aug. 9 2006,0.1097
Aug. 8 2006,0.1077
Aug. 7 2006,0.1076
Aug. 4 2006,0.1091
Aug. 3 2006,0.1095
Aug. 2 2006,0.1099
Aug. 1 2006,0.1093
July 31 2006,0.1093
July 28 2006,0.1082
July 27 2006,0.1083
July 26 2006,0.1092
July 25 2006,0.1074
July 24 2006,0.1047
July 21 2006,0.1013
July 20 2006,0.1026
July 19 2006,0.1049
July 18 2006,0.1041
July 17 2006,0.1037
July 14 2006,0.1074
July 13 2006,0.1068
July 12 2006,0.1082
July 11 2006,0.1081
July 10 2006,0.1072
July 7 2006,0.107
July 6 2006,0.1076
July 5 2006,0.1076
July 3 2006,0.1064
June 30 2006,0.1043
June 29 2006,0.108
June 28 2006,0.105
June 27 2006,0.1028
June 26 2006,0.1017
June 23 2006,0.1003
June 22 2006,0.0995
June 21 2006,0.098
June 20 2006,0.0963
June 19 2006,0.097
June 16 2006,0.1002
June 15 2006,0.1011
June 14 2006,0.0974
June 13 2006,0.0948
June 12 2006,0.0977
June 9 2006,0.0992
June 8 2006,0.10
June 7 2006,0.0991
June 6 2006,0.1014
June 5 2006,0.1024
June 2 2006,0.1056
June 1 2006,0.1043
May 31 2006,0.1036
May 30 2006,0.1015
May 26 2006,0.1039
May 25 2006,0.1028
May 24 2006,0.1001
May 23 2006,0.1027
May 22 2006,0.1025
May 19 2006,0.1027
May 18 2006,0.1023
May 17 2006,0.104
May 16 2006,0.1059
May 15 2006,0.104
May 12 2006,0.1068
May 11 2006,0.1095
May 10 2006,0.1109
May 9 2006,0.11
May 8 2006,0.1097
May 5 2006,0.1095
May 4 2006,0.109
May 3 2006,0.1105
May 2 2006,0.1133
May 1 2006,0.111
April 28 2006,0.1096
April 27 2006,0.1084
April 26 2006,0.11
April 25 2006,0.1118
April 24 2006,0.1144
April 21 2006,0.1187
April 20 2006,0.1144
April 19 2006,0.1159
April 18 2006,0.1157
April 17 2006,0.1119
April 13 2006,0.11
April 12 2006,0.1103
April 11 2006,0.1103
April 10 2006,0.1092
April 7 2006,0.108
April 6 2006,0.1101
April 5 2006,0.109
April 4 2006,0.1067
April 3 2006,0.1055
March 31 2006,0.1034
March 30 2006,0.0794
March 29 2006,0.0798
March 28 2006,0.0785
March 27 2006,0.0777
March 24 2006,0.0761
March 23 2006,0.0753
March 22 2006,0.0745
March 21 2006,0.0733
March 20 2006,0.0743
March 17 2006,0.0756
March 16 2006,0.0768
March 15 2006,0.076
March 14 2006,0.0749
March 13 2006,0.0741
March 10 2006,0.0728
March 9 2006,0.0729
March 8 2006,0.0734
March 7 2006,0.0733
March 6 2006,0.0746
March 3 2006,0.077
March 2 2006,0.0773
March 1 2006,0.0761
Feb. 28 2006,0.0751
Feb. 27 2006,0.0762
Feb. 24 2006,0.0773
Feb. 23 2006,0.0757
Feb. 22 2006,0.0763
Feb. 21 2006,0.0774
Feb. 17 2006,0.0753
Feb. 16 2006,0.0738
Feb. 15 2006,0.0723
Feb. 14 2006,0.0729
Feb. 13 2006,0.0732
Feb. 10 2006,0.0731
Feb. 9 2006,0.0731
Feb. 8 2006,0.0742
Feb. 7 2006,0.074
Feb. 6 2006,0.0773
Feb. 3 2006,0.077
Feb. 2 2006,0.0792
Feb. 1 2006,0.0794
Jan. 31 2006,0.0797
Jan. 30 2006,0.0804
Jan. 27 2006,0.0802
Jan. 26 2006,0.0788
Jan. 25 2006,0.0783
Jan. 24 2006,0.0794
Jan. 23 2006,0.08
Jan. 20 2006,0.0796
Jan. 19 2006,0.0791
Jan. 18 2006,0.0787
Jan. 17 2006,0.0792
Jan. 13 2006,0.0749
Jan. 12 2006,0.0749
Jan. 11 2006,0.0749
Jan. 10 2006,0.0749
Jan. 9 2006,0.075
Jan. 6 2006,0.075
Jan. 5 2006,0.0733
Jan. 4 2006,0.0739
Jan. 3 2006,0.0745
Dec. 30 2005,0.0646
Dec. 29 2005,0.0641
Dec. 28 2005,0.0647
Dec. 27 2005,0.0638
Dec. 23 2005,0.0657
Dec. 22 2005,0.066
Dec. 21 2005,0.0659
Dec. 20 2005,0.0655
Dec. 19 2005,0.0651
Dec. 16 2005,0.0637
Dec. 15 2005,0.0652
Dec. 14 2005,0.0647
Dec. 13 2005,0.0646
Dec. 12 2005,0.068
Dec. 9 2005,0.07
Dec. 8 2005,0.071
Dec. 7 2005,0.0701
Dec. 6 2005,0.0707
Dec. 5 2005,0.0699
Dec. 2 2005,0.0693
Dec. 1 2005,0.0699
Nov. 30 2005,0.0672
Nov. 29 2005,0.068
Nov. 28 2005,0.0685
Nov. 25 2005,0.071
Nov. 23 2005,0.0712
Nov. 22 2005,0.0715
Nov. 21 2005,0.0713
Nov. 18 2005,0.0691
Nov. 17 2005,0.07
Nov. 16 2005,0.0718
Nov. 15 2005,0.0698
Nov. 14 2005,0.0703
Nov. 11 2005,0.0705
Nov. 10 2005,0.0704
Nov. 9 2005,0.0728
Nov. 8 2005,0.0739
Nov. 7 2005,0.073
Nov. 4 2005,0.0735
Nov. 3 2005,0.0757
Nov. 2 2005,0.0741
Nov. 1 2005,0.0734
Oct. 31 2005,0.0726
Oct. 28 2005,0.0702
Oct. 27 2005,0.0676
Oct. 26 2005,0.0697
Oct. 25 2005,0.0693
Oct. 24 2005,0.0669
Oct. 21 2005,0.0646
Oct. 20 2005,0.0641
Oct. 19 2005,0.0683
Oct. 18 2005,0.0667
Oct. 17 2005,0.07
Oct. 14 2005,0.0692
Oct. 13 2005,0.0678
Oct. 12 2005,0.0705
Oct. 11 2005,0.0717
Oct. 10 2005,0.0702
Oct. 7 2005,0.0706
Oct. 6 2005,0.0688
Oct. 5 2005,0.0702
Oct. 4 2005,0.0737
Oct. 3 2005,0.0766
Sept. 30 2005,0.0776
Sept. 29 2005,0.1037
Sept. 28 2005,0.1016
Sept. 27 2005,0.1009
Sept. 26 2005,0.1015
Sept. 23 2005,0.0999
Sept. 22 2005,0.102
Sept. 21 2005,0.103
Sept. 20 2005,0.1008
Sept. 19 2005,0.1026
Sept. 16 2005,0.1011
Sept. 15 2005,0.0988
Sept. 14 2005,0.0987
Sept. 13 2005,0.0968
Sept. 12 2005,0.0982
Sept. 9 2005,0.1009
Sept. 8 2005,0.0983
Sept. 7 2005,0.0975
Sept. 6 2005,0.0977
Sept. 2 2005,0.0976
Sept. 1 2005,0.1009
Aug. 31 2005,0.0964
Aug. 30 2005,0.0942
Aug. 29 2005,0.0922
Aug. 26 2005,0.0905
Aug. 25 2005,0.0922
Aug. 24 2005,0.0925
Aug. 23 2005,0.0917
Aug. 22 2005,0.0924
Aug. 19 2005,0.0922
Aug. 18 2005,0.0901
Aug. 17 2005,0.0902
Aug. 16 2005,0.0937
Aug. 15 2005,0.0963
Aug. 12 2005,0.0974
Aug. 11 2005,0.0971
Aug. 10 2005,0.096
Aug. 9 2005,0.0945
Aug. 8 2005,0.095
Aug. 5 2005,0.0932
Aug. 4 2005,0.0939
Aug. 3 2005,0.0935
Aug. 2 2005,0.0942
Aug. 1 2005,0.0921
July 29 2005,0.0915
July 28 2005,0.0926
July 27 2005,0.0911
July 26 2005,0.0903
July 25 2005,0.091
July 22 2005,0.0896
July 21 2005,0.0878
July 20 2005,0.0886
July 19 2005,0.0886
July 18 2005,0.0866
July 15 2005,0.0868
July 14 2005,0.0871
July 13 2005,0.0899
July 12 2005,0.09
July 11 2005,0.0891
July 8 2005,0.0881
July 7 2005,0.0886
July 6 2005,0.0877
July 5 2005,0.0896
July 1 2005,0.0864
June 30 2005,0.0841
June 29 2005,0.0836
June 28 2005,0.0841
June 27 2005,0.0861
June 24 2005,0.0842
June 23 2005,0.084
June 22 2005,0.0845
June 21 2005,0.0843
June 20 2005,0.087
June 17 2005,0.0878
June 16 2005,0.0848
June 15 2005,0.083
June 14 2005,0.0818
June 13 2005,0.081
June 10 2005,0.081
June 9 2005,0.0814
June 8 2005,0.0789
June 7 2005,0.0791
June 6 2005,0.0799
June 3 2005,0.0796
June 2 2005,0.0795
June 1 2005,0.0797
May 31 2005,0.078
May 27 2005,0.0778
May 26 2005,0.076
May 25 2005,0.0762
May 24 2005,0.0755
May 23 2005,0.0748
May 20 2005,0.0732
May 19 2005,0.0734
May 18 2005,0.0722
May 17 2005,0.0716
May 16 2005,0.07
May 13 2005,0.0713
May 12 2005,0.0726
May 11 2005,0.0767
May 10 2005,0.0759
May 9 2005,0.0773
May 6 2005,0.0759
May 5 2005,0.076
May 4 2005,0.0753
May 3 2005,0.0749
May 2 2005,0.0772
April 29 2005,0.0759
April 28 2005,0.0744
April 27 2005,0.075
April 26 2005,0.0773
April 25 2005,0.0787
April 22 2005,0.0774
April 21 2005,0.0765
April 20 2005,0.0747
April 19 2005,0.0757
April 18 2005,0.0743
April 15 2005,0.0724
April 14 2005,0.0759
April 13 2005,0.0762
April 12 2005,0.0784
April 11 2005,0.0798
April 8 2005,0.079
April 7 2005,0.0799
April 6 2005,0.0802
April 5 2005,0.0784
April 4 2005,0.08
April 1 2005,0.0798
March 31 2005,0.078
March 30 2005,0.1031
March 29 2005,0.1014
March 28 2005,0.1029
March 24 2005,0.1025
March 23 2005,0.1028
March 22 2005,0.1047
March 21 2005,0.1067
March 18 2005,0.1078
March 17 2005,0.1056
March 16 2005,0.1042
March 15 2005,0.1024
March 14 2005,0.104
March 11 2005,0.1033
March 10 2005,0.1033
March 9 2005,0.1043
March 8 2005,0.1072
March 7 2005,0.1094
March 4 2005,0.1098
March 3 2005,0.1082
March 2 2005,0.1071
March 1 2005,0.1061
Feb. 28 2005,0.1085
Feb. 25 2005,0.1099
Feb. 24 2005,0.1078
Feb. 23 2005,0.1049
Feb. 22 2005,0.1036
Feb. 18 2005,0.1039
Feb. 17 2005,0.1017
Feb. 16 2005,0.102
Feb. 15 2005,0.0992
Feb. 14 2005,0.0988
Feb. 11 2005,0.0969
Feb. 10 2005,0.0973
Feb. 9 2005,0.0947
Feb. 8 2005,0.0946
Feb. 7 2005,0.094
Feb. 4 2005,0.0941
Feb. 3 2005,0.0938
Feb. 2 2005,0.093
Feb. 1 2005,0.0925
Jan. 31 2005,0.0908
Jan. 28 2005,0.089
Jan. 27 2005,0.089
Jan. 26 2005,0.0885
Jan. 25 2005,0.087
Jan. 24 2005,0.0865
Jan. 21 2005,0.0854
Jan. 20 2005,0.0858
Jan. 19 2005,0.0873
Jan. 18 2005,0.0882
Jan. 14 2005,0.0871
Jan. 13 2005,0.0867
Jan. 12 2005,0.0854
Jan. 11 2005,0.0837
Jan. 10 2005,0.0838
Jan. 7 2005,0.083
Jan. 6 2005,0.0835
Jan. 5 2005,0.0823
Jan. 4 2005,0.0817
Jan. 3 2005,0.0823
Dec. 31 2004,0.0849
Dec. 30 2004,0.0595
Dec. 29 2004,0.0598
Dec. 28 2004,0.0593
Dec. 27 2004,0.059
Dec. 23 2004,0.0597
Dec. 22 2004,0.0596
Dec. 21 2004,0.0603
Dec. 20 2004,0.0603
Dec. 17 2004,0.0596
Dec. 16 2004,0.0597
Dec. 15 2004,0.06
Dec. 14 2004,0.0594
Dec. 13 2004,0.0588
Dec. 10 2004,0.0581
Dec. 9 2004,0.0587
Dec. 8 2004,0.0587
Dec. 7 2004,0.0581
Dec. 6 2004,0.0594
Dec. 3 2004,0.0593
Dec. 2 2004,0.0589
Dec. 1 2004,0.0612
Nov. 30 2004,0.0624
Nov. 29 2004,0.0617
Nov. 26 2004,0.0619
Nov. 24 2004,0.0616
Nov. 23 2004,0.0615
Nov. 22 2004,0.0609
Nov. 19 2004,0.0599
Nov. 18 2004,0.0591
Nov. 17 2004,0.0594
Nov. 16 2004,0.059
Nov. 15 2004,0.0593
Nov. 12 2004,0.0602
Nov. 11 2004,0.0595
Nov. 10 2004,0.0598
Nov. 9 2004,0.0593
Nov. 8 2004,0.0595
Nov. 5 2004,0.0606
Nov. 4 2004,0.0599
Nov. 3 2004,0.0586
Nov. 2 2004,0.0572
Nov. 1 2004,0.0575
Oct. 29 2004,0.0578
Oct. 28 2004,0.0569
Oct. 27 2004,0.0582
Oct. 26 2004,0.0592
Oct. 25 2004,0.0582
Oct. 22 2004,0.0581
Oct. 21 2004,0.0574
Oct. 20 2004,0.0573
Oct. 19 2004,0.0562
Oct. 18 2004,0.0563
Oct. 15 2004,0.0576
Oct. 14 2004,0.0571
Oct. 13 2004,0.0569
Oct. 12 2004,0.0585
Oct. 11 2004,0.0597
Oct. 8 2004,0.0604
Oct. 7 2004,0.0597
Oct. 6 2004,0.0609
Oct. 5 2004,0.0594
Oct. 4 2004,0.058
Oct. 1 2004,0.0576
Sept. 30 2004,0.0568
Sept. 29 2004,0.0265
Sept. 28 2004,0.027
Sept. 27 2004,0.0263
Sept. 24 2004,0.0265
Sept. 23 2004,0.0263
Sept. 22 2004,0.0264
Sept. 21 2004,0.0266
Sept. 20 2004,0.0258
Sept. 17 2004,0.0257
Sept. 16 2004,0.0254
Sept. 15 2004,0.0254
Sept. 14 2004,0.0254
Sept. 13 2004,0.0252
Sept. 10 2004,0.0252
Sept. 9 2004,0.0253
Sept. 8 2004,0.0249
Sept. 7 2004,0.0248
Sept. 3 2004,0.0247
Sept. 2 2004,0.0247
Sept. 1 2004,0.0246
Aug. 31 2004,0.0241
Aug. 30 2004,0.0237
Aug. 27 2004,0.0238
Aug. 26 2004,0.0236
Aug. 25 2004,0.0234
Aug. 24 2004,0.0235
Aug. 23 2004,0.0238
Aug. 20 2004,0.024
Aug. 19 2004,0.024
Aug. 18 2004,0.0237
Aug. 17 2004,0.0236
Aug. 16 2004,0.0241
Aug. 13 2004,0.0237
Aug. 12 2004,0.0237
Aug. 11 2004,0.024
Aug. 10 2004,0.0241
Aug. 9 2004,0.0244
Aug. 6 2004,0.024
Aug. 5 2004,0.0246
Aug. 4 2004,0.0249
Aug. 3 2004,0.0256
Aug. 2 2004,0.0256
July 30 2004,0.0255
July 29 2004,0.0253
July 28 2004,0.0249
July 27 2004,0.0249
July 26 2004,0.0247
July 23 2004,0.025
July 22 2004,0.0252
July 21 2004,0.0252
July 20 2004,0.0257
July 19 2004,0.0257
July 16 2004,0.0258
July 15 2004,0.0256
July 14 2004,0.0253
July 13 2004,0.0249
July 12 2004,0.0249
July 9 2004,0.0251
July 8 2004,0.025
July 7 2004,0.0251
July 6 2004,0.0248
July 2 2004,0.0247
July 1 2004,0.0248
June 30 2004,0.0247
June 29 2004,0.0199
June 28 2004,0.02
June 25 2004,0.0203
June 24 2004,0.0206
June 23 2004,0.0207
June 22 2004,0.0203
June 21 2004,0.0201
June 18 2004,0.0202
June 17 2004,0.0201
June 16 2004,0.02
June 15 2004,0.0196
June 14 2004,0.0194
June 10 2004,0.0197
June 9 2004,0.0195
June 8 2004,0.0198
June 7 2004,0.0197
June 4 2004,0.0194
June 3 2004,0.0197
June 2 2004,0.0196
June 1 2004,0.0198
May 28 2004,0.0192
May 27 2004,0.0191
May 26 2004,0.0193
May 25 2004,0.0194
May 24 2004,0.0188
May 21 2004,0.0185
May 20 2004,0.0186
May 19 2004,0.0188
May 18 2004,0.0191
May 17 2004,0.0193
May 14 2004,0.0193
May 13 2004,0.0189
May 12 2004,0.0192
May 11 2004,0.0192
May 10 2004,0.0188
May 7 2004,0.0193
May 6 2004,0.0197
May 5 2004,0.0198
May 4 2004,0.0194
May 3 2004,0.0194
April 30 2004,0.0187
April 29 2004,0.0188
April 28 2004,0.0194
April 27 2004,0.0194
April 26 2004,0.0191
April 23 2004,0.0189
April 22 2004,0.0188
April 21 2004,0.0186
April 20 2004,0.0187
April 19 2004,0.0192
April 16 2004,0.0191
April 15 2004,0.0191
April 14 2004,0.0189
April 13 2004,0.0188
April 12 2004,0.019
April 8 2004,0.0187
April 7 2004,0.0184
April 6 2004,0.0183
April 5 2004,0.0183
April 2 2004,0.0181
April 1 2004,0.0181
March 31 2004,0.0184
March 30 2004,
March 29 2004,
March 26 2004,
March 25 2004,
March 24 2004,
March 23 2004,
March 22 2004,
March 19 2004,
March 18 2004,
March 17 2004,
March 16 2004,
March 15 2004,
March 12 2004,
March 11 2004,
March 10 2004,
March 9 2004,
March 8 2004,
March 5 2004,
March 4 2004,
March 3 2004,
March 2 2004,
March 1 2004,
Feb. 27 2004,
Feb. 26 2004,
Feb. 25 2004,
Feb. 24 2004,
Feb. 23 2004,
Feb. 20 2004,
Feb. 19 2004,
Feb. 18 2004,
Feb. 17 2004,
Feb. 13 2004,
Feb. 12 2004,
Feb. 11 2004,
Feb. 10 2004,
Feb. 9 2004,
Feb. 6 2004,
Feb. 5 2004,
Feb. 4 2004,
Feb. 3 2004,
Feb. 2 2004,
Jan. 30 2004,
Jan. 29 2004,
Jan. 28 2004,
Jan. 27 2004,
Jan. 26 2004,
Jan. 23 2004,
Jan. 22 2004,
Jan. 21 2004,
Jan. 20 2004,
Jan. 16 2004,
Jan. 15 2004,
Jan. 14 2004,
Jan. 13 2004,
Jan. 12 2004,
Jan. 9 2004,
Jan. 8 2004,
Jan. 7 2004,
Jan. 6 2004,
Jan. 5 2004,
Jan. 2 2004,
Dec. 31 2003,
Dec. 30 2003,0.01
Dec. 29 2003,0.0099
Dec. 26 2003,0.0098
Dec. 24 2003,0.0097
Dec. 23 2003,0.0096
Dec. 22 2003,0.0097
Dec. 19 2003,0.0097
Dec. 18 2003,0.0098
Dec. 17 2003,0.0094
Dec. 16 2003,0.0093
Dec. 15 2003,0.0092
Dec. 12 2003,0.0093
Dec. 11 2003,0.0093
Dec. 10 2003,0.0092
Dec. 9 2003,0.0092
Dec. 8 2003,0.0091
Dec. 5 2003,0.0091
Dec. 4 2003,0.0091
Dec. 3 2003,0.0089
Dec. 2 2003,0.009
Dec. 1 2003,0.0088
Nov. 28 2003,0.0087
Nov. 26 2003,0.0087
Nov. 25 2003,0.0087
Nov. 24 2003,0.0087
Nov. 21 2003,0.0086
Nov. 20 2003,0.0087
Nov. 19 2003,0.0087
Nov. 18 2003,0.0087
Nov. 17 2003,0.0087
Nov. 14 2003,0.0087
Nov. 13 2003,0.0088
Nov. 12 2003,0.0087
Nov. 11 2003,0.0087
Nov. 10 2003,0.0088
Nov. 7 2003,0.0089
Nov. 6 2003,0.0088
Nov. 5 2003,0.0088
Nov. 4 2003,0.0087
Nov. 3 2003,0.0087
Oct. 31 2003,0.0087
Oct. 30 2003,0.0086
Oct. 29 2003,0.0087
Oct. 28 2003,0.0088
Oct. 27 2003,0.0087
Oct. 24 2003,0.0088
Oct. 23 2003,0.0088
Oct. 22 2003,0.0087
Oct. 21 2003,0.0088
Oct. 20 2003,0.0088
Oct. 17 2003,0.0088
Oct. 16 2003,0.0089
Oct. 15 2003,0.0088
Oct. 14 2003,0.0088
Oct. 13 2003,0.0088
Oct. 10 2003,0.0087
Oct. 9 2003,0.0086
Oct. 8 2003,0.0086
Oct. 7 2003,0.0086
Oct. 6 2003,0.0086
Oct. 3 2003,0.0085
Oct. 2 2003,0.0085
Oct. 1 2003,0.0084
Sept. 30 2003,0.0083
Sept. 29 2003,0.7638
Sept. 26 2003,0.7683
Sept. 25 2003,0.7766
Sept. 24 2003,0.785
Sept. 23 2003,0.7865
Sept. 22 2003,0.7836
Sept. 19 2003,0.7887
Sept. 18 2003,0.7886
Sept. 17 2003,0.786
Sept. 16 2003,0.8004
Sept. 15 2003,0.7928
Sept. 12 2003,0.7955
Sept. 11 2003,0.7949
Sept. 10 2003,0.7986
Sept. 9 2003,0.8038
Sept. 8 2003,0.7988
Sept. 5 2003,0.7897
Sept. 4 2003,0.7998
Sept. 3 2003,0.7991
Sept. 2 2003,0.8004
Aug. 29 2003,0.7863
Aug. 28 2003,0.7821
Aug. 27 2003,0.7718
Aug. 26 2003,0.7645
Aug. 25 2003,0.7655
Aug. 22 2003,0.7643
Aug. 21 2003,0.7721
Aug. 20 2003,0.7697
Aug. 19 2003,0.7734
Aug. 18 2003,0.7729
Aug. 15 2003,0.7697
Aug. 14 2003,0.7728
Aug. 13 2003,0.7672
Aug. 12 2003,0.767
Aug. 11 2003,0.7596
Aug. 8 2003,0.7604
Aug. 7 2003,0.7556
Aug. 6 2003,0.7428
Aug. 5 2003,0.7348
Aug. 4 2003,0.736
Aug. 1 2003,0.7327
July 31 2003,0.737
July 30 2003,0.7322
July 29 2003,0.7315
July 28 2003,0.7456
July 25 2003,0.7455
July 24 2003,0.7417
July 23 2003,0.751
July 22 2003,0.7596
July 21 2003,0.7534
July 18 2003,0.7562
July 17 2003,0.7428
July 16 2003,0.7449
July 15 2003,0.7463
July 14 2003,0.7553
July 11 2003,0.7527
July 10 2003,0.7449
July 9 2003,0.749
July 8 2003,0.7518
July 7 2003,0.7594
July 3 2003,0.7689
July 2 2003,0.7752
July 1 2003,0.7749
June 30 2003,0.7717
June 27 2003,
June 26 2003,
June 25 2003,
June 24 2003,
June 23 2003,
June 20 2003,
June 19 2003,
June 18 2003,
June 17 2003,
June 16 2003,
June 13 2003,
June 12 2003,
June 11 2003,
June 10 2003,
June 9 2003,
June 6 2003,
June 5 2003,
June 4 2003,
June 3 2003,
June 2 2003,
May 30 2003,
May 29 2003,
May 28 2003,
May 27 2003,
May 23 2003,
May 22 2003,
May 21 2003,
May 20 2003,
May 19 2003,
May 16 2003,
May 15 2003,
May 14 2003,
May 13 2003,
May 12 2003,
May 9 2003,
May 8 2003,
May 7 2003,
May 6 2003,
May 5 2003,
May 2 2003,
May 1 2003,
April 30 2003,
April 29 2003,
April 28 2003,
April 25 2003,
April 24 2003,
April 23 2003,
April 22 2003,
April 21 2003,
April 17 2003,
April 16 2003,
April 15 2003,
April 14 2003,
April 11 2003,
April 10 2003,
April 9 2003,
April 8 2003,
April 7 2003,
April 4 2003,
April 3 2003,
April 2 2003,
April 1 2003,
March 31 2003,
March 28 2003,
March 27 2003,
March 26 2003,
March 25 2003,
March 24 2003,
March 21 2003,
March 20 2003,
March 19 2003,
March 18 2003,
March 17 2003,
March 14 2003,
March 13 2003,
March 12 2003,
March 11 2003,
March 10 2003,
March 7 2003,
March 6 2003,
March 5 2003,
March 4 2003,
March 3 2003,
Feb. 28 2003,
Feb. 27 2003,
Feb. 26 2003,
Feb. 25 2003,
Feb. 24 2003,
Feb. 21 2003,
Feb. 20 2003,
Feb. 19 2003,
Feb. 18 2003,
Feb. 14 2003,
Feb. 13 2003,
Feb. 12 2003,
Feb. 11 2003,
Feb. 10 2003,
Feb. 7 2003,
Feb. 6 2003,
Feb. 5 2003,
Feb. 4 2003,
Feb. 3 2003,
Jan. 31 2003,
Jan. 30 2003,
Jan. 29 2003,
Jan. 28 2003,
Jan. 27 2003,
Jan. 24 2003,
Jan. 23 2003,
Jan. 22 2003,
Jan. 21 2003,
Jan. 17 2003,
Jan. 16 2003,
Jan. 15 2003,
Jan. 14 2003,
Jan. 13 2003,
Jan. 10 2003,
Jan. 9 2003,
Jan. 8 2003,
Jan. 7 2003,
Jan. 6 2003,
Jan. 3 2003,
Jan. 2 2003,
Dec. 31 2002,
Dec. 30 2002,
Dec. 27 2002,
Dec. 26 2002,
Dec. 24 2002,
Dec. 23 2002,
Dec. 20 2002,
Dec. 19 2002,
Dec. 18 2002,
Dec. 17 2002,
Dec. 16 2002,
Dec. 13 2002,
Dec. 12 2002,
Dec. 11 2002,
Dec. 10 2002,
Dec. 9 2002,
Dec. 6 2002,
Dec. 5 2002,
Dec. 4 2002,
Dec. 3 2002,
Dec. 2 2002,
Nov. 29 2002,
Nov. 27 2002,
Nov. 26 2002,
Nov. 25 2002,
Nov. 22 2002,
Nov. 21 2002,
Nov. 20 2002,
Nov. 19 2002,
Nov. 18 2002,
Nov. 15 2002,
Nov. 14 2002,
Nov. 13 2002,
Nov. 12 2002,
Nov. 11 2002,
Nov. 8 2002,
Nov. 7 2002,
Nov. 6 2002,
Nov. 5 2002,
Nov. 4 2002,
Nov. 1 2002,
Oct. 31 2002,
Oct. 30 2002,
Oct. 29 2002,
Oct. 28 2002,
Oct. 25 2002,
Oct. 24 2002,
Oct. 23 2002,
Oct. 22 2002,
Oct. 21 2002,
Oct. 18 2002,
Oct. 17 2002,
Oct. 16 2002,
Oct. 15 2002,
Oct. 14 2002,
Oct. 11 2002,
Oct. 10 2002,
Oct. 9 2002,
Oct. 8 2002,
Oct. 7 2002,
Oct. 4 2002,
Oct. 3 2002,
Oct. 2 2002,
Oct. 1 2002,
Sept. 30 2002,
Sept. 27 2002,
Sept. 26 2002,
Sept. 25 2002,
Sept. 24 2002,
Sept. 23 2002,
Sept. 20 2002,
Sept. 19 2002,
Sept. 18 2002,
Sept. 17 2002,
Sept. 16 2002,
Sept. 13 2002,
Sept. 12 2002,
Sept. 11 2002,
Sept. 10 2002,
Sept. 9 2002,
Sept. 6 2002,
Sept. 5 2002,
Sept. 4 2002,
Sept. 3 2002,
Aug. 30 2002,
Aug. 29 2002,
Aug. 28 2002,
Aug. 27 2002,
Aug. 26 2002,
Aug. 23 2002,
Aug. 22 2002,
Aug. 21 2002,
Aug. 20 2002,
Aug. 19 2002,
Aug. 16 2002,
Aug. 15 2002,
Aug. 14 2002,
Aug. 13 2002,
Aug. 12 2002,
Aug. 9 2002,
Aug. 8 2002,
Aug. 7 2002,
Aug. 6 2002,
Aug. 5 2002,
Aug. 2 2002,
Aug. 1 2002,
July 31 2002,
July 30 2002,
July 29 2002,
July 26 2002,
July 25 2002,
July 24 2002,
July 23 2002,
July 22 2002,
July 19 2002,
July 18 2002,
July 17 2002,
July 16 2002,
July 15 2002,
July 12 2002,
July 11 2002,
July 10 2002,
July 9 2002,
July 8 2002,
July 5 2002,
July 3 2002,
July 2 2002,
July 1 2002,
June 28 2002,
June 27 2002,
June 26 2002,
June 25 2002,
June 24 2002,
June 21 2002,
June 20 2002,
June 19 2002,
June 18 2002,
June 17 2002,
June 14 2002,
June 13 2002,
June 12 2002,
June 11 2002,
June 10 2002,
June 7 2002,
June 6 2002,
June 5 2002,
June 4 2002,
June 3 2002,
May 31 2002,
May 30 2002,
May 29 2002,
May 28 2002,
May 24 2002,
May 23 2002,
May 22 2002,
May 21 2002,
May 20 2002,
May 17 2002,
May 16 2002,
May 15 2002,
May 14 2002,
May 13 2002,
May 10 2002,
May 9 2002,
May 8 2002,
May 7 2002,
May 6 2002,
May 3 2002,
May 2 2002,
May 1 2002,
April 30 2002,
April 29 2002,
April 26 2002,
April 25 2002,
April 24 2002,
April 23 2002,
April 22 2002,
April 19 2002,
April 18 2002,
April 17 2002,
April 16 2002,
April 15 2002,
April 12 2002,
April 11 2002,
April 10 2002,
April 9 2002,
April 8 2002,
April 5 2002,
April 4 2002,
April 3 2002,
April 2 2002,
April 1 2002,
March 28 2002,
March 27 2002,
March 26 2002,
March 25 2002,
March 22 2002,
March 21 2002,
March 20 2002,
March 19 2002,
March 18 2002,
March 15 2002,
March 14 2002,
March 13 2002,
March 12 2002,
March 11 2002,
March 8 2002,
March 7 2002,
March 6 2002,
March 5 2002,
March 4 2002,
March 1 2002,
Feb. 28 2002,
Feb. 27 2002,
Feb. 26 2002,
Feb. 25 2002,
Feb. 22 2002,
Feb. 21 2002,
Feb. 20 2002,
Feb. 19 2002,
Feb. 15 2002,
Feb. 14 2002,
Feb. 13 2002,
Feb. 12 2002,
Feb. 11 2002,
Feb. 8 2002,
Feb. 7 2002,
Feb. 6 2002,
Feb. 5 2002,
Feb. 4 2002,
Feb. 1 2002,
Jan. 31 2002,
Jan. 30 2002,
Jan. 29 2002,
Jan. 28 2002,
Jan. 25 2002,
Jan. 24 2002,
Jan. 23 2002,
Jan. 22 2002,
Jan. 18 2002,
Jan. 17 2002,
Jan. 16 2002,
Jan. 15 2002,
Jan. 14 2002,
Jan. 11 2002,
Jan. 10 2002,
Jan. 9 2002,
Jan. 8 2002,
Jan. 7 2002,
Jan. 4 2002,
Jan. 3 2002,
Jan. 2 2002,
Dec. 31 2001,
Dec. 28 2001,0.0921
Dec. 27 2001,0.0912
Dec. 26 2001,0.092
Dec. 24 2001,0.0908
Dec. 21 2001,0.0893
Dec. 20 2001,0.089
Dec. 19 2001,0.0881
Dec. 18 2001,0.0864
Dec. 17 2001,0.0852
Dec. 14 2001,0.0862
Dec. 13 2001,0.0841
Dec. 12 2001,0.0857
Dec. 11 2001,0.0854
Dec. 10 2001,0.0864
Dec. 7 2001,0.0869
Dec. 6 2001,0.0857
Dec. 5 2001,0.0894
Dec. 4 2001,0.0863
Dec. 3 2001,0.0856
Nov. 30 2001,0.0847
Nov. 29 2001,0.0855
Nov. 28 2001,0.0832
Nov. 27 2001,0.0833
Nov. 26 2001,0.0824
Nov. 23 2001,0.0838
Nov. 21 2001,0.0827
Nov. 20 2001,0.0833
Nov. 19 2001,0.0809
Nov. 16 2001,0.0789
Nov. 15 2001,0.0783
Nov. 14 2001,0.0814
Nov. 13 2001,0.0858
Nov. 12 2001,0.0855
Nov. 9 2001,0.0861
Nov. 8 2001,0.0844
Nov. 7 2001,0.0847
Nov. 6 2001,0.0835
Nov. 5 2001,0.0819
Nov. 2 2001,0.0819
Nov. 1 2001,0.0847
Oct. 31 2001,0.0829
Oct. 30 2001,0.0842
Oct. 29 2001,0.0875
Oct. 26 2001,0.0882
Oct. 25 2001,0.0866
Oct. 24 2001,0.0849
Oct. 23 2001,0.0853
Oct. 22 2001,0.0842
Oct. 19 2001,0.0836
Oct. 18 2001,0.0834
Oct. 17 2001,0.0867
Oct. 16 2001,0.0868
Oct. 15 2001,0.0855
Oct. 12 2001,0.0876
Oct. 11 2001,0.0867
Oct. 10 2001,0.0875
Oct. 9 2001,0.0846
Oct. 8 2001,0.0838
Oct. 5 2001,0.0828
Oct. 4 2001,0.0827
Oct. 3 2001,0.0816
Oct. 2 2001,0.0822
Oct. 1 2001,0.0809
Sept. 28 2001,0.0492
Sept. 27 2001,0.0478
Sept. 26 2001,0.046
Sept. 25 2001,0.0463
Sept. 24 2001,0.047
Sept. 21 2001,0.0494
Sept. 20 2001,0.0486
Sept. 19 2001,0.0482
Sept. 18 2001,0.0508
Sept. 17 2001,0.0535
Sept. 10 2001,0.0534
Sept. 7 2001,0.054
Sept. 6 2001,0.0542
Sept. 5 2001,0.054
Sept. 4 2001,0.0534
Aug. 31 2001,0.0525
Aug. 30 2001,0.0531
Aug. 29 2001,0.0534
Aug. 28 2001,0.0532
Aug. 27 2001,0.0536
Aug. 24 2001,0.0542
Aug. 23 2001,0.0535
Aug. 22 2001,0.0526
Aug. 21 2001,0.0527
Aug. 20 2001,0.0526
Aug. 17 2001,0.0529
Aug. 16 2001,0.0538
Aug. 15 2001,0.054
Aug. 14 2001,0.0528
Aug. 13 2001,0.0525
Aug. 10 2001,0.0529
Aug. 9 2001,0.0519
Aug. 8 2001,0.052
Aug. 7 2001,0.0521
Aug. 6 2001,0.0513
Aug. 3 2001,0.0517
Aug. 2 2001,0.0525
Aug. 1 2001,0.052
July 31 2001,0.0521
July 30 2001,0.0524
July 27 2001,0.052
July 26 2001,0.0513
July 25 2001,0.0507
July 24 2001,0.0484
July 23 2001,0.0503
July 20 2001,0.0501
July 19 2001,0.0493
July 18 2001,0.0485
July 17 2001,0.049
July 16 2001,0.0502
July 13 2001,0.0509
July 12 2001,0.0506
July 11 2001,0.0511
July 10 2001,0.052
July 9 2001,0.0519
July 6 2001,0.0524
July 5 2001,0.0525
July 3 2001,0.0519
July 2 2001,0.0516
June 29 2001,0.0323
June 28 2001,0.0315
June 27 2001,0.0317
June 26 2001,0.0328
June 25 2001,0.0326
June 22 2001,0.0332
June 21 2001,0.033
June 20 2001,0.0339
June 19 2001,0.0343
June 18 2001,0.034
June 15 2001,0.0344
June 14 2001,0.0344
June 13 2001,0.0352
June 12 2001,0.0356
June 11 2001,0.0354
June 8 2001,0.0354
June 7 2001,0.0353
June 6 2001,0.0359
June 5 2001,0.0366
June 4 2001,0.0368
June 1 2001,0.0366
May 31 2001,0.0367
May 30 2001,0.0368
May 29 2001,0.0368
May 25 2001,0.0368
May 24 2001,0.0374
May 23 2001,0.0376
May 22 2001,0.0379
May 21 2001,0.0381
May 18 2001,0.0383
May 17 2001,0.0373
May 16 2001,0.0364
May 15 2001,0.0353
May 14 2001,0.0347
May 11 2001,0.0337
May 10 2001,0.0337
May 9 2001,0.0337
May 8 2001,0.033
May 7 2001,0.0328
May 4 2001,0.0326
May 3 2001,0.0319
May 2 2001,0.0321
May 1 2001,0.0336
April 30 2001,0.0338
April 27 2001,0.034
April 26 2001,0.034
April 25 2001,0.0339
April 24 2001,0.0336
April 23 2001,0.0333
April 20 2001,0.0325
April 19 2001,0.0325
April 18 2001,0.0328
April 17 2001,0.0329
April 16 2001,0.0329
April 12 2001,0.0321
April 11 2001,0.032
April 10 2001,0.0326
April 9 2001,0.0319
April 6 2001,0.0312
April 5 2001,0.0315
April 4 2001,0.0306
April 3 2001,0.03
April 2 2001,0.0303
March 30 2001,0.0285
March 29 2001,0.0277
March 28 2001,0.0278
March 27 2001,0.0281
March 26 2001,0.028
March 23 2001,0.0282
March 22 2001,0.0277
March 21 2001,0.0285
March 20 2001,0.0289
March 19 2001,0.0288
March 16 2001,0.0285
March 15 2001,0.0285
March 14 2001,0.0284
March 13 2001,0.0286
March 12 2001,0.0292
March 9 2001,0.0298
March 8 2001,0.0299
March 7 2001,0.0291
March 6 2001,0.0287
March 5 2001,0.0287
March 2 2001,0.0285
March 1 2001,0.0277
Feb. 28 2001,0.0276
Feb. 27 2001,0.0285
Feb. 26 2001,0.0285
Feb. 23 2001,0.0285
Feb. 22 2001,0.0287
Feb. 21 2001,0.0288
Feb. 20 2001,0.029
Feb. 16 2001,0.029
Feb. 15 2001,0.0291
Feb. 14 2001,0.0293
Feb. 13 2001,0.0296
Feb. 12 2001,0.0292
Feb. 9 2001,0.0289
Feb. 8 2001,0.0284
Feb. 7 2001,0.0284
Feb. 6 2001,0.028
Feb. 5 2001,0.0277
Feb. 2 2001,0.0301
Feb. 1 2001,0.0301
Jan. 31 2001,0.0304
Jan. 30 2001,0.0299
Jan. 29 2001,0.0297
Jan. 26 2001,0.0295
Jan. 25 2001,0.0301
Jan. 24 2001,0.0294
Jan. 23 2001,0.0296
Jan. 22 2001,0.0293
Jan. 19 2001,0.0286
Jan. 18 2001,0.0286
Jan. 17 2001,0.0287
Jan. 16 2001,0.0295
Jan. 12 2001,0.0286
Jan. 11 2001,0.0283
Jan. 10 2001,0.028
Jan. 9 2001,0.0286
Jan. 8 2001,0.029
Jan. 5 2001,0.029
Jan. 4 2001,0.0285
Jan. 3 2001,0.0288
Jan. 2 2001,0.0296
Dec. 29 2000,0.0106
Dec. 28 2000,0.0109
Dec. 27 2000,0.0108
Dec. 26 2000,0.0105
Dec. 22 2000,0.0102
Dec. 21 2000,0.01
Dec. 20 2000,0.0099
Dec. 19 2000,0.0101
Dec. 18 2000,0.0101
Dec. 15 2000,0.0099
Dec. 14 2000,0.0098
Dec. 13 2000,0.0102
Dec. 12 2000,0.0099
Dec. 11 2000,0.0099
Dec. 8 2000,0.0101
Dec. 7 2000,0.01
Dec. 6 2000,0.0101
Dec. 5 2000,0.0103
Dec. 4 2000,0.011
Dec. 1 2000,0.0107
Nov. 30 2000,0.0106
Nov. 29 2000,0.011
Nov. 28 2000,0.0115
Nov. 27 2000,0.0116
Nov. 24 2000,0.0115
Nov. 22 2000,0.0116
Nov. 21 2000,0.0115
Nov. 20 2000,0.0114
Nov. 17 2000,0.0115
Nov. 16 2000,0.0117
Nov. 15 2000,0.0117
Nov. 14 2000,0.0115
Nov. 13 2000,0.0114
Nov. 10 2000,0.0113
Nov. 9 2000,0.0114
Nov. 8 2000,0.0113
Nov. 7 2000,0.0111
Nov. 6 2000,0.0113
Nov. 3 2000,0.0112
Nov. 2 2000,0.0113
Nov. 1 2000,0.0116
Oct. 31 2000,0.0115
Oct. 30 2000,0.0115
Oct. 27 2000,0.0114
Oct. 26 2000,0.0114
Oct. 25 2000,0.0117
Oct. 24 2000,0.0118
Oct. 23 2000,0.0121
Oct. 20 2000,0.0122
Oct. 19 2000,0.0119
Oct. 18 2000,0.0118
Oct. 17 2000,0.0119
Oct. 16 2000,0.0118
Oct. 13 2000,0.012
Oct. 12 2000,0.0124
Oct. 11 2000,0.012
Oct. 10 2000,0.012
Oct. 9 2000,0.0118
Oct. 6 2000,0.0113
Oct. 5 2000,0.0115
Oct. 4 2000,0.0116
Oct. 3 2000,0.0119
Oct. 2 2000,0.0119
Sept. 29 2000,
Sept. 28 2000,
Sept. 27 2000,
Sept. 26 2000,
Sept. 25 2000,
Sept. 22 2000,
Sept. 21 2000,
Sept. 20 2000,
Sept. 19 2000,
Sept. 18 2000,
Sept. 15 2000,
Sept. 14 2000,
Sept. 13 2000,
Sept. 12 2000,
Sept. 11 2000,
Sept. 8 2000,
Sept. 7 2000,
Sept. 6 2000,
Sept. 5 2000,
Sept. 1 2000,
Aug. 31 2000,
Aug. 30 2000,
Aug. 29 2000,
Aug. 28 2000,
Aug. 25 2000,
Aug. 24 2000,
Aug. 23 2000,
Aug. 22 2000,
Aug. 21 2000,
Aug. 18 2000,
Aug. 17 2000,
Aug. 16 2000,
Aug. 15 2000,
Aug. 14 2000,
Aug. 11 2000,
Aug. 10 2000,
Aug. 9 2000,
Aug. 8 2000,
Aug. 7 2000,
Aug. 4 2000,
Aug. 3 2000,
Aug. 2 2000,
Aug. 1 2000,
July 31 2000,
July 28 2000,
July 27 2000,
July 26 2000,
July 25 2000,
July 24 2000,
July 21 2000,
July 20 2000,
July 19 2000,
July 18 2000,
July 17 2000,
July 14 2000,
July 13 2000,
July 12 2000,
July 11 2000,
July 10 2000,
July 7 2000,
July 6 2000,
July 5 2000,
July 3 2000,
June 30 2000,
June 29 2000,0.0117
June 28 2000,0.0118
June 27 2000,0.012
June 26 2000,0.0122
June 23 2000,0.0123
June 22 2000,0.0122
June 21 2000,0.0124
June 20 2000,0.0123
June 19 2000,0.0123
June 16 2000,0.0128
June 15 2000,0.0124
June 14 2000,0.0126
June 13 2000,0.0126
June 12 2000,0.0125
June 9 2000,0.0123
June 8 2000,0.0124
June 7 2000,0.0124
June 6 2000,0.0124
June 5 2000,0.0122
June 2 2000,0.0123
June 1 2000,0.0128
May 31 2000,0.0129
May 30 2000,0.0124
May 26 2000,0.0121
May 25 2000,0.0123
May 24 2000,0.0123
May 23 2000,0.0122
May 22 2000,0.0123
May 19 2000,0.012
May 18 2000,0.0119
May 17 2000,0.0117
May 16 2000,0.0116
May 15 2000,0.0114
May 12 2000,0.0113
May 11 2000,0.0114
May 10 2000,0.0111
May 9 2000,0.0111
May 8 2000,0.0111
May 5 2000,0.0111
May 4 2000,0.011
May 3 2000,0.0108
May 2 2000,0.0109
May 1 2000,0.0109
April 28 2000,0.0107
April 27 2000,0.011
April 26 2000,0.0111
April 25 2000,0.0111
April 24 2000,0.011
April 20 2000,0.0107
April 19 2000,0.0107
April 18 2000,0.0106
April 17 2000,0.0106
April 14 2000,0.011
April 13 2000,0.0108
April 12 2000,0.0108
April 11 2000,0.0106
April 10 2000,0.0103
April 7 2000,0.0104
April 6 2000,0.0105
April 5 2000,0.0103
April 4 2000,0.0104
April 3 2000,0.0105
March 31 2000,0.0104
March 30 2000,0.087
March 29 2000,0.0847
March 28 2000,0.0822
March 27 2000,0.0819
March 24 2000,0.0818
March 23 2000,0.0815
March 22 2000,0.0811
March 21 2000,0.0829
March 20 2000,0.0792
March 17 2000,0.079
March 16 2000,0.0822
March 15 2000,0.0744
March 14 2000,0.0747
March 13 2000,0.0752
March 10 2000,0.0761
March 9 2000,0.0771
March 8 2000,0.0771
March 7 2000,0.0772
March 6 2000,0.0734
March 3 2000,0.0727
March 2 2000,0.0725
March 1 2000,0.0737
Feb. 29 2000,0.0729
Feb. 28 2000,0.0708
Feb. 25 2000,0.0703
Feb. 24 2000,0.0691
Feb. 23 2000,0.0716
Feb. 22 2000,0.0744
Feb. 18 2000,0.0738
Feb. 17 2000,0.0753
Feb. 16 2000,0.0753
Feb. 15 2000,0.0729
Feb. 14 2000,0.0717
Feb. 11 2000,0.0713
Feb. 10 2000,0.0724
Feb. 9 2000,0.0727
Feb. 8 2000,0.0743
Feb. 7 2000,0.0762
Feb. 4 2000,0.0743
Feb. 3 2000,0.075
Feb. 2 2000,0.0765
Feb. 1 2000,0.0775
Jan. 31 2000,0.0779
Jan. 28 2000,0.076
Jan. 27 2000,0.0772
Jan. 26 2000,0.0785
Jan. 25 2000,0.0805
Jan. 24 2000,0.0796
Jan. 21 2000,0.0814
Jan. 20 2000,0.0816
Jan. 19 2000,0.084
Jan. 18 2000,0.0847
Jan. 14 2000,0.0834
Jan. 13 2000,0.0842
Jan. 12 2000,0.084
Jan. 11 2000,0.0856
Jan. 10 2000,0.0858
Jan. 7 2000,0.086
Jan. 6 2000,0.087
Jan. 5 2000,0.0831
Jan. 4 2000,0.0847
Jan. 3 2000,0.0864
Dec. 31 1999,0.0896
Dec. 30 1999,
Dec. 29 1999,
Dec. 28 1999,
Dec. 27 1999,
Dec. 23 1999,
Dec. 22 1999,
Dec. 21 1999,
Dec. 20 1999,
Dec. 17 1999,
Dec. 16 1999,
Dec. 15 1999,
Dec. 14 1999,
Dec. 13 1999,
Dec. 10 1999,
Dec. 9 1999,
Dec. 8 1999,
Dec. 7 1999,
Dec. 6 1999,
Dec. 3 1999,
Dec. 2 1999,
Dec. 1 1999,
Nov. 30 1999,
Nov. 29 1999,
Nov. 26 1999,
Nov. 24 1999,
Nov. 23 1999,
Nov. 22 1999,
Nov. 19 1999,
Nov. 18 1999,
Nov. 17 1999,
Nov. 16 1999,
Nov. 15 1999,
Nov. 12 1999,
Nov. 11 1999,
Nov. 10 1999,
Nov. 9 1999,
Nov. 8 1999,
Nov. 5 1999,
Nov. 4 1999,
Nov. 3 1999,
Nov. 2 1999,
Nov. 1 1999,
Oct. 29 1999,
Oct. 28 1999,
Oct. 27 1999,
Oct. 26 1999,
Oct. 25 1999,
Oct. 22 1999,
Oct. 21 1999,
Oct. 20 1999,
Oct. 19 1999,
Oct. 18 1999,
Oct. 15 1999,
Oct. 14 1999,
Oct. 13 1999,
Oct. 12 1999,
Oct. 11 1999,
Oct. 8 1999,
Oct. 7 1999,
Oct. 6 1999,
Oct. 5 1999,
Oct. 4 1999,
Oct. 1 1999,
Sept. 30 1999,
Sept. 29 1999,
Sept. 28 1999,
Sept. 27 1999,
Sept. 24 1999,
Sept. 23 1999,
Sept. 22 1999,
Sept. 21 1999,
Sept. 20 1999,
Sept. 17 1999,
Sept. 16 1999,
Sept. 15 1999,
Sept. 14 1999,
Sept. 13 1999,
Sept. 10 1999,
Sept. 9 1999,
Sept. 8 1999,
Sept. 7 1999,
Sept. 3 1999,
Sept. 2 1999,
Sept. 1 1999,
Aug. 31 1999,
Aug. 30 1999,
Aug. 27 1999,
Aug. 26 1999,
Aug. 25 1999,
Aug. 24 1999,
Aug. 23 1999,
Aug. 20 1999,
Aug. 19 1999,
Aug. 18 1999,
Aug. 17 1999,
Aug. 16 1999,
Aug. 13 1999,
Aug. 12 1999,
Aug. 11 1999,
Aug. 10 1999,
Aug. 9 1999,
Aug. 6 1999,
Aug. 5 1999,
Aug. 4 1999,
Aug. 3 1999,
Aug. 2 1999,
July 30 1999,
July 29 1999,
July 28 1999,
July 27 1999,
July 26 1999,
July 23 1999,
July 22 1999,
July 21 1999,
July 20 1999,
July 19 1999,
July 16 1999,
July 15 1999,
July 14 1999,
July 13 1999,
July 12 1999,
July 9 1999,
July 8 1999,
July 7 1999,
July 6 1999,
July 2 1999,
July 1 1999,
June 30 1999,
June 29 1999,
June 28 1999,
June 25 1999,
June 24 1999,
June 23 1999,
June 22 1999,
June 21 1999,
June 18 1999,
June 17 1999,
June 16 1999,
June 15 1999,
June 14 1999,
June 11 1999,
June 10 1999,
June 9 1999,
June 8 1999,
June 7 1999,
June 4 1999,
June 3 1999,
June 2 1999,
June 1 1999,
May 28 1999,
May 27 1999,
May 26 1999,
May 25 1999,
May 24 1999,
May 21 1999,
May 20 1999,
May 19 1999,
May 18 1999,
May 17 1999,
May 14 1999,
May 13 1999,
May 12 1999,
May 11 1999,
May 10 1999,
May 7 1999,
May 6 1999,
May 5 1999,
May 4 1999,
May 3 1999,
April 30 1999,
April 29 1999,
April 28 1999,
April 27 1999,
April 26 1999,
April 23 1999,
April 22 1999,
April 21 1999,
April 20 1999,
April 19 1999,
April 16 1999,
April 15 1999,
April 14 1999,
April 13 1999,
April 12 1999,
April 9 1999,
April 8 1999,
April 7 1999,
April 6 1999,
April 5 1999,
April 1 1999,
March 31 1999,
March 30 1999,
March 29 1999,
March 26 1999,
March 25 1999,
March 24 1999,
March 23 1999,
March 22 1999,
March 19 1999,
March 18 1999,
March 17 1999,
March 16 1999,
March 15 1999,
March 12 1999,
March 11 1999,
March 10 1999,
March 9 1999,
March 8 1999,
March 5 1999,
March 4 1999,
March 3 1999,
March 2 1999,
March 1 1999,
Feb. 26 1999,
Feb. 25 1999,
Feb. 24 1999,
Feb. 23 1999,
Feb. 22 1999,
Feb. 19 1999,
Feb. 18 1999,
Feb. 17 1999,
Feb. 16 1999,
Feb. 12 1999,
Feb. 11 1999,
Feb. 10 1999,
Feb. 9 1999,
Feb. 8 1999,
Feb. 5 1999,
Feb. 4 1999,
Feb. 3 1999,
Feb. 2 1999,
Feb. 1 1999,
Jan. 29 1999,
Jan. 28 1999,
Jan. 27 1999,
Jan. 26 1999,
Jan. 25 1999,
Jan. 22 1999,
Jan. 21 1999,
Jan. 20 1999,
Jan. 19 1999,
Jan. 15 1999,
Jan. 14 1999,
Jan. 13 1999,
Jan. 12 1999,
Jan. 11 1999,
Jan. 8 1999,
Jan. 7 1999,
Jan. 6 1999,
Jan. 5 1999,
Jan. 4 1999,
Dec. 31 1998,
Dec. 30 1998,
Dec. 29 1998,
Dec. 28 1998,
Dec. 24 1998,
Dec. 23 1998,
Dec. 22 1998,
Dec. 21 1998,
Dec. 18 1998,
Dec. 17 1998,
Dec. 16 1998,
Dec. 15 1998,
Dec. 14 1998,
Dec. 11 1998,
Dec. 10 1998,
Dec. 9 1998,
Dec. 8 1998,
Dec. 7 1998,
Dec. 4 1998,
Dec. 3 1998,
Dec. 2 1998,
Dec. 1 1998,
Nov. 30 1998,
Nov. 27 1998,
Nov. 25 1998,
Nov. 24 1998,
Nov. 23 1998,
Nov. 20 1998,
Nov. 19 1998,
Nov. 18 1998,
Nov. 17 1998,
Nov. 16 1998,
Nov. 13 1998,
Nov. 12 1998,
Nov. 11 1998,
Nov. 10 1998,
Nov. 9 1998,
Nov. 6 1998,
Nov. 5 1998,
Nov. 4 1998,
Nov. 3 1998,
Nov. 2 1998,
Oct. 30 1998,
Oct. 29 1998,
Oct. 28 1998,
Oct. 27 1998,
Oct. 26 1998,
Oct. 23 1998,
Oct. 22 1998,
Oct. 21 1998,
Oct. 20 1998,
Oct. 19 1998,
Oct. 16 1998,
Oct. 15 1998,
Oct. 14 1998,
Oct. 13 1998,
Oct. 12 1998,
Oct. 9 1998,
Oct. 8 1998,
Oct. 7 1998,
Oct. 6 1998,
Oct. 5 1998,
Oct. 2 1998,
Oct. 1 1998,
Sept. 30 1998,
Sept. 29 1998,
Sept. 28 1998,
Sept. 25 1998,
Sept. 24 1998,
Sept. 23 1998,
Sept. 22 1998,
Sept. 21 1998,
Sept. 18 1998,
Sept. 17 1998,
Sept. 16 1998,
Sept. 15 1998,
Sept. 14 1998,
Sept. 11 1998,
Sept. 10 1998,
Sept. 9 1998,
Sept. 8 1998,
Sept. 4 1998,
Sept. 3 1998,
Sept. 2 1998,
Sept. 1 1998,
Aug. 31 1998,
Aug. 28 1998,
Aug. 27 1998,
Aug. 26 1998,
Aug. 25 1998,
Aug. 24 1998,
Aug. 21 1998,
Aug. 20 1998,
Aug. 19 1998,
Aug. 18 1998,
Aug. 17 1998,
Aug. 14 1998,
Aug. 13 1998,
Aug. 12 1998,
Aug. 11 1998,
Aug. 10 1998,
Aug. 7 1998,
Aug. 6 1998,
Aug. 5 1998,
Aug. 4 1998,
Aug. 3 1998,
July 31 1998,
July 30 1998,
July 29 1998,
July 28 1998,
July 27 1998,
July 24 1998,
July 23 1998,
July 22 1998,
July 21 1998,
July 20 1998,
July 17 1998,
July 16 1998,
July 15 1998,
July 14 1998,
July 13 1998,
July 10 1998,
July 9 1998,
July 8 1998,
July 7 1998,
July 6 1998,
July 2 1998,
July 1 1998,
June 30 1998,
June 29 1998,0.5953
June 26 1998,0.6038
June 25 1998,0.6053
June 24 1998,0.6099
June 23 1998,0.6138
June 22 1998,0.6122
June 19 1998,0.6045
June 18 1998,0.6145
June 17 1998,0.6207
June 16 1998,0.603
June 15 1998,0.5953
June 12 1998,0.5976
June 11 1998,0.5976
June 10 1998,0.6153
June 9 1998,0.6245
June 8 1998,0.6299
June 5 1998,0.6368
June 4 1998,0.6192
June 3 1998,0.6084
June 2 1998,0.6138
June 1 1998,0.6045
May 29 1998,0.6161
May 28 1998,0.6207
May 27 1998,0.6192
May 26 1998,0.6145
May 22 1998,0.6238
May 21 1998,0.6261
May 20 1998,0.6322
May 19 1998,0.6299
May 18 1998,0.613
May 15 1998,0.6222
May 14 1998,0.6192
May 13 1998,0.613
May 12 1998,0.6122
May 11 1998,0.6084
May 8 1998,0.5907
May 7 1998,0.5915
May 6 1998,0.6007
May 5 1998,0.6084
May 4 1998,0.6145
May 1 1998,0.6192
April 30 1998,0.6099
April 29 1998,0.5976
April 28 1998,0.5892
April 27 1998,0.5984
April 24 1998,0.5892
April 23 1998,0.5992
April 22 1998,0.6092
April 21 1998,0.6168
April 20 1998,0.6176
April 17 1998,0.6222
April 16 1998,0.6238
April 15 1998,0.6161
April 14 1998,0.6099
April 13 1998,0.6107
April 9 1998,0.6138
April 8 1998,0.6107
April 7 1998,0.6207
April 6 1998,0.6199
April 3 1998,0.6268
April 2 1998,0.6307
April 1 1998,0.6161
March 31 1998,0.6145
