Feb. 1 2018,-1.16%
Jan. 31 2018,-1.17%
Jan. 30 2018,-1.18%
Jan. 29 2018,-1.16%
Jan. 26 2018,-1.14%
Jan. 25 2018,-1.16%
Jan. 24 2018,-1.14%
Jan. 23 2018,-1.14%
Jan. 22 2018,-1.14%
Jan. 19 2018,-1.15%
Jan. 18 2018,-1.15%
Jan. 17 2018,-1.15%
Jan. 16 2018,-1.17%
Jan. 12 2018,-1.15%
Jan. 11 2018,-1.17%
Jan. 10 2018,-1.20%
Jan. 9 2018,-1.19%
Jan. 8 2018,-1.20%
Jan. 5 2018,-1.21%
Jan. 4 2018,-1.21%
Jan. 3 2018,-1.22%
Jan. 2 2018,-1.25%
Dec. 29 2017,-3.64%
Dec. 28 2017,-3.62%
Dec. 27 2017,-3.60%
Dec. 26 2017,-3.56%
Dec. 22 2017,-3.60%
Dec. 21 2017,-3.57%
Dec. 20 2017,-3.69%
Dec. 19 2017,-3.80%
Dec. 18 2017,-3.82%
Dec. 15 2017,-3.83%
Dec. 14 2017,-3.82%
Dec. 13 2017,-3.87%
Dec. 12 2017,-3.85%
Dec. 11 2017,-3.87%
Dec. 8 2017,-3.88%
Dec. 7 2017,-3.96%
Dec. 6 2017,-3.97%
Dec. 5 2017,-3.90%
Dec. 4 2017,-3.90%
Dec. 1 2017,-3.87%
Nov. 30 2017,-3.93%
Nov. 29 2017,-3.94%
Nov. 28 2017,-3.99%
Nov. 27 2017,-4.07%
Nov. 24 2017,-3.96%
Nov. 22 2017,-3.98%
Nov. 21 2017,-4.00%
Nov. 20 2017,-3.99%
Nov. 17 2017,-3.99%
Nov. 16 2017,-3.98%
Nov. 15 2017,-3.96%
Nov. 14 2017,-3.90%
Nov. 13 2017,-3.80%
Nov. 10 2017,-3.77%
Nov. 9 2017,-3.74%
Nov. 8 2017,-3.74%
Nov. 7 2017,-3.74%
Nov. 6 2017,-3.73%
Nov. 3 2017,-3.78%
Nov. 2 2017,-3.81%
Nov. 1 2017,-3.84%
Oct. 31 2017,-3.91%
Oct. 30 2017,-3.89%
Oct. 27 2017,-3.91%
Oct. 26 2017,-3.89%
Oct. 25 2017,-4.00%
Oct. 24 2017,-3.92%
Oct. 23 2017,-3.98%
Oct. 20 2017,-3.98%
Oct. 19 2017,-4.02%
Oct. 18 2017,-4.02%
Oct. 17 2017,-4.02%
Oct. 16 2017,-4.02%
Oct. 13 2017,-4.05%
Oct. 12 2017,-4.02%
Oct. 11 2017,-4.03%
Oct. 10 2017,-4.07%
Oct. 9 2017,-4.09%
Oct. 6 2017,-4.09%
Oct. 5 2017,-4.02%
Oct. 4 2017,-4.06%
Oct. 3 2017,-4.06%
Oct. 2 2017,-3.98%
Sept. 29 2017,-6.35%
Sept. 28 2017,-6.36%
Sept. 27 2017,-6.33%
Sept. 26 2017,-6.40%
Sept. 25 2017,-6.36%
Sept. 22 2017,-6.48%
Sept. 21 2017,-6.53%
Sept. 20 2017,-6.58%
Sept. 19 2017,-6.69%
Sept. 18 2017,-6.75%
Sept. 15 2017,-6.84%
Sept. 14 2017,-6.94%
Sept. 13 2017,-6.98%
Sept. 12 2017,-7.08%
Sept. 11 2017,-7.08%
Sept. 8 2017,-7.15%
Sept. 7 2017,-7.05%
Sept. 6 2017,-7.06%
Sept. 5 2017,-7.16%
Sept. 1 2017,-7.19%
Aug. 31 2017,-7.28%
Aug. 30 2017,-7.33%
Aug. 29 2017,-7.42%
Aug. 28 2017,-7.39%
Aug. 25 2017,-7.30%
Aug. 24 2017,-7.34%
Aug. 23 2017,-7.28%
Aug. 22 2017,-7.36%
Aug. 21 2017,-7.48%
Aug. 18 2017,-7.38%
Aug. 17 2017,-7.40%
Aug. 16 2017,-7.28%
Aug. 15 2017,-7.15%
Aug. 14 2017,-7.14%
Aug. 11 2017,-7.10%
Aug. 10 2017,-7.07%
Aug. 9 2017,-6.97%
Aug. 8 2017,-6.97%
Aug. 7 2017,-7.04%
Aug. 4 2017,-6.98%
Aug. 3 2017,-7.08%
Aug. 2 2017,-6.97%
Aug. 1 2017,-7.11%
July 31 2017,-7.01%
July 28 2017,-7.03%
July 27 2017,-7.12%
July 26 2017,-7.28%
July 25 2017,-7.29%
July 24 2017,-7.46%
July 21 2017,-7.46%
July 20 2017,-7.36%
July 19 2017,-7.28%
July 18 2017,-7.38%
July 17 2017,-7.36%
July 14 2017,-7.32%
July 13 2017,-7.35%
July 12 2017,-7.35%
July 11 2017,-7.34%
July 10 2017,-7.35%
July 7 2017,-7.40%
July 6 2017,-7.34%
July 5 2017,-7.20%
July 3 2017,-6.96%
June 30 2017,-7.23%
June 29 2017,-2.86%
June 28 2017,-2.87%
June 27 2017,-2.87%
June 26 2017,-2.85%
June 23 2017,-2.81%
June 22 2017,-2.81%
June 21 2017,-2.80%
June 20 2017,-2.75%
June 19 2017,-2.72%
June 16 2017,-2.71%
June 15 2017,-2.78%
June 14 2017,-2.77%
June 13 2017,-2.71%
June 12 2017,-2.76%
June 9 2017,-2.81%
June 8 2017,-2.93%
June 7 2017,-2.89%
June 6 2017,-2.83%
June 5 2017,-2.86%
June 2 2017,-2.85%
June 1 2017,-2.81%
May 31 2017,-2.82%
May 30 2017,-2.81%
May 26 2017,-2.78%
May 25 2017,-2.80%
May 24 2017,-2.70%
May 23 2017,-2.69%
May 22 2017,-2.68%
May 19 2017,-2.65%
May 18 2017,-2.71%
May 17 2017,-2.71%
May 16 2017,-2.67%
May 15 2017,-2.66%
May 12 2017,-2.68%
May 11 2017,-2.66%
May 10 2017,-2.65%
May 9 2017,-2.72%
May 8 2017,-2.67%
May 5 2017,-2.69%
May 4 2017,-2.74%
May 3 2017,-2.68%
May 2 2017,-2.70%
May 1 2017,-2.65%
April 28 2017,-2.63%
April 27 2017,-2.63%
April 26 2017,-2.61%
April 25 2017,-2.58%
April 24 2017,-2.63%
April 21 2017,-2.64%
April 20 2017,-2.63%
April 19 2017,-2.62%
April 18 2017,-2.59%
April 17 2017,-2.57%
April 13 2017,-2.59%
April 12 2017,-2.55%
April 11 2017,-2.51%
April 10 2017,-2.51%
April 7 2017,-2.54%
April 6 2017,-2.53%
April 5 2017,-2.57%
April 4 2017,-2.53%
April 3 2017,-2.55%
March 31 2017,-2.53%
March 30 2017,-5.82%
March 29 2017,-6.33%
March 28 2017,-6.41%
March 27 2017,-6.57%
March 24 2017,-6.60%
March 23 2017,-6.54%
March 22 2017,-6.52%
March 21 2017,-6.44%
March 20 2017,-6.35%
March 17 2017,-6.37%
March 16 2017,-6.35%
March 15 2017,-6.35%
March 14 2017,-6.48%
March 13 2017,-6.35%
March 10 2017,-6.37%
March 9 2017,-6.26%
March 8 2017,-6.34%
March 7 2017,-6.10%
March 6 2017,-6.02%
March 3 2017,-6.09%
March 2 2017,-6.04%
March 1 2017,-5.93%
Feb. 28 2017,-6.12%
Feb. 27 2017,-6.14%
Feb. 24 2017,-6.19%
Feb. 23 2017,-6.15%
Feb. 22 2017,-6.18%
Feb. 21 2017,-6.05%
Feb. 17 2017,-6.12%
Feb. 16 2017,-6.02%
Feb. 15 2017,-5.90%
Feb. 14 2017,-5.80%
Feb. 13 2017,-5.86%
Feb. 10 2017,-5.80%
Feb. 9 2017,-5.84%
Feb. 8 2017,-5.87%
Feb. 7 2017,-5.89%
Feb. 6 2017,-5.81%
Feb. 3 2017,-5.77%
Feb. 2 2017,-5.98%
Feb. 1 2017,-6.00%
Jan. 31 2017,-5.97%
Jan. 30 2017,-6.13%
Jan. 27 2017,-5.89%
Jan. 26 2017,-5.75%
Jan. 25 2017,-5.74%
Jan. 24 2017,-5.79%
Jan. 23 2017,-5.83%
Jan. 20 2017,-5.74%
Jan. 19 2017,-5.84%
Jan. 18 2017,-5.79%
Jan. 17 2017,-5.80%
Jan. 13 2017,-5.75%
Jan. 12 2017,-5.80%
Jan. 11 2017,-5.68%
Jan. 10 2017,-5.86%
Jan. 9 2017,-5.86%
Jan. 6 2017,-5.74%
Jan. 5 2017,-5.71%
Jan. 4 2017,-5.70%
Jan. 3 2017,-5.75%
Dec. 30 2016,-11.29%
Dec. 29 2016,-11.20%
Dec. 28 2016,-11.15%
Dec. 27 2016,-10.97%
Dec. 23 2016,-11.02%
Dec. 22 2016,-10.98%
Dec. 21 2016,-10.99%
Dec. 20 2016,-10.98%
Dec. 19 2016,-10.89%
Dec. 16 2016,-10.90%
Dec. 15 2016,-10.94%
Dec. 14 2016,-10.99%
Dec. 13 2016,-10.75%
Dec. 12 2016,-11.02%
Dec. 9 2016,-11.15%
Dec. 8 2016,-11.37%
Dec. 7 2016,-11.34%
Dec. 6 2016,-11.34%
Dec. 5 2016,-11.58%
Dec. 2 2016,-11.76%
Dec. 1 2016,-11.74%
Nov. 30 2016,-11.67%
Nov. 29 2016,-12.80%
Nov. 28 2016,-12.44%
Nov. 25 2016,-12.37%
Nov. 23 2016,-12.22%
Nov. 22 2016,-12.29%
Nov. 21 2016,-12.21%
Nov. 18 2016,-12.65%
Nov. 17 2016,-12.98%
Nov. 16 2016,-12.75%
Nov. 15 2016,-12.50%
Nov. 14 2016,-12.83%
Nov. 11 2016,-12.88%
Nov. 10 2016,-12.64%
Nov. 9 2016,-12.38%
Nov. 8 2016,-12.77%
Nov. 7 2016,-12.89%
Nov. 4 2016,-13.24%
Nov. 3 2016,-12.98%
Nov. 2 2016,-13.09%
Nov. 1 2016,-13.00%
Oct. 31 2016,-13.03%
Oct. 28 2016,-12.59%
Oct. 27 2016,-12.86%
Oct. 26 2016,-13.54%
Oct. 25 2016,-13.54%
Oct. 24 2016,-13.40%
Oct. 21 2016,-13.63%
Oct. 20 2016,-13.64%
Oct. 19 2016,-13.57%
Oct. 18 2016,-13.92%
Oct. 17 2016,-13.77%
Oct. 14 2016,-13.58%
Oct. 13 2016,-13.43%
Oct. 12 2016,-13.02%
Oct. 11 2016,-13.06%
Oct. 10 2016,-12.75%
Oct. 7 2016,-12.80%
Oct. 6 2016,-12.71%
Oct. 5 2016,-12.89%
Oct. 4 2016,-13.20%
Oct. 3 2016,-13.03%
Sept. 30 2016,-13.02%
Sept. 29 2016,-13.03%
Sept. 28 2016,-13.49%
Sept. 27 2016,-14.43%
Sept. 26 2016,-14.22%
Sept. 23 2016,-14.25%
Sept. 22 2016,-13.87%
Sept. 21 2016,-14.20%
Sept. 20 2016,-14.59%
Sept. 19 2016,-14.49%
Sept. 16 2016,-14.27%
Sept. 15 2016,-14.21%
Sept. 14 2016,-14.23%
Sept. 13 2016,-13.87%
Sept. 12 2016,-13.33%
Sept. 9 2016,-13.47%
Sept. 8 2016,-13.15%
Sept. 7 2016,-13.72%
Sept. 6 2016,-13.88%
Sept. 2 2016,-13.91%
Sept. 1 2016,-14.01%
Aug. 31 2016,-13.86%
Aug. 30 2016,-13.47%
Aug. 29 2016,-13.44%
Aug. 26 2016,-13.45%
Aug. 25 2016,-13.30%
Aug. 24 2016,-13.24%
Aug. 23 2016,-13.17%
Aug. 22 2016,-13.35%
Aug. 19 2016,-13.13%
Aug. 18 2016,-13.05%
Aug. 17 2016,-13.17%
Aug. 16 2016,-13.28%
Aug. 15 2016,-13.49%
Aug. 12 2016,-13.75%
Aug. 11 2016,-13.75%
Aug. 10 2016,-14.01%
Aug. 9 2016,-13.80%
Aug. 8 2016,-13.69%
Aug. 5 2016,-14.01%
Aug. 4 2016,-14.19%
Aug. 3 2016,-14.12%
Aug. 2 2016,-14.30%
Aug. 1 2016,-14.37%
July 29 2016,-13.94%
July 28 2016,-14.13%
July 27 2016,-14.20%
July 26 2016,-13.95%
July 25 2016,-14.14%
July 22 2016,-13.96%
July 21 2016,-13.86%
July 20 2016,-13.54%
July 19 2016,-13.58%
July 18 2016,-13.32%
July 15 2016,-13.25%
July 14 2016,-13.23%
July 13 2016,-13.27%
July 12 2016,-12.99%
July 11 2016,-13.40%
July 8 2016,-13.45%
July 7 2016,-13.71%
July 6 2016,-13.58%
July 5 2016,-13.65%
July 1 2016,-13.08%
June 30 2016,-13.05%
June 29 2016,-11.34%
June 28 2016,-11.87%
June 27 2016,-12.21%
June 24 2016,-11.54%
June 23 2016,-10.91%
June 22 2016,-11.32%
June 21 2016,-11.12%
June 20 2016,-11.14%
June 17 2016,-11.28%
June 16 2016,-11.54%
June 15 2016,-11.39%
June 14 2016,-11.24%
June 13 2016,-11.35%
June 10 2016,-11.19%
June 9 2016,-10.69%
June 8 2016,-10.49%
June 7 2016,-10.48%
June 6 2016,-10.94%
June 3 2016,-11.27%
June 2 2016,-11.22%
June 1 2016,-11.30%
May 31 2016,-11.37%
May 27 2016,-11.23%
May 26 2016,-11.13%
May 25 2016,-11.09%
May 24 2016,-11.46%
May 23 2016,-11.42%
May 20 2016,-11.43%
May 19 2016,-11.49%
May 18 2016,-11.49%
May 17 2016,-11.38%
May 16 2016,-11.30%
May 13 2016,-11.58%
May 12 2016,-11.39%
May 11 2016,-11.40%
May 10 2016,-11.62%
May 9 2016,-11.96%
May 6 2016,-11.65%
May 5 2016,-11.53%
May 4 2016,-11.47%
May 3 2016,-11.05%
May 2 2016,-10.63%
April 29 2016,-10.42%
April 28 2016,-10.45%
April 27 2016,-10.35%
April 26 2016,-10.36%
April 25 2016,-10.76%
April 22 2016,-10.46%
April 21 2016,-10.77%
April 20 2016,-10.58%
April 19 2016,-10.58%
April 18 2016,-11.07%
April 15 2016,-11.40%
April 14 2016,-11.26%
April 13 2016,-11.43%
April 12 2016,-11.46%
April 11 2016,-12.09%
April 8 2016,-12.08%
April 7 2016,-12.35%
April 6 2016,-12.22%
April 5 2016,-12.76%
April 4 2016,-12.74%
April 1 2016,-12.52%
March 31 2016,-12.37%
March 30 2016,-8.93%
March 29 2016,-9.04%
March 28 2016,-9.02%
March 24 2016,-8.94%
March 23 2016,-8.98%
March 22 2016,-8.54%
March 21 2016,-8.41%
March 18 2016,-8.32%
March 17 2016,-8.32%
March 16 2016,-8.55%
March 15 2016,-8.99%
March 14 2016,-8.95%
March 11 2016,-8.84%
March 10 2016,-9.17%
March 9 2016,-9.17%
March 8 2016,-9.27%
March 7 2016,-8.65%
March 4 2016,-8.71%
March 3 2016,-9.28%
March 2 2016,-9.81%
March 1 2016,-10.39%
Feb. 29 2016,-10.58%
Feb. 26 2016,-10.49%
Feb. 25 2016,-10.83%
Feb. 24 2016,-10.86%
Feb. 23 2016,-10.87%
Feb. 22 2016,-10.39%
Feb. 19 2016,-10.89%
Feb. 18 2016,-10.62%
Feb. 17 2016,-10.56%
Feb. 16 2016,-10.93%
Feb. 12 2016,-10.88%
Feb. 11 2016,-11.23%
Feb. 10 2016,-11.07%
Feb. 9 2016,-10.66%
Feb. 8 2016,-10.40%
Feb. 5 2016,-10.88%
Feb. 4 2016,-10.14%
Feb. 3 2016,-9.27%
Feb. 2 2016,-9.78%
Feb. 1 2016,-9.27%
Jan. 29 2016,-9.16%
Jan. 28 2016,-9.42%
Jan. 27 2016,-9.89%
Jan. 26 2016,-10.13%
Jan. 25 2016,-10.47%
Jan. 22 2016,-9.50%
Jan. 21 2016,-9.70%
Jan. 20 2016,-10.30%
Jan. 19 2016,-9.84%
Jan. 15 2016,-9.10%
Jan. 14 2016,-8.68%
Jan. 13 2016,-9.18%
Jan. 12 2016,-8.89%
Jan. 11 2016,-8.71%
Jan. 8 2016,-8.27%
Jan. 7 2016,-8.13%
Jan. 6 2016,-7.89%
Jan. 5 2016,-7.55%
Jan. 4 2016,-7.64%
Dec. 31 2015,-7.67%
Dec. 30 2015,-1.80%
Dec. 29 2015,-1.76%
Dec. 28 2015,-1.78%
Dec. 24 2015,-1.73%
Dec. 23 2015,-1.71%
Dec. 22 2015,-1.82%
Dec. 21 2015,-1.86%
Dec. 18 2015,-1.83%
Dec. 17 2015,-1.78%
Dec. 16 2015,-1.70%
Dec. 15 2015,-1.66%
Dec. 14 2015,-1.70%
Dec. 11 2015,-1.75%
Dec. 10 2015,-1.71%
Dec. 9 2015,-1.73%
Dec. 8 2015,-1.74%
Dec. 7 2015,-1.71%
Dec. 4 2015,-1.64%
Dec. 3 2015,-1.63%
Dec. 2 2015,-1.60%
Dec. 1 2015,-1.54%
Nov. 30 2015,-1.55%
Nov. 27 2015,-1.57%
Nov. 25 2015,-1.54%
Nov. 24 2015,-1.52%
Nov. 23 2015,-1.58%
Nov. 20 2015,-1.59%
Nov. 19 2015,-1.57%
Nov. 18 2015,-1.54%
Nov. 17 2015,-1.56%
Nov. 16 2015,-1.54%
Nov. 13 2015,-1.62%
Nov. 12 2015,-1.62%
Nov. 11 2015,-1.57%
Nov. 10 2015,-1.54%
Nov. 9 2015,-1.54%
Nov. 6 2015,-1.51%
Nov. 5 2015,-1.49%
Nov. 4 2015,-1.49%
Nov. 3 2015,-1.48%
Nov. 2 2015,-1.53%
Oct. 30 2015,-1.57%
Oct. 29 2015,-1.57%
Oct. 28 2015,-1.57%
Oct. 27 2015,-1.63%
Oct. 26 2015,-1.59%
Oct. 23 2015,-1.54%
Oct. 22 2015,-1.54%
Oct. 21 2015,-1.59%
Oct. 20 2015,-1.57%
Oct. 19 2015,-1.56%
Oct. 16 2015,-1.52%
Oct. 15 2015,-1.52%
Oct. 14 2015,-1.51%
Oct. 13 2015,-1.53%
Oct. 12 2015,-1.52%
Oct. 9 2015,-1.50%
Oct. 8 2015,-1.49%
Oct. 7 2015,-1.52%
Oct. 6 2015,-1.52%
Oct. 5 2015,-1.59%
Oct. 2 2015,-1.64%
Oct. 1 2015,-1.74%
Sept. 30 2015,-1.75%
Sept. 29 2015,4.72%
Sept. 28 2015,4.80%
Sept. 25 2015,4.66%
Sept. 24 2015,4.61%
Sept. 23 2015,4.60%
Sept. 22 2015,4.52%
Sept. 21 2015,4.51%
Sept. 18 2015,4.55%
Sept. 17 2015,4.39%
Sept. 16 2015,4.45%
Sept. 15 2015,4.65%
Sept. 14 2015,4.70%
Sept. 11 2015,4.65%
Sept. 10 2015,4.54%
Sept. 9 2015,4.60%
Sept. 8 2015,4.54%
Sept. 4 2015,4.66%
Sept. 3 2015,4.57%
Sept. 2 2015,4.57%
Sept. 1 2015,4.61%
Aug. 31 2015,4.48%
Aug. 28 2015,4.70%
Aug. 27 2015,4.80%
Aug. 26 2015,5.07%
Aug. 25 2015,5.21%
Aug. 24 2015,5.12%
Aug. 21 2015,4.85%
Aug. 20 2015,4.68%
Aug. 19 2015,4.61%
Aug. 18 2015,4.44%
Aug. 17 2015,4.44%
Aug. 14 2015,4.42%
Aug. 13 2015,4.39%
Aug. 12 2015,4.27%
Aug. 11 2015,4.37%
Aug. 10 2015,4.38%
Aug. 7 2015,4.50%
Aug. 6 2015,4.38%
Aug. 5 2015,4.48%
Aug. 4 2015,4.41%
Aug. 3 2015,4.43%
July 31 2015,4.37%
July 30 2015,4.23%
July 29 2015,4.16%
July 28 2015,4.21%
July 27 2015,4.34%
July 24 2015,4.22%
July 23 2015,4.07%
July 22 2015,3.94%
July 21 2015,3.89%
July 20 2015,3.89%
July 17 2015,3.85%
July 16 2015,3.80%
July 15 2015,3.77%
July 14 2015,3.70%
July 13 2015,3.73%
July 10 2015,3.72%
July 9 2015,3.75%
July 8 2015,3.77%
July 7 2015,3.69%
July 6 2015,3.72%
July 2 2015,3.64%
July 1 2015,3.66%
June 30 2015,3.58%
June 29 2015,6.59%
June 26 2015,6.47%
June 25 2015,6.46%
June 24 2015,6.40%
June 23 2015,6.36%
June 22 2015,6.42%
June 19 2015,6.45%
June 18 2015,6.39%
June 17 2015,6.37%
June 16 2015,6.34%
June 15 2015,6.35%
June 12 2015,6.33%
June 11 2015,6.28%
June 10 2015,6.28%
June 9 2015,6.37%
June 8 2015,6.34%
June 5 2015,6.38%
June 4 2015,6.38%
June 3 2015,6.30%
June 2 2015,6.27%
June 1 2015,6.32%
May 29 2015,6.31%
May 28 2015,6.30%
May 27 2015,6.30%
May 26 2015,6.30%
May 22 2015,6.17%
May 21 2015,6.13%
May 20 2015,6.21%
May 19 2015,6.17%
May 18 2015,6.09%
May 15 2015,6.11%
May 14 2015,6.14%
May 13 2015,6.15%
May 12 2015,6.15%
May 11 2015,6.16%
May 8 2015,5.98%
May 7 2015,6.03%
May 6 2015,5.98%
May 5 2015,5.98%
May 4 2015,6.00%
May 1 2015,5.96%
April 30 2015,5.92%
April 29 2015,5.91%
April 28 2015,5.93%
April 27 2015,5.99%
April 24 2015,5.95%
April 23 2015,5.89%
April 22 2015,5.92%
April 21 2015,5.91%
April 20 2015,5.86%
April 17 2015,5.94%
April 16 2015,5.83%
April 15 2015,5.79%
April 14 2015,5.88%
April 13 2015,6.06%
April 10 2015,6.04%
April 9 2015,6.00%
April 8 2015,6.20%
April 7 2015,6.11%
April 6 2015,6.15%
April 2 2015,6.36%
April 1 2015,6.38%
March 31 2015,6.46%
March 30 2015,8.61%
March 27 2015,8.76%
March 26 2015,8.71%
March 25 2015,8.74%
March 24 2015,8.81%
March 23 2015,8.71%
March 20 2015,8.63%
March 19 2015,8.78%
March 18 2015,8.66%
March 17 2015,8.89%
March 16 2015,8.83%
March 13 2015,8.94%
March 12 2015,8.98%
March 11 2015,8.99%
March 10 2015,9.05%
March 9 2015,8.89%
March 6 2015,8.78%
March 5 2015,8.70%
March 4 2015,8.58%
March 3 2015,8.51%
March 2 2015,8.56%
Feb. 27 2015,8.45%
Feb. 26 2015,8.37%
Feb. 25 2015,8.16%
Feb. 24 2015,8.21%
Feb. 23 2015,8.23%
Feb. 20 2015,8.18%
Feb. 19 2015,8.17%
Feb. 18 2015,8.14%
Feb. 17 2015,7.93%
Feb. 13 2015,7.88%
Feb. 12 2015,8.10%
Feb. 11 2015,8.12%
Feb. 10 2015,8.10%
Feb. 9 2015,8.12%
Feb. 6 2015,8.16%
Feb. 5 2015,8.15%
Feb. 4 2015,8.36%
Feb. 3 2015,8.13%
Feb. 2 2015,8.38%
Jan. 30 2015,8.75%
Jan. 29 2015,8.77%
Jan. 28 2015,8.80%
Jan. 27 2015,8.41%
Jan. 26 2015,8.37%
Jan. 23 2015,8.52%
Jan. 22 2015,8.44%
Jan. 21 2015,8.54%
Jan. 20 2015,8.72%
Jan. 16 2015,8.73%
Jan. 15 2015,8.97%
Jan. 14 2015,8.80%
Jan. 13 2015,8.82%
Jan. 12 2015,8.74%
Jan. 9 2015,8.49%
Jan. 8 2015,8.49%
Jan. 7 2015,8.70%
Jan. 6 2015,8.76%
Jan. 5 2015,8.39%
Jan. 2 2015,7.99%
Dec. 31 2014,7.98%
Dec. 30 2014,10.80%
Dec. 29 2014,10.77%
Dec. 26 2014,10.80%
Dec. 24 2014,10.77%
Dec. 23 2014,10.63%
Dec. 22 2014,10.86%
Dec. 19 2014,10.64%
Dec. 18 2014,10.82%
Dec. 17 2014,11.28%
Dec. 16 2014,11.94%
Dec. 15 2014,12.24%
Dec. 12 2014,12.09%
Dec. 11 2014,11.87%
Dec. 10 2014,11.88%
Dec. 9 2014,11.62%
Dec. 8 2014,11.61%
Dec. 5 2014,11.13%
Dec. 4 2014,10.89%
Dec. 3 2014,10.66%
Dec. 2 2014,10.91%
Dec. 1 2014,11.14%
Nov. 28 2014,11.43%
Nov. 26 2014,10.66%
Nov. 25 2014,10.53%
Nov. 24 2014,10.30%
Nov. 21 2014,10.25%
Nov. 20 2014,10.31%
Nov. 19 2014,10.47%
Nov. 18 2014,10.53%
Nov. 17 2014,10.57%
Nov. 14 2014,10.57%
Nov. 13 2014,10.73%
Nov. 12 2014,10.60%
Nov. 11 2014,10.52%
Nov. 10 2014,10.54%
Nov. 7 2014,10.46%
Nov. 6 2014,10.59%
Nov. 5 2014,10.80%
Nov. 4 2014,10.98%
Nov. 3 2014,10.70%
Oct. 31 2014,10.46%
Oct. 30 2014,10.58%
Oct. 29 2014,10.67%
Oct. 28 2014,10.75%
Oct. 27 2014,10.97%
Oct. 24 2014,10.77%
Oct. 23 2014,10.79%
Oct. 22 2014,10.87%
Oct. 21 2014,10.70%
Oct. 20 2014,10.97%
Oct. 17 2014,11.09%
Oct. 16 2014,11.28%
Oct. 15 2014,11.40%
Oct. 14 2014,11.40%
Oct. 13 2014,11.09%
Oct. 10 2014,10.73%
Oct. 9 2014,10.57%
Oct. 8 2014,10.13%
Oct. 7 2014,10.22%
Oct. 6 2014,10.07%
Oct. 3 2014,10.10%
Oct. 2 2014,10.11%
Oct. 1 2014,10.07%
Sept. 30 2014,9.87%
Sept. 29 2014,9.48%
Sept. 26 2014,9.45%
Sept. 25 2014,9.51%
Sept. 24 2014,9.38%
Sept. 23 2014,9.35%
Sept. 22 2014,9.26%
Sept. 19 2014,9.16%
Sept. 18 2014,9.23%
Sept. 17 2014,9.15%
Sept. 16 2014,9.14%
Sept. 15 2014,9.29%
Sept. 12 2014,9.41%
Sept. 11 2014,9.30%
Sept. 10 2014,9.34%
Sept. 9 2014,9.35%
Sept. 8 2014,9.34%
Sept. 5 2014,9.18%
Sept. 4 2014,9.24%
Sept. 3 2014,9.12%
Sept. 2 2014,9.20%
Aug. 29 2014,9.09%
Aug. 28 2014,9.15%
Aug. 27 2014,9.11%
Aug. 26 2014,9.16%
Aug. 25 2014,9.13%
Aug. 22 2014,9.20%
Aug. 21 2014,9.11%
Aug. 20 2014,9.17%
Aug. 19 2014,9.24%
Aug. 18 2014,9.30%
Aug. 15 2014,9.15%
Aug. 14 2014,9.21%
Aug. 13 2014,9.12%
Aug. 12 2014,9.18%
Aug. 11 2014,9.13%
Aug. 8 2014,9.07%
Aug. 7 2014,9.27%
Aug. 6 2014,9.16%
Aug. 5 2014,9.26%
Aug. 4 2014,9.00%
Aug. 1 2014,9.14%
July 31 2014,8.95%
July 30 2014,8.72%
July 29 2014,8.71%
July 28 2014,8.66%
July 25 2014,8.59%
July 24 2014,8.56%
July 23 2014,8.51%
July 22 2014,8.58%
July 21 2014,8.73%
July 18 2014,8.71%
July 17 2014,8.72%
July 16 2014,8.51%
July 15 2014,8.71%
July 14 2014,8.60%
July 11 2014,8.71%
July 10 2014,8.61%
July 9 2014,8.60%
July 8 2014,8.58%
July 7 2014,8.57%
July 3 2014,8.54%
July 2 2014,8.60%
July 1 2014,8.57%
June 30 2014,8.61%
June 27 2014,8.56%
June 26 2014,8.56%
June 25 2014,8.60%
June 24 2014,8.68%
June 23 2014,8.55%
June 20 2014,8.62%
June 19 2014,8.68%
June 18 2014,8.74%
June 17 2014,8.79%
June 16 2014,8.79%
June 13 2014,8.86%
June 12 2014,8.88%
June 11 2014,8.98%
June 10 2014,9.02%
June 9 2014,9.10%
June 6 2014,9.10%
June 5 2014,9.19%
June 4 2014,9.22%
June 3 2014,9.22%
June 2 2014,9.26%
May 30 2014,9.21%
May 29 2014,9.25%
May 28 2014,9.25%
May 27 2014,9.31%
May 23 2014,9.38%
May 22 2014,9.38%
May 21 2014,9.37%
May 20 2014,9.37%
May 19 2014,9.38%
May 16 2014,9.43%
May 15 2014,9.42%
May 14 2014,9.37%
May 13 2014,9.36%
May 12 2014,9.39%
May 9 2014,9.48%
May 8 2014,9.56%
May 7 2014,9.42%
May 6 2014,9.55%
May 5 2014,9.57%
May 2 2014,9.62%
May 1 2014,9.81%
April 30 2014,9.90%
April 29 2014,9.86%
April 28 2014,9.86%
April 25 2014,9.89%
April 24 2014,9.88%
April 23 2014,9.94%
April 22 2014,9.92%
April 21 2014,9.87%
April 17 2014,9.84%
April 16 2014,9.98%
April 15 2014,10.09%
April 14 2014,10.29%
April 11 2014,10.39%
April 10 2014,10.56%
April 9 2014,10.29%
April 8 2014,10.50%
April 7 2014,10.59%
April 4 2014,10.48%
April 3 2014,10.48%
April 2 2014,10.38%
April 1 2014,10.47%
March 31 2014,10.46%
March 28 2014,10.49%
March 27 2014,10.65%
March 26 2014,10.76%
March 25 2014,10.79%
March 24 2014,10.92%
March 21 2014,10.94%
March 20 2014,10.87%
March 19 2014,10.93%
March 18 2014,10.84%
March 17 2014,10.97%
March 14 2014,11.08%
March 13 2014,11.13%
March 12 2014,11.09%
March 11 2014,11.09%
March 10 2014,11.03%
March 7 2014,11.10%
March 6 2014,11.12%
March 5 2014,11.13%
March 4 2014,11.10%
March 3 2014,11.13%
Feb. 28 2014,11.10%
Feb. 27 2014,11.14%
Feb. 26 2014,11.16%
Feb. 25 2014,11.09%
Feb. 24 2014,11.11%
Feb. 21 2014,11.41%
Feb. 20 2014,11.37%
Feb. 19 2014,11.35%
Feb. 18 2014,11.29%
Feb. 14 2014,11.26%
Feb. 13 2014,11.40%
Feb. 12 2014,11.32%
Feb. 11 2014,11.26%
Feb. 10 2014,11.43%
Feb. 7 2014,11.36%
Feb. 6 2014,11.48%
Feb. 5 2014,11.63%
Feb. 4 2014,11.58%
Feb. 3 2014,11.56%
Jan. 31 2014,11.36%
Jan. 30 2014,11.22%
Jan. 29 2014,11.21%
Jan. 28 2014,11.15%
Jan. 27 2014,11.21%
Jan. 24 2014,11.09%
Jan. 23 2014,10.88%
Jan. 22 2014,10.79%
Jan. 21 2014,10.81%
Jan. 17 2014,10.93%
Jan. 16 2014,10.88%
Jan. 15 2014,10.84%
Jan. 14 2014,10.80%
Jan. 13 2014,10.89%
Jan. 10 2014,10.72%
Jan. 9 2014,10.62%
Jan. 8 2014,10.59%
Jan. 7 2014,10.49%
Jan. 6 2014,10.50%
Jan. 3 2014,10.55%
Jan. 2 2014,10.58%
Dec. 31 2013,10.45%
Dec. 30 2013,9.37%
Dec. 27 2013,9.31%
Dec. 26 2013,9.33%
Dec. 24 2013,9.37%
Dec. 23 2013,9.42%
Dec. 20 2013,9.37%
Dec. 19 2013,9.48%
Dec. 18 2013,9.44%
Dec. 17 2013,9.48%
Dec. 16 2013,9.39%
Dec. 13 2013,9.43%
Dec. 12 2013,9.43%
Dec. 11 2013,9.48%
Dec. 10 2013,9.32%
Dec. 9 2013,9.30%
Dec. 6 2013,9.26%
Dec. 5 2013,9.25%
Dec. 4 2013,9.17%
Dec. 3 2013,9.04%
Dec. 2 2013,9.03%
Nov. 29 2013,9.00%
Nov. 27 2013,9.02%
Nov. 26 2013,8.98%
Nov. 25 2013,9.00%
Nov. 22 2013,8.85%
Nov. 21 2013,8.93%
Nov. 20 2013,9.07%
Nov. 19 2013,9.06%
Nov. 18 2013,9.06%
Nov. 15 2013,8.94%
Nov. 14 2013,8.89%
Nov. 13 2013,8.93%
Nov. 12 2013,8.99%
Nov. 11 2013,8.90%
Nov. 8 2013,8.89%
Nov. 7 2013,9.03%
Nov. 6 2013,8.86%
Nov. 5 2013,9.03%
Nov. 4 2013,8.93%
Nov. 1 2013,8.96%
Oct. 31 2013,8.93%
Oct. 30 2013,8.94%
Oct. 29 2013,8.81%
Oct. 28 2013,8.86%
Oct. 25 2013,8.84%
Oct. 24 2013,8.92%
Oct. 23 2013,9.05%
Oct. 22 2013,8.94%
Oct. 21 2013,8.97%
Oct. 18 2013,8.92%
Oct. 17 2013,8.92%
Oct. 16 2013,8.98%
Oct. 15 2013,9.11%
Oct. 14 2013,9.10%
Oct. 11 2013,9.13%
Oct. 10 2013,9.22%
Oct. 9 2013,9.39%
Oct. 8 2013,9.33%
Oct. 7 2013,9.24%
Oct. 4 2013,9.23%
Oct. 3 2013,9.33%
Oct. 2 2013,9.31%
Oct. 1 2013,9.35%
Sept. 30 2013,9.42%
Sept. 27 2013,8.55%
Sept. 26 2013,8.56%
Sept. 25 2013,8.55%
Sept. 24 2013,8.54%
Sept. 23 2013,8.52%
Sept. 20 2013,8.46%
Sept. 19 2013,8.48%
Sept. 18 2013,8.52%
Sept. 17 2013,8.62%
Sept. 16 2013,8.67%
Sept. 13 2013,8.69%
Sept. 12 2013,8.74%
Sept. 11 2013,8.69%
Sept. 10 2013,8.75%
Sept. 9 2013,8.73%
Sept. 6 2013,8.81%
Sept. 5 2013,8.87%
Sept. 4 2013,8.88%
Sept. 3 2013,9.00%
Aug. 30 2013,9.06%
Aug. 29 2013,9.08%
Aug. 28 2013,9.00%
Aug. 27 2013,9.10%
Aug. 26 2013,9.06%
Aug. 23 2013,9.03%
Aug. 22 2013,9.09%
Aug. 21 2013,9.17%
Aug. 20 2013,9.11%
Aug. 19 2013,9.13%
Aug. 16 2013,8.92%
Aug. 15 2013,8.89%
Aug. 14 2013,8.95%
Aug. 13 2013,8.98%
Aug. 12 2013,9.09%
Aug. 9 2013,8.99%
Aug. 8 2013,8.96%
Aug. 7 2013,9.03%
Aug. 6 2013,8.96%
Aug. 5 2013,8.94%
Aug. 2 2013,8.94%
Aug. 1 2013,9.09%
July 31 2013,9.27%
July 30 2013,9.27%
July 29 2013,9.22%
July 26 2013,9.14%
July 25 2013,9.15%
July 24 2013,9.16%
July 23 2013,9.09%
July 22 2013,9.13%
July 19 2013,9.11%
July 18 2013,9.20%
July 17 2013,9.17%
July 16 2013,9.25%
July 15 2013,9.21%
July 12 2013,9.27%
July 11 2013,9.34%
July 10 2013,9.46%
July 9 2013,9.46%
July 8 2013,9.53%
July 5 2013,9.65%
July 3 2013,9.72%
July 2 2013,9.73%
July 1 2013,9.82%
June 28 2013,10.18%
June 27 2013,10.21%
June 26 2013,10.21%
June 25 2013,10.30%
June 24 2013,10.38%
June 21 2013,10.21%
June 20 2013,10.22%
June 19 2013,9.98%
June 18 2013,9.92%
June 17 2013,9.95%
June 14 2013,10.09%
June 13 2013,9.99%
June 12 2013,10.12%
June 11 2013,9.95%
June 10 2013,9.90%
June 7 2013,9.88%
June 6 2013,9.95%
June 5 2013,10.00%
June 4 2013,9.99%
June 3 2013,9.92%
May 31 2013,10.04%
May 30 2013,9.89%
May 29 2013,9.81%
May 28 2013,9.80%
May 24 2013,9.85%
May 23 2013,9.81%
May 22 2013,9.82%
May 21 2013,9.58%
May 20 2013,9.62%
May 17 2013,9.73%
May 16 2013,9.87%
May 15 2013,9.87%
May 14 2013,9.77%
May 13 2013,9.94%
May 10 2013,9.90%
May 9 2013,9.84%
May 8 2013,9.84%
May 7 2013,9.80%
May 6 2013,9.90%
May 3 2013,9.95%
May 2 2013,10.10%
May 1 2013,10.26%
April 30 2013,10.19%
April 29 2013,10.28%
April 26 2013,10.46%
April 25 2013,10.55%
April 24 2013,10.57%
April 23 2013,10.66%
April 22 2013,10.73%
April 19 2013,10.71%
April 18 2013,10.75%
April 17 2013,10.84%
April 16 2013,10.72%
April 15 2013,10.76%
April 12 2013,10.38%
April 11 2013,10.24%
April 10 2013,10.22%
April 9 2013,10.30%
April 8 2013,10.39%
April 5 2013,10.52%
April 4 2013,10.46%
April 3 2013,10.39%
April 2 2013,10.26%
April 1 2013,10.19%
March 28 2013,11.15%
March 27 2013,11.10%
March 26 2013,11.09%
March 25 2013,11.13%
March 22 2013,11.00%
March 21 2013,10.99%
March 20 2013,11.09%
March 19 2013,11.30%
March 18 2013,11.33%
March 15 2013,11.34%
March 14 2013,11.26%
March 13 2013,11.40%
March 12 2013,11.41%
March 11 2013,11.46%
March 8 2013,11.47%
March 7 2013,11.58%
March 6 2013,11.55%
March 5 2013,11.62%
March 4 2013,11.63%
March 1 2013,11.50%
Feb. 28 2013,11.56%
Feb. 27 2013,11.54%
Feb. 26 2013,11.60%
Feb. 25 2013,11.78%
Feb. 22 2013,11.51%
Feb. 21 2013,11.53%
Feb. 20 2013,11.62%
Feb. 19 2013,11.43%
Feb. 15 2013,11.75%
Feb. 14 2013,11.57%
Feb. 13 2013,11.43%
Feb. 12 2013,11.50%
Feb. 11 2013,11.63%
Feb. 8 2013,11.58%
Feb. 7 2013,11.63%
Feb. 6 2013,11.63%
Feb. 5 2013,11.61%
Feb. 4 2013,11.55%
Feb. 1 2013,11.39%
Jan. 31 2013,11.55%
Jan. 30 2013,10.97%
Jan. 29 2013,10.87%
Jan. 28 2013,11.03%
Jan. 25 2013,10.97%
Jan. 24 2013,11.09%
Jan. 23 2013,11.25%
Jan. 22 2013,11.17%
Jan. 18 2013,11.30%
Jan. 17 2013,11.33%
Jan. 16 2013,11.38%
Jan. 15 2013,11.35%
Jan. 14 2013,11.46%
Jan. 11 2013,11.50%
Jan. 10 2013,11.45%
Jan. 9 2013,11.50%
Jan. 8 2013,11.48%
Jan. 7 2013,11.32%
Jan. 4 2013,11.20%
Jan. 3 2013,11.32%
Jan. 2 2013,11.32%
Dec. 31 2012,11.55%
Dec. 28 2012,14.16%
Dec. 27 2012,13.96%
Dec. 26 2012,13.94%
Dec. 24 2012,13.83%
Dec. 21 2012,13.79%
Dec. 20 2012,13.63%
Dec. 19 2012,13.65%
Dec. 18 2012,13.63%
Dec. 17 2012,13.86%
Dec. 14 2012,14.01%
Dec. 13 2012,13.96%
Dec. 12 2012,13.88%
Dec. 11 2012,13.90%
Dec. 10 2012,13.96%
Dec. 7 2012,13.95%
Dec. 6 2012,14.09%
Dec. 5 2012,14.13%
Dec. 4 2012,14.22%
Dec. 3 2012,14.13%
Nov. 30 2012,14.19%
Nov. 29 2012,14.18%
Nov. 28 2012,14.16%
Nov. 27 2012,14.38%
Nov. 26 2012,14.23%
Nov. 23 2012,14.26%
Nov. 21 2012,14.42%
Nov. 20 2012,14.52%
Nov. 19 2012,14.50%
Nov. 16 2012,14.68%
Nov. 15 2012,14.80%
Nov. 14 2012,14.75%
Nov. 13 2012,14.60%
Nov. 12 2012,14.52%
Nov. 9 2012,14.51%
Nov. 8 2012,14.46%
Nov. 7 2012,14.23%
Nov. 6 2012,13.88%
Nov. 5 2012,14.04%
Nov. 2 2012,14.02%
Nov. 1 2012,13.83%
Oct. 31 2012,13.97%
Oct. 26 2012,14.10%
Oct. 25 2012,14.14%
Oct. 24 2012,14.44%
Oct. 23 2012,14.41%
Oct. 22 2012,14.17%
Oct. 19 2012,14.06%
Oct. 18 2012,13.87%
Oct. 17 2012,13.90%
Oct. 16 2012,14.02%
Oct. 15 2012,14.23%
Oct. 12 2012,14.38%
Oct. 11 2012,14.27%
Oct. 10 2012,14.12%
Oct. 9 2012,13.98%
Oct. 8 2012,14.02%
Oct. 5 2012,14.03%
Oct. 4 2012,14.08%
Oct. 3 2012,14.23%
Oct. 2 2012,14.08%
Oct. 1 2012,14.07%
Sept. 28 2012,14.92%
Sept. 27 2012,14.86%
Sept. 26 2012,14.96%
Sept. 25 2012,14.86%
Sept. 24 2012,14.72%
Sept. 21 2012,14.87%
Sept. 20 2012,14.81%
Sept. 19 2012,14.88%
Sept. 18 2012,14.75%
Sept. 17 2012,14.63%
Sept. 14 2012,14.65%
Sept. 13 2012,14.80%
Sept. 12 2012,15.09%
Sept. 11 2012,15.13%
Sept. 10 2012,15.18%
Sept. 7 2012,15.06%
Sept. 6 2012,15.29%
Sept. 5 2012,15.55%
Sept. 4 2012,15.18%
Aug. 31 2012,15.02%
Aug. 30 2012,15.20%
Aug. 29 2012,15.14%
Aug. 28 2012,15.11%
Aug. 27 2012,15.13%
Aug. 24 2012,15.13%
Aug. 23 2012,15.19%
Aug. 22 2012,15.05%
Aug. 21 2012,15.06%
Aug. 20 2012,14.96%
Aug. 17 2012,14.86%
Aug. 16 2012,14.82%
Aug. 15 2012,14.90%
Aug. 14 2012,14.87%
Aug. 13 2012,14.88%
Aug. 10 2012,14.89%
Aug. 9 2012,14.94%
Aug. 8 2012,14.92%
Aug. 7 2012,15.11%
Aug. 6 2012,15.26%
Aug. 3 2012,15.31%
Aug. 2 2012,15.61%
Aug. 1 2012,15.45%
July 31 2012,15.67%
July 30 2012,15.55%
July 27 2012,15.52%
July 26 2012,15.68%
July 25 2012,16.02%
July 24 2012,15.61%
July 23 2012,15.50%
July 20 2012,15.23%
July 19 2012,15.13%
July 18 2012,15.03%
July 17 2012,15.16%
July 16 2012,15.38%
July 13 2012,15.51%
July 12 2012,15.80%
July 11 2012,15.69%
July 10 2012,15.95%
July 9 2012,15.70%
July 6 2012,15.58%
July 5 2012,15.43%
July 3 2012,15.12%
July 2 2012,15.31%
June 29 2012,16.36%
June 28 2012,16.76%
June 27 2012,16.79%
June 26 2012,17.04%
June 25 2012,17.26%
June 22 2012,17.11%
June 21 2012,17.32%
June 20 2012,16.79%
June 19 2012,16.43%
June 18 2012,16.60%
June 15 2012,16.48%
June 14 2012,16.72%
June 13 2012,16.89%
June 12 2012,16.71%
June 11 2012,16.96%
June 8 2012,16.94%
June 7 2012,16.99%
June 6 2012,17.06%
June 5 2012,17.62%
June 4 2012,17.82%
June 1 2012,17.86%
May 31 2012,17.52%
May 30 2012,17.56%
May 29 2012,17.16%
May 25 2012,17.54%
May 24 2012,17.53%
May 23 2012,17.69%
May 22 2012,17.69%
May 21 2012,17.66%
May 18 2012,17.98%
May 17 2012,17.86%
May 16 2012,17.47%
May 15 2012,17.40%
May 14 2012,17.27%
May 11 2012,17.08%
May 10 2012,16.86%
May 9 2012,17.09%
May 8 2012,16.83%
May 7 2012,17.13%
May 4 2012,17.19%
May 3 2012,16.84%
May 2 2012,16.74%
May 1 2012,16.17%
April 30 2012,16.74%
April 27 2012,16.66%
April 26 2012,16.61%
April 25 2012,16.88%
April 24 2012,16.68%
April 23 2012,16.58%
April 20 2012,16.45%
April 19 2012,16.45%
April 18 2012,16.36%
April 17 2012,16.15%
April 16 2012,16.24%
April 13 2012,16.28%
April 12 2012,16.09%
April 11 2012,16.30%
April 10 2012,16.27%
April 9 2012,15.98%
April 5 2012,15.91%
April 4 2012,15.74%
April 3 2012,15.71%
April 2 2012,15.60%
March 30 2012,15.46%
March 29 2012,15.51%
March 28 2012,15.47%
March 27 2012,15.30%
March 26 2012,15.19%
March 23 2012,15.36%
March 22 2012,15.49%
March 21 2012,15.21%
March 20 2012,15.15%
March 19 2012,15.06%
March 16 2012,15.23%
March 15 2012,15.34%
March 14 2012,15.16%
March 13 2012,15.12%
March 12 2012,15.20%
March 9 2012,15.23%
March 8 2012,15.22%
March 7 2012,15.26%
March 6 2012,15.37%
March 5 2012,15.15%
March 2 2012,15.14%
March 1 2012,15.03%
Feb. 29 2012,15.35%
Feb. 28 2012,15.21%
Feb. 27 2012,15.38%
Feb. 24 2012,15.48%
Feb. 23 2012,15.71%
Feb. 22 2012,15.86%
Feb. 21 2012,15.92%
Feb. 17 2012,16.02%
Feb. 16 2012,16.15%
Feb. 15 2012,16.00%
Feb. 14 2012,15.97%
Feb. 13 2012,16.14%
Feb. 10 2012,16.27%
Feb. 9 2012,16.43%
Feb. 8 2012,16.27%
Feb. 7 2012,16.34%
Feb. 6 2012,16.48%
Feb. 3 2012,16.68%
Feb. 2 2012,16.81%
Feb. 1 2012,16.96%
Jan. 31 2012,17.23%
Jan. 30 2012,17.10%
Jan. 27 2012,16.94%
Jan. 26 2012,16.90%
Jan. 25 2012,16.80%
Jan. 24 2012,16.65%
Jan. 23 2012,16.66%
Jan. 20 2012,16.51%
Jan. 19 2012,16.49%
Jan. 18 2012,16.44%
Jan. 17 2012,16.60%
Jan. 13 2012,16.71%
Jan. 12 2012,16.61%
Jan. 11 2012,16.32%
Jan. 10 2012,16.04%
Jan. 9 2012,16.11%
Jan. 6 2012,16.18%
Jan. 5 2012,16.05%
Jan. 4 2012,15.92%
Jan. 3 2012,15.85%
Dec. 30 2011,14.08%
Dec. 29 2011,14.08%
Dec. 28 2011,14.28%
Dec. 27 2011,14.06%
Dec. 23 2011,14.16%
Dec. 22 2011,14.30%
Dec. 21 2011,14.53%
Dec. 20 2011,14.70%
Dec. 19 2011,15.12%
Dec. 16 2011,15.00%
Dec. 15 2011,15.02%
Dec. 14 2011,14.97%
Dec. 13 2011,14.69%
Dec. 12 2011,14.55%
Dec. 9 2011,14.26%
Dec. 8 2011,14.44%
Dec. 7 2011,14.17%
Dec. 6 2011,14.14%
Dec. 5 2011,14.09%
Dec. 2 2011,14.14%
Dec. 1 2011,14.30%
Nov. 30 2011,14.38%
Nov. 29 2011,15.05%
Nov. 28 2011,15.25%
Nov. 25 2011,15.51%
Nov. 23 2011,15.33%
Nov. 22 2011,15.05%
Nov. 21 2011,14.90%
Nov. 18 2011,14.81%
Nov. 17 2011,14.75%
Nov. 16 2011,14.70%
Nov. 15 2011,14.25%
Nov. 14 2011,14.31%
Nov. 11 2011,14.22%
Nov. 10 2011,14.36%
Nov. 9 2011,14.61%
Nov. 8 2011,14.10%
Nov. 7 2011,14.33%
Nov. 4 2011,14.51%
Nov. 3 2011,14.55%
Nov. 2 2011,14.85%
Nov. 1 2011,15.10%
Oct. 31 2011,14.73%
Oct. 28 2011,14.30%
Oct. 27 2011,13.93%
Oct. 26 2011,14.27%
Oct. 25 2011,14.51%
Oct. 24 2011,14.22%
Oct. 21 2011,14.28%
Oct. 20 2011,14.60%
Oct. 19 2011,14.75%
Oct. 18 2011,14.82%
Oct. 17 2011,15.01%
Oct. 14 2011,14.87%
Oct. 13 2011,15.30%
Oct. 12 2011,15.12%
Oct. 11 2011,15.31%
Oct. 10 2011,15.32%
Oct. 7 2011,15.99%
Oct. 6 2011,15.94%
Oct. 5 2011,16.05%
Oct. 4 2011,16.47%
Oct. 3 2011,16.82%
Sept. 30 2011,16.20%
Sept. 29 2011,16.22%
Sept. 28 2011,16.51%
Sept. 27 2011,16.25%
Sept. 26 2011,16.28%
Sept. 23 2011,16.70%
Sept. 22 2011,16.61%
Sept. 21 2011,16.08%
Sept. 20 2011,15.58%
Sept. 19 2011,15.64%
Sept. 16 2011,15.52%
Sept. 15 2011,15.60%
Sept. 14 2011,15.83%
Sept. 13 2011,16.12%
Sept. 12 2011,16.25%
Sept. 9 2011,16.26%
Sept. 8 2011,15.85%
Sept. 7 2011,15.51%
Sept. 6 2011,15.89%
Sept. 2 2011,15.72%
Sept. 1 2011,15.36%
Aug. 31 2011,15.34%
Aug. 30 2011,15.39%
Aug. 29 2011,15.41%
Aug. 26 2011,15.94%
Aug. 25 2011,16.12%
Aug. 24 2011,15.79%
Aug. 23 2011,15.89%
Aug. 22 2011,16.49%
Aug. 19 2011,16.42%
Aug. 18 2011,16.37%
Aug. 17 2011,15.63%
Aug. 16 2011,15.69%
Aug. 15 2011,15.47%
Aug. 12 2011,15.81%
Aug. 11 2011,15.94%
Aug. 10 2011,16.65%
Aug. 9 2011,16.17%
Aug. 8 2011,16.86%
Aug. 5 2011,15.41%
Aug. 4 2011,15.60%
Aug. 3 2011,14.80%
Aug. 2 2011,14.78%
Aug. 1 2011,14.50%
July 29 2011,14.50%
July 28 2011,14.35%
July 27 2011,14.28%
July 26 2011,14.19%
July 25 2011,14.01%
July 22 2011,13.87%
July 21 2011,13.77%
July 20 2011,13.90%
July 19 2011,13.84%
July 18 2011,13.84%
July 15 2011,13.66%
July 14 2011,13.81%
July 13 2011,14.03%
July 12 2011,14.05%
July 11 2011,13.98%
July 8 2011,13.76%
July 7 2011,13.60%
July 6 2011,13.73%
July 5 2011,13.77%
July 1 2011,13.76%
June 30 2011,13.89%
June 29 2011,14.74%
June 28 2011,14.90%
June 27 2011,15.20%
June 24 2011,15.28%
June 23 2011,14.95%
June 22 2011,14.89%
June 21 2011,14.80%
June 20 2011,15.10%
June 17 2011,15.17%
June 16 2011,15.24%
June 15 2011,15.47%
June 14 2011,15.19%
June 13 2011,15.43%
June 10 2011,15.27%
June 9 2011,15.05%
June 8 2011,15.27%
June 7 2011,15.40%
June 6 2011,15.39%
June 3 2011,15.08%
June 2 2011,15.13%
June 1 2011,15.09%
May 31 2011,14.91%
May 27 2011,15.02%
May 26 2011,15.09%
May 25 2011,15.16%
May 24 2011,15.18%
May 23 2011,15.30%
May 20 2011,15.03%
May 19 2011,15.01%
May 18 2011,14.99%
May 17 2011,15.26%
May 16 2011,15.28%
May 13 2011,15.28%
May 12 2011,15.26%
May 11 2011,15.05%
May 10 2011,14.63%
May 9 2011,14.80%
May 6 2011,14.96%
May 5 2011,15.16%
May 4 2011,14.82%
May 3 2011,14.64%
May 2 2011,14.09%
April 29 2011,13.83%
April 28 2011,14.09%
April 27 2011,13.67%
April 26 2011,13.44%
April 25 2011,13.56%
April 21 2011,13.52%
April 20 2011,13.64%
April 19 2011,13.97%
April 18 2011,14.06%
April 15 2011,13.79%
April 14 2011,13.94%
April 13 2011,14.05%
April 12 2011,14.14%
April 11 2011,13.62%
April 8 2011,13.51%
April 7 2011,13.57%
April 6 2011,13.57%
April 5 2011,13.59%
April 4 2011,13.70%
April 1 2011,13.70%
March 31 2011,13.67%
March 30 2011,12.40%
March 29 2011,12.70%
March 28 2011,12.58%
March 25 2011,12.47%
March 24 2011,12.56%
March 23 2011,12.74%
March 22 2011,12.96%
March 21 2011,12.91%
March 18 2011,13.28%
March 17 2011,13.05%
March 16 2011,13.57%
March 15 2011,13.35%
March 14 2011,13.20%
March 11 2011,13.12%
March 10 2011,13.31%
March 9 2011,12.83%
March 8 2011,12.78%
March 7 2011,12.64%
March 4 2011,12.51%
March 3 2011,12.58%
March 2 2011,12.79%
March 1 2011,12.86%
Feb. 28 2011,12.85%
Feb. 25 2011,12.95%
Feb. 24 2011,12.95%
Feb. 23 2011,12.74%
Feb. 22 2011,13.06%
Feb. 18 2011,13.06%
Feb. 17 2011,13.25%
Feb. 16 2011,13.35%
Feb. 15 2011,13.62%
Feb. 14 2011,13.57%
Feb. 11 2011,13.98%
Feb. 10 2011,14.28%
Feb. 9 2011,14.16%
Feb. 8 2011,13.90%
Feb. 7 2011,13.85%
Feb. 4 2011,13.97%
Feb. 3 2011,13.90%
Feb. 2 2011,13.88%
Feb. 1 2011,13.96%
Jan. 31 2011,14.01%
Jan. 28 2011,14.18%
Jan. 27 2011,14.42%
Jan. 26 2011,14.45%
Jan. 25 2011,14.83%
Jan. 24 2011,14.70%
Jan. 21 2011,14.79%
Jan. 20 2011,14.89%
Jan. 19 2011,14.77%
Jan. 18 2011,14.70%
Jan. 14 2011,14.78%
Jan. 13 2011,14.88%
Jan. 12 2011,14.57%
Jan. 11 2011,14.68%
Jan. 10 2011,14.97%
Jan. 7 2011,14.91%
Jan. 6 2011,14.95%
Jan. 5 2011,14.82%
Jan. 4 2011,14.74%
Jan. 3 2011,14.67%
Dec. 31 2010,14.70%
Dec. 30 2010,13.66%
Dec. 29 2010,13.67%
Dec. 28 2010,13.75%
Dec. 27 2010,13.83%
Dec. 23 2010,13.85%
Dec. 22 2010,13.86%
Dec. 21 2010,13.94%
Dec. 20 2010,14.07%
Dec. 17 2010,14.28%
Dec. 16 2010,14.14%
Dec. 15 2010,14.26%
Dec. 14 2010,14.15%
Dec. 13 2010,14.19%
Dec. 10 2010,14.38%
Dec. 9 2010,14.36%
Dec. 8 2010,14.37%
Dec. 7 2010,14.43%
Dec. 6 2010,14.47%
Dec. 3 2010,14.53%
Dec. 2 2010,14.58%
Dec. 1 2010,14.87%
Nov. 30 2010,15.44%
Nov. 29 2010,15.31%
Nov. 26 2010,15.27%
Nov. 24 2010,15.11%
Nov. 23 2010,15.35%
Nov. 22 2010,15.10%
Nov. 19 2010,15.00%
Nov. 18 2010,15.04%
Nov. 17 2010,15.27%
Nov. 16 2010,15.24%
Nov. 15 2010,14.96%
Nov. 12 2010,14.88%
Nov. 11 2010,14.77%
Nov. 10 2010,14.69%
Nov. 9 2010,14.97%
Nov. 8 2010,14.88%
Nov. 5 2010,15.03%
Nov. 4 2010,15.16%
Nov. 3 2010,15.63%
Nov. 2 2010,15.65%
Nov. 1 2010,15.75%
Oct. 29 2010,15.64%
Oct. 28 2010,15.59%
Oct. 27 2010,15.46%
Oct. 26 2010,15.13%
Oct. 25 2010,15.14%
Oct. 22 2010,15.06%
Oct. 21 2010,15.20%
Oct. 20 2010,15.16%
Oct. 19 2010,15.48%
Oct. 18 2010,15.16%
Oct. 15 2010,15.28%
Oct. 14 2010,15.40%
Oct. 13 2010,15.45%
Oct. 12 2010,15.58%
Oct. 11 2010,15.53%
Oct. 8 2010,15.58%
Oct. 7 2010,15.55%
Oct. 6 2010,15.59%
Oct. 5 2010,15.80%
Oct. 4 2010,16.22%
Oct. 1 2010,16.05%
Sept. 30 2010,16.17%
Sept. 29 2010,13.72%
Sept. 28 2010,13.79%
Sept. 27 2010,13.99%
Sept. 24 2010,13.97%
Sept. 23 2010,14.25%
Sept. 22 2010,14.04%
Sept. 21 2010,13.93%
Sept. 20 2010,13.85%
Sept. 17 2010,14.24%
Sept. 16 2010,14.22%
Sept. 15 2010,14.17%
Sept. 14 2010,14.21%
Sept. 13 2010,14.21%
Sept. 10 2010,14.38%
Sept. 9 2010,14.38%
Sept. 8 2010,14.49%
Sept. 7 2010,14.67%
Sept. 3 2010,14.30%
Sept. 2 2010,14.46%
Sept. 1 2010,14.56%
Aug. 31 2010,15.01%
Aug. 30 2010,14.94%
Aug. 27 2010,14.73%
Aug. 26 2010,15.02%
Aug. 25 2010,14.72%
Aug. 24 2010,14.73%
Aug. 23 2010,14.65%
Aug. 20 2010,14.61%
Aug. 19 2010,14.39%
Aug. 18 2010,14.20%
Aug. 17 2010,14.09%
Aug. 16 2010,14.33%
Aug. 13 2010,14.31%
Aug. 12 2010,14.22%
Aug. 11 2010,14.18%
Aug. 10 2010,13.84%
Aug. 9 2010,13.73%
Aug. 6 2010,13.83%
Aug. 5 2010,13.64%
Aug. 4 2010,13.71%
Aug. 3 2010,13.67%
Aug. 2 2010,13.68%
July 30 2010,14.25%
July 29 2010,14.43%
July 28 2010,14.46%
July 27 2010,14.46%
July 26 2010,14.46%
July 23 2010,14.63%
July 22 2010,14.78%
July 21 2010,15.10%
July 20 2010,14.95%
July 19 2010,15.18%
July 16 2010,15.18%
July 15 2010,14.89%
July 14 2010,14.91%
July 13 2010,14.79%
July 12 2010,15.11%
July 9 2010,15.05%
July 8 2010,15.27%
July 7 2010,15.38%
July 6 2010,16.00%
July 2 2010,16.12%
July 1 2010,16.11%
June 30 2010,16.03%
June 29 2010,10.00%
June 28 2010,9.74%
June 25 2010,9.60%
June 24 2010,9.49%
June 23 2010,9.32%
June 22 2010,9.15%
June 21 2010,8.93%
June 18 2010,8.90%
June 17 2010,9.03%
June 16 2010,9.15%
June 15 2010,9.18%
June 14 2010,9.44%
June 11 2010,9.32%
June 10 2010,9.34%
June 9 2010,9.83%
June 8 2010,9.80%
June 7 2010,10.05%
June 4 2010,9.96%
June 3 2010,9.59%
June 2 2010,9.50%
June 1 2010,9.90%
May 28 2010,9.61%
May 27 2010,9.55%
May 26 2010,10.06%
May 25 2010,9.99%
May 24 2010,9.95%
May 21 2010,9.68%
May 20 2010,9.79%
May 19 2010,9.25%
May 18 2010,9.12%
May 17 2010,9.03%
May 14 2010,8.93%
May 13 2010,8.75%
May 12 2010,8.64%
May 11 2010,8.70%
May 10 2010,8.80%
May 7 2010,9.12%
May 6 2010,9.05%
May 5 2010,8.78%
May 4 2010,8.59%
May 3 2010,8.35%
April 30 2010,8.42%
April 29 2010,8.43%
April 28 2010,8.51%
April 27 2010,8.66%
April 26 2010,8.55%
April 23 2010,8.58%
April 22 2010,8.75%
April 21 2010,8.71%
April 20 2010,8.68%
April 19 2010,8.80%
April 16 2010,8.89%
April 15 2010,8.74%
April 14 2010,8.76%
April 13 2010,8.95%
April 12 2010,8.91%
April 9 2010,9.01%
April 8 2010,9.24%
April 7 2010,9.42%
April 6 2010,9.35%
April 5 2010,9.36%
April 1 2010,9.58%
March 31 2010,9.74%
March 30 2010,7.52%
March 29 2010,7.54%
March 26 2010,7.56%
March 25 2010,7.48%
March 24 2010,7.34%
March 23 2010,7.34%
March 22 2010,7.40%
March 19 2010,7.36%
March 18 2010,7.32%
March 17 2010,7.28%
March 16 2010,7.39%
March 15 2010,7.47%
March 12 2010,7.46%
March 11 2010,7.52%
March 10 2010,7.49%
March 9 2010,7.58%
March 8 2010,7.60%
March 5 2010,7.65%
March 4 2010,7.82%
March 3 2010,7.81%
March 2 2010,7.76%
March 1 2010,7.89%
Feb. 26 2010,8.03%
Feb. 25 2010,7.98%
Feb. 24 2010,7.98%
Feb. 23 2010,8.06%
Feb. 22 2010,7.92%
Feb. 19 2010,7.89%
Feb. 18 2010,7.89%
Feb. 17 2010,7.82%
Feb. 16 2010,7.73%
Feb. 12 2010,7.92%
Feb. 11 2010,7.89%
Feb. 10 2010,7.99%
Feb. 9 2010,7.95%
Feb. 8 2010,8.14%
Feb. 5 2010,8.04%
Feb. 4 2010,8.01%
Feb. 3 2010,7.71%
Feb. 2 2010,7.69%
Feb. 1 2010,7.86%
Jan. 29 2010,8.03%
Jan. 28 2010,7.98%
Jan. 27 2010,7.74%
Jan. 26 2010,7.65%
Jan. 25 2010,7.60%
Jan. 22 2010,7.62%
Jan. 21 2010,7.38%
Jan. 20 2010,7.27%
Jan. 19 2010,7.18%
Jan. 15 2010,7.27%
Jan. 14 2010,7.28%
Jan. 13 2010,7.31%
Jan. 12 2010,7.36%
Jan. 11 2010,7.20%
Jan. 8 2010,7.24%
Jan. 7 2010,7.30%
Jan. 6 2010,7.28%
Jan. 5 2010,7.33%
Jan. 4 2010,7.33%
Dec. 31 2009,7.55%
Dec. 30 2009,-48.08%
Dec. 29 2009,-48.26%
Dec. 28 2009,-47.92%
Dec. 24 2009,-48.20%
Dec. 23 2009,-48.57%
Dec. 22 2009,-48.22%
Dec. 21 2009,-48.45%
Dec. 18 2009,-49.23%
Dec. 17 2009,-48.83%
Dec. 16 2009,-48.21%
Dec. 15 2009,-48.40%
Dec. 14 2009,-47.99%
Dec. 11 2009,-48.15%
Dec. 10 2009,-48.18%
Dec. 9 2009,-48.82%
Dec. 8 2009,-49.09%
Dec. 7 2009,-48.24%
Dec. 4 2009,-48.40%
Dec. 3 2009,-47.91%
Dec. 2 2009,-47.29%
Dec. 1 2009,-46.91%
Nov. 30 2009,-47.36%
Nov. 27 2009,-47.22%
Nov. 25 2009,-46.35%
Nov. 24 2009,-46.54%
Nov. 23 2009,-46.82%
Nov. 20 2009,-47.08%
Nov. 19 2009,-46.65%
Nov. 18 2009,-45.76%
Nov. 17 2009,-45.66%
Nov. 16 2009,-45.54%
Nov. 13 2009,-46.41%
Nov. 12 2009,-46.95%
Nov. 11 2009,-46.12%
Nov. 10 2009,-45.76%
Nov. 9 2009,-46.39%
Nov. 6 2009,-47.05%
Nov. 5 2009,-47.19%
Nov. 4 2009,-47.84%
Nov. 3 2009,-48.31%
Nov. 2 2009,-49.05%
Oct. 30 2009,-48.86%
Oct. 29 2009,-47.76%
Oct. 28 2009,-49.54%
Oct. 27 2009,-47.70%
Oct. 26 2009,-48.32%
Oct. 23 2009,-47.18%
Oct. 22 2009,-46.32%
Oct. 21 2009,-46.29%
Oct. 20 2009,-46.35%
Oct. 19 2009,-46.19%
Oct. 16 2009,-47.18%
Oct. 15 2009,-47.36%
Oct. 14 2009,-48.22%
Oct. 13 2009,-48.10%
Oct. 12 2009,-47.74%
Oct. 9 2009,-48.28%
Oct. 8 2009,-47.69%
Oct. 7 2009,-49.33%
Oct. 6 2009,-50.64%
Oct. 5 2009,-51.23%
Oct. 2 2009,-52.39%
Oct. 1 2009,-53.88%
Sept. 30 2009,-54.29%
Sept. 29 2009,-47.20%
Sept. 28 2009,-46.71%
Sept. 25 2009,-47.37%
Sept. 24 2009,-47.37%
Sept. 23 2009,-46.57%
Sept. 22 2009,-45.76%
Sept. 21 2009,-46.25%
Sept. 18 2009,-45.60%
Sept. 17 2009,-45.61%
Sept. 16 2009,-45.61%
Sept. 15 2009,-46.07%
Sept. 14 2009,-45.81%
Sept. 11 2009,-46.44%
Sept. 10 2009,-46.02%
Sept. 9 2009,-46.57%
Sept. 8 2009,-46.40%
Sept. 4 2009,-47.46%
Sept. 3 2009,-48.26%
Sept. 2 2009,-48.13%
Sept. 1 2009,-48.34%
Aug. 31 2009,-47.40%
Aug. 28 2009,-46.70%
Aug. 27 2009,-46.67%
Aug. 26 2009,-46.81%
Aug. 25 2009,-47.40%
Aug. 24 2009,-47.10%
Aug. 21 2009,-48.29%
Aug. 20 2009,-49.35%
Aug. 19 2009,-49.50%
Aug. 18 2009,-50.11%
Aug. 17 2009,-50.38%
Aug. 14 2009,-48.76%
Aug. 13 2009,-48.28%
Aug. 12 2009,-48.63%
Aug. 11 2009,-48.93%
Aug. 10 2009,-48.26%
Aug. 7 2009,-48.43%
Aug. 6 2009,-48.37%
Aug. 5 2009,-47.86%
Aug. 4 2009,-47.59%
Aug. 3 2009,-47.44%
July 31 2009,-48.83%
July 30 2009,-49.42%
July 29 2009,-49.80%
July 28 2009,-47.53%
July 27 2009,-47.17%
July 24 2009,-47.48%
July 23 2009,-48.52%
July 22 2009,-49.45%
July 21 2009,-49.06%
July 20 2009,-49.42%
July 17 2009,-50.36%
July 16 2009,-50.37%
July 15 2009,-51.26%
July 14 2009,-52.63%
July 13 2009,-52.54%
July 10 2009,-53.73%
July 9 2009,-52.95%
July 8 2009,-54.11%
July 7 2009,-53.37%
July 6 2009,-52.27%
July 2 2009,-52.11%
July 1 2009,-50.74%
June 30 2009,-50.74%
June 29 2009,-41.46%
June 26 2009,-42.05%
June 25 2009,-41.90%
June 24 2009,-41.96%
June 23 2009,-42.42%
June 22 2009,-43.28%
June 19 2009,-40.72%
June 18 2009,-40.88%
June 17 2009,-41.15%
June 16 2009,-40.44%
June 15 2009,-40.60%
June 12 2009,-39.44%
June 11 2009,-38.42%
June 10 2009,-38.24%
June 9 2009,-38.42%
June 8 2009,-38.87%
June 5 2009,-38.89%
June 4 2009,-38.07%
June 3 2009,-38.35%
June 2 2009,-36.51%
June 1 2009,-36.53%
May 29 2009,-38.17%
May 28 2009,-38.37%
May 27 2009,-39.35%
May 26 2009,-38.86%
May 22 2009,-39.43%
May 21 2009,-39.18%
May 20 2009,-37.89%
May 19 2009,-38.12%
May 18 2009,-38.44%
May 15 2009,-39.83%
May 14 2009,-39.11%
May 13 2009,-39.24%
May 12 2009,-38.49%
May 11 2009,-38.78%
May 8 2009,-37.30%
May 7 2009,-40.01%
May 6 2009,-39.57%
May 5 2009,-40.73%
May 4 2009,-39.89%
May 1 2009,-41.17%
April 30 2009,-42.68%
April 29 2009,-42.16%
April 28 2009,-43.00%
April 27 2009,-42.65%
April 24 2009,-42.46%
April 23 2009,-43.82%
April 22 2009,-45.98%
April 21 2009,-45.21%
April 20 2009,-46.12%
April 17 2009,-43.56%
April 16 2009,-43.98%
April 15 2009,-44.08%
April 14 2009,-44.22%
April 13 2009,-43.68%
April 9 2009,-43.31%
April 8 2009,-44.25%
April 7 2009,-44.09%
April 6 2009,-42.52%
April 3 2009,-41.31%
April 2 2009,-42.22%
April 1 2009,-43.97%
March 31 2009,-44.69%
March 30 2009,-37.85%
March 27 2009,-36.62%
March 26 2009,-36.64%
March 25 2009,-37.21%
March 24 2009,-37.28%
March 23 2009,-36.25%
March 20 2009,-39.07%
March 19 2009,-38.62%
March 18 2009,-38.58%
March 17 2009,-39.28%
March 16 2009,-40.89%
March 13 2009,-40.57%
March 12 2009,-39.50%
March 11 2009,-38.89%
March 10 2009,-38.87%
March 9 2009,-40.43%
March 6 2009,-41.77%
March 5 2009,-41.73%
March 4 2009,-39.87%
March 3 2009,-41.88%
March 2 2009,-42.05%
Feb. 27 2009,-39.55%
Feb. 26 2009,-38.42%
Feb. 25 2009,-38.48%
Feb. 24 2009,-37.63%
Feb. 23 2009,-39.30%
Feb. 20 2009,-37.45%
Feb. 19 2009,-35.34%
Feb. 18 2009,-34.94%
Feb. 17 2009,-34.40%
Feb. 13 2009,-32.34%
Feb. 12 2009,-31.97%
Feb. 11 2009,-32.14%
Feb. 10 2009,-32.03%
Feb. 9 2009,-30.44%
Feb. 6 2009,-30.81%
Feb. 5 2009,-31.49%
Feb. 4 2009,-32.23%
Feb. 3 2009,-31.94%
Feb. 2 2009,-32.30%
Jan. 30 2009,-31.08%
Jan. 29 2009,-31.32%
Jan. 28 2009,-29.45%
Jan. 27 2009,-29.83%
Jan. 26 2009,-30.06%
Jan. 23 2009,-30.66%
Jan. 22 2009,-30.71%
Jan. 21 2009,-29.91%
Jan. 20 2009,-32.33%
Jan. 16 2009,-29.91%
Jan. 15 2009,-30.48%
Jan. 14 2009,-30.01%
Jan. 13 2009,-28.84%
Jan. 12 2009,-29.27%
Jan. 9 2009,-28.41%
Jan. 8 2009,-27.36%
Jan. 7 2009,-27.74%
Jan. 6 2009,-26.53%
Jan. 5 2009,-26.63%
Jan. 2 2009,-26.93%
Dec. 31 2008,-28.51%
Dec. 30 2008,31.08%
Dec. 29 2008,32.63%
Dec. 26 2008,32.91%
Dec. 24 2008,33.31%
Dec. 23 2008,33.00%
Dec. 22 2008,32.28%
Dec. 19 2008,31.48%
Dec. 18 2008,31.03%
Dec. 17 2008,29.93%
Dec. 16 2008,29.54%
Dec. 15 2008,30.81%
Dec. 12 2008,31.12%
Dec. 11 2008,30.28%
Dec. 10 2008,30.00%
Dec. 9 2008,31.27%
Dec. 8 2008,31.45%
Dec. 5 2008,33.47%
Dec. 4 2008,34.55%
Dec. 3 2008,32.14%
Dec. 2 2008,32.29%
Dec. 1 2008,33.30%
Nov. 28 2008,30.45%
Nov. 26 2008,29.25%
Nov. 25 2008,31.21%
Nov. 24 2008,32.30%
Nov. 21 2008,34.14%
Nov. 20 2008,38.26%
Nov. 19 2008,34.51%
Nov. 18 2008,32.05%
Nov. 17 2008,34.20%
Nov. 14 2008,33.74%
Nov. 13 2008,32.51%
Nov. 12 2008,35.90%
Nov. 11 2008,32.58%
Nov. 10 2008,31.40%
Nov. 7 2008,31.00%
Nov. 6 2008,32.56%
Nov. 5 2008,29.91%
Nov. 4 2008,28.67%
Nov. 3 2008,31.01%
Oct. 31 2008,30.75%
Oct. 30 2008,30.85%
Oct. 29 2008,31.89%
Oct. 28 2008,31.88%
Oct. 27 2008,35.05%
Oct. 24 2008,33.00%
Oct. 23 2008,31.06%
Oct. 22 2008,32.59%
Oct. 21 2008,29.63%
Oct. 20 2008,27.70%
Oct. 17 2008,30.45%
Oct. 16 2008,30.79%
Oct. 15 2008,32.57%
Oct. 14 2008,28.07%
Oct. 13 2008,28.43%
Oct. 10 2008,33.16%
Oct. 9 2008,29.71%
Oct. 8 2008,25.78%
Oct. 7 2008,26.15%
Oct. 6 2008,24.70%
Oct. 3 2008,24.18%
Oct. 2 2008,23.61%
Oct. 1 2008,22.62%
Sept. 30 2008,21.83%
Sept. 29 2008,20.88%
Sept. 26 2008,18.98%
Sept. 25 2008,18.83%
Sept. 24 2008,19.33%
Sept. 23 2008,19.40%
Sept. 22 2008,18.62%
Sept. 19 2008,18.48%
Sept. 18 2008,20.02%
Sept. 17 2008,20.87%
Sept. 16 2008,20.02%
Sept. 15 2008,21.06%
Sept. 12 2008,19.70%
Sept. 11 2008,19.96%
Sept. 10 2008,20.13%
Sept. 9 2008,21.18%
Sept. 8 2008,19.37%
Sept. 5 2008,19.18%
Sept. 4 2008,18.92%
Sept. 3 2008,18.29%
Sept. 2 2008,18.32%
Aug. 29 2008,17.54%
Aug. 28 2008,17.37%
Aug. 27 2008,17.33%
Aug. 26 2008,17.56%
Aug. 25 2008,17.68%
Aug. 22 2008,17.39%
Aug. 21 2008,17.01%
Aug. 20 2008,17.90%
Aug. 19 2008,18.26%
Aug. 18 2008,18.79%
Aug. 15 2008,18.63%
Aug. 14 2008,18.23%
Aug. 13 2008,17.57%
Aug. 12 2008,18.10%
Aug. 11 2008,18.03%
Aug. 8 2008,17.88%
Aug. 7 2008,17.91%
Aug. 6 2008,17.78%
Aug. 5 2008,18.12%
Aug. 4 2008,18.21%
Aug. 1 2008,17.83%
July 31 2008,17.73%
July 30 2008,17.09%
July 29 2008,18.03%
July 28 2008,17.59%
July 25 2008,17.65%
July 24 2008,17.69%
July 23 2008,17.68%
July 22 2008,17.16%
July 21 2008,16.85%
July 18 2008,17.24%
July 17 2008,17.46%
July 16 2008,17.39%
July 15 2008,17.06%
July 14 2008,16.35%
July 11 2008,16.42%
July 10 2008,16.06%
July 9 2008,16.50%
July 8 2008,16.23%
July 7 2008,16.01%
July 3 2008,15.75%
July 2 2008,15.94%
July 1 2008,15.32%
June 30 2008,15.33%
June 27 2008,11.04%
June 26 2008,10.92%
June 25 2008,10.76%
June 24 2008,10.68%
June 23 2008,10.59%
June 20 2008,10.90%
June 19 2008,10.80%
June 18 2008,10.63%
June 17 2008,10.56%
June 16 2008,10.69%
June 13 2008,10.73%
June 12 2008,10.94%
June 11 2008,10.75%
June 10 2008,10.89%
June 9 2008,10.62%
June 6 2008,10.97%
June 5 2008,10.78%
June 4 2008,11.34%
June 3 2008,11.04%
June 2 2008,10.88%
May 30 2008,10.86%
May 29 2008,11.12%
May 28 2008,10.93%
May 27 2008,11.15%
May 23 2008,11.07%
May 22 2008,10.99%
May 21 2008,10.90%
May 20 2008,10.81%
May 19 2008,10.91%
May 16 2008,11.00%
May 15 2008,11.32%
May 14 2008,11.42%
May 13 2008,11.41%
May 12 2008,11.42%
May 9 2008,11.40%
May 8 2008,11.31%
May 7 2008,11.50%
May 6 2008,11.40%
May 5 2008,11.60%
May 2 2008,11.64%
May 1 2008,11.67%
April 30 2008,11.74%
April 29 2008,11.84%
April 28 2008,11.98%
April 25 2008,12.10%
April 24 2008,12.20%
April 23 2008,11.97%
April 22 2008,11.91%
April 21 2008,11.99%
April 18 2008,12.06%
April 17 2008,12.21%
April 16 2008,12.21%
April 15 2008,12.45%
April 14 2008,12.67%
April 11 2008,12.87%
April 10 2008,12.75%
April 9 2008,12.73%
April 8 2008,12.73%
April 7 2008,12.82%
April 4 2008,12.83%
April 3 2008,12.90%
April 2 2008,12.84%
April 1 2008,13.01%
March 31 2008,13.27%
March 28 2008,12.50%
March 27 2008,12.49%
March 26 2008,12.39%
March 25 2008,12.69%
March 24 2008,12.51%
March 20 2008,12.64%
March 19 2008,12.85%
March 18 2008,12.08%
March 17 2008,12.46%
March 14 2008,12.21%
March 13 2008,12.12%
March 12 2008,12.08%
March 11 2008,11.90%
March 10 2008,12.23%
March 7 2008,12.07%
March 6 2008,11.80%
March 5 2008,11.45%
March 4 2008,11.60%
March 3 2008,11.34%
Feb. 29 2008,11.44%
Feb. 28 2008,11.10%
Feb. 27 2008,11.24%
Feb. 26 2008,11.18%
Feb. 25 2008,11.50%
Feb. 22 2008,11.73%
Feb. 21 2008,11.85%
Feb. 20 2008,11.59%
Feb. 19 2008,11.73%
Feb. 15 2008,11.96%
Feb. 14 2008,11.98%
Feb. 13 2008,12.03%
Feb. 12 2008,12.38%
Feb. 11 2008,12.29%
Feb. 8 2008,12.55%
Feb. 7 2008,12.69%
Feb. 6 2008,12.87%
Feb. 5 2008,12.43%
Feb. 4 2008,11.86%
Feb. 1 2008,11.77%
Jan. 31 2008,11.81%
Jan. 30 2008,11.95%
Jan. 29 2008,12.08%
Jan. 28 2008,12.38%
Jan. 25 2008,12.76%
Jan. 24 2008,12.70%
Jan. 23 2008,13.19%
Jan. 22 2008,13.29%
Jan. 18 2008,12.98%
Jan. 17 2008,12.87%
Jan. 16 2008,12.27%
Jan. 15 2008,11.73%
Jan. 14 2008,11.34%
Jan. 11 2008,11.39%
Jan. 10 2008,11.27%
Jan. 9 2008,11.30%
Jan. 8 2008,11.46%
Jan. 7 2008,11.21%
Jan. 4 2008,11.05%
Jan. 3 2008,10.72%
Jan. 2 2008,10.76%
Dec. 31 2007,10.71%
Dec. 28 2007,9.43%
Dec. 27 2007,9.49%
Dec. 26 2007,9.45%
Dec. 24 2007,9.64%
Dec. 21 2007,9.70%
Dec. 20 2007,9.87%
Dec. 19 2007,9.99%
Dec. 18 2007,10.07%
Dec. 17 2007,10.27%
Dec. 14 2007,10.10%
Dec. 13 2007,9.93%
Dec. 12 2007,10.09%
Dec. 11 2007,10.29%
Dec. 10 2007,10.08%
Dec. 7 2007,10.09%
Dec. 6 2007,10.09%
Dec. 5 2007,10.34%
Dec. 4 2007,10.55%
Dec. 3 2007,10.48%
Nov. 30 2007,10.51%
Nov. 29 2007,10.67%
Nov. 28 2007,10.82%
Nov. 27 2007,11.06%
Nov. 26 2007,10.96%
Nov. 23 2007,10.63%
Nov. 21 2007,10.81%
Nov. 20 2007,10.60%
Nov. 19 2007,10.90%
Nov. 16 2007,10.65%
Nov. 15 2007,10.77%
Nov. 14 2007,10.59%
Nov. 13 2007,10.54%
Nov. 12 2007,10.65%
Nov. 9 2007,10.18%
Nov. 8 2007,10.02%
Nov. 7 2007,10.20%
Nov. 6 2007,9.88%
Nov. 5 2007,10.02%
Nov. 2 2007,9.94%
Nov. 1 2007,10.11%
Oct. 31 2007,9.90%
Oct. 30 2007,10.17%
Oct. 29 2007,9.94%
Oct. 26 2007,9.91%
Oct. 25 2007,10.05%
Oct. 24 2007,10.30%
Oct. 23 2007,10.10%
Oct. 22 2007,10.12%
Oct. 19 2007,9.88%
Oct. 18 2007,9.55%
Oct. 17 2007,9.61%
Oct. 16 2007,9.58%
Oct. 15 2007,9.74%
Oct. 12 2007,9.81%
Oct. 11 2007,9.81%
Oct. 10 2007,9.70%
Oct. 9 2007,9.79%
Oct. 8 2007,9.97%
Oct. 5 2007,9.99%
Oct. 4 2007,10.02%
Oct. 3 2007,10.00%
Oct. 2 2007,9.84%
Oct. 1 2007,9.62%
Sept. 28 2007,9.70%
Sept. 27 2007,9.68%
Sept. 26 2007,9.75%
Sept. 25 2007,9.75%
Sept. 24 2007,9.55%
Sept. 21 2007,9.57%
Sept. 20 2007,9.63%
Sept. 19 2007,9.64%
Sept. 18 2007,9.70%
Sept. 17 2007,10.05%
Sept. 14 2007,9.98%
Sept. 13 2007,10.00%
Sept. 12 2007,10.03%
Sept. 11 2007,10.19%
Sept. 10 2007,10.36%
Sept. 7 2007,10.28%
Sept. 6 2007,10.18%
Sept. 5 2007,10.37%
Sept. 4 2007,10.20%
Aug. 31 2007,10.40%
Aug. 30 2007,10.47%
Aug. 29 2007,10.41%
Aug. 28 2007,10.80%
Aug. 27 2007,10.51%
Aug. 24 2007,10.54%
Aug. 23 2007,10.72%
Aug. 22 2007,10.79%
Aug. 21 2007,10.88%
Aug. 20 2007,10.66%
Aug. 17 2007,10.76%
Aug. 16 2007,11.02%
Aug. 15 2007,11.00%
Aug. 14 2007,10.80%
Aug. 13 2007,10.75%
Aug. 10 2007,10.89%
Aug. 9 2007,10.88%
Aug. 8 2007,10.55%
Aug. 7 2007,10.64%
Aug. 6 2007,10.78%
Aug. 3 2007,10.97%
Aug. 2 2007,10.61%
Aug. 1 2007,10.54%
July 31 2007,10.53%
July 30 2007,10.46%
July 27 2007,10.67%
July 26 2007,10.41%
July 25 2007,10.10%
July 24 2007,10.34%
July 23 2007,9.94%
July 20 2007,9.86%
July 19 2007,9.75%
July 18 2007,9.74%
July 17 2007,9.90%
July 16 2007,9.77%
July 13 2007,9.44%
July 12 2007,9.60%
July 11 2007,9.95%
July 10 2007,10.12%
July 9 2007,10.13%
July 6 2007,10.51%
July 5 2007,10.55%
July 3 2007,10.56%
July 2 2007,10.64%
June 29 2007,15.71%
June 28 2007,16.07%
June 27 2007,15.96%
June 26 2007,16.27%
June 25 2007,15.80%
June 22 2007,15.66%
June 21 2007,15.48%
June 20 2007,15.77%
June 19 2007,15.37%
June 18 2007,15.28%
June 15 2007,15.31%
June 14 2007,15.57%
June 13 2007,15.86%
June 12 2007,15.99%
June 11 2007,15.84%
June 8 2007,15.95%
June 7 2007,15.96%
June 6 2007,15.73%
June 5 2007,15.55%
June 4 2007,15.53%
June 1 2007,15.64%
May 31 2007,15.93%
May 30 2007,15.95%
May 29 2007,16.36%
May 25 2007,16.14%
May 24 2007,16.40%
May 23 2007,16.07%
May 22 2007,16.26%
May 21 2007,16.25%
May 18 2007,16.47%
May 17 2007,16.83%
May 16 2007,17.16%
May 15 2007,17.44%
May 14 2007,17.44%
May 11 2007,17.57%
May 10 2007,17.85%
May 9 2007,17.59%
May 8 2007,17.55%
May 7 2007,17.53%
May 4 2007,17.57%
May 3 2007,17.62%
May 2 2007,17.76%
May 1 2007,17.82%
April 30 2007,17.78%
April 27 2007,17.61%
April 26 2007,17.43%
April 25 2007,17.41%
April 24 2007,17.71%
April 23 2007,17.47%
April 20 2007,17.31%
April 19 2007,17.80%
April 18 2007,17.66%
April 17 2007,17.51%
April 16 2007,17.47%
April 13 2007,17.48%
April 12 2007,17.49%
April 11 2007,17.81%
April 10 2007,17.75%
April 9 2007,18.02%
April 5 2007,18.14%
April 4 2007,18.20%
April 3 2007,18.18%
April 2 2007,18.04%
March 30 2007,18.46%
March 29 2007,18.24%
March 28 2007,18.23%
March 27 2007,18.16%
March 26 2007,18.14%
March 23 2007,18.22%
March 22 2007,18.37%
March 21 2007,18.79%
March 20 2007,19.03%
March 19 2007,19.22%
March 16 2007,19.31%
March 15 2007,18.97%
March 14 2007,18.58%
March 13 2007,18.95%
March 12 2007,18.77%
March 9 2007,18.61%
March 8 2007,18.68%
March 7 2007,18.79%
March 6 2007,19.17%
March 5 2007,19.57%
March 2 2007,19.44%
March 1 2007,19.13%
Feb. 28 2007,19.32%
Feb. 27 2007,19.40%
Feb. 26 2007,18.57%
Feb. 23 2007,18.78%
Feb. 22 2007,18.87%
Feb. 21 2007,19.04%
Feb. 20 2007,19.24%
Feb. 16 2007,19.08%
Feb. 15 2007,19.07%
Feb. 14 2007,18.71%
Feb. 13 2007,18.76%
Feb. 12 2007,19.11%
Feb. 9 2007,18.84%
Feb. 8 2007,18.87%
Feb. 7 2007,19.05%
Feb. 6 2007,18.94%
Feb. 5 2007,18.82%
Feb. 2 2007,18.75%
Feb. 1 2007,18.75%
Jan. 31 2007,19.00%
Jan. 30 2007,19.22%
Jan. 29 2007,19.53%
Jan. 26 2007,19.48%
Jan. 25 2007,19.70%
Jan. 24 2007,19.23%
Jan. 23 2007,19.42%
Jan. 22 2007,19.91%
Jan. 19 2007,19.73%
Jan. 18 2007,20.16%
Jan. 17 2007,19.86%
Jan. 16 2007,20.09%
Jan. 12 2007,19.77%
Jan. 11 2007,20.41%
Jan. 10 2007,19.56%
Jan. 9 2007,18.97%
Jan. 8 2007,18.48%
Jan. 5 2007,18.72%
Jan. 4 2007,19.10%
Jan. 3 2007,18.51%
Dec. 29 2006,18.87%
Dec. 28 2006,18.68%
Dec. 27 2006,18.82%
Dec. 26 2006,18.94%
Dec. 22 2006,19.11%
Dec. 21 2006,18.84%
Dec. 20 2006,18.73%
Dec. 19 2006,18.59%
Dec. 18 2006,18.73%
Dec. 15 2006,18.66%
Dec. 14 2006,18.58%
Dec. 13 2006,19.12%
Dec. 12 2006,19.23%
Dec. 11 2006,19.19%
Dec. 8 2006,19.11%
Dec. 7 2006,19.48%
Dec. 6 2006,19.71%
Dec. 5 2006,19.94%
Dec. 4 2006,20.19%
Dec. 1 2006,20.15%
Nov. 30 2006,20.17%
Nov. 29 2006,20.43%
Nov. 28 2006,20.92%
Nov. 27 2006,21.15%
Nov. 24 2006,21.12%
Nov. 22 2006,21.05%
Nov. 21 2006,21.11%
Nov. 20 2006,21.61%
Nov. 17 2006,21.65%
Nov. 16 2006,21.80%
Nov. 15 2006,21.22%
Nov. 14 2006,21.39%
Nov. 13 2006,21.53%
Nov. 10 2006,21.52%
Nov. 9 2006,21.45%
Nov. 8 2006,21.77%
Nov. 7 2006,22.26%
Nov. 6 2006,22.24%
Nov. 3 2006,22.27%
Nov. 2 2006,22.74%
Nov. 1 2006,22.74%
Oct. 31 2006,22.54%
Oct. 30 2006,22.70%
Oct. 27 2006,22.19%
Oct. 26 2006,21.83%
Oct. 25 2006,21.64%
Oct. 24 2006,22.11%
Oct. 23 2006,22.36%
Oct. 20 2006,22.31%
Oct. 19 2006,22.21%
Oct. 18 2006,22.50%
Oct. 17 2006,22.33%
Oct. 16 2006,22.22%
Oct. 13 2006,22.62%
Oct. 12 2006,23.09%
Oct. 11 2006,23.56%
Oct. 10 2006,23.34%
Oct. 9 2006,23.62%
Oct. 6 2006,23.40%
Oct. 5 2006,23.46%
Oct. 4 2006,23.91%
Oct. 3 2006,24.23%
Oct. 2 2006,23.19%
Sept. 29 2006,23.62%
Sept. 28 2006,23.86%
Sept. 27 2006,23.79%
Sept. 26 2006,24.06%
Sept. 25 2006,24.54%
Sept. 22 2006,24.23%
Sept. 21 2006,24.16%
Sept. 20 2006,24.56%
Sept. 19 2006,24.12%
Sept. 18 2006,23.81%
Sept. 15 2006,24.20%
Sept. 14 2006,24.06%
Sept. 13 2006,23.77%
Sept. 12 2006,24.19%
Sept. 11 2006,23.92%
Sept. 8 2006,23.31%
Sept. 7 2006,22.86%
Sept. 6 2006,22.77%
Sept. 5 2006,21.88%
Sept. 1 2006,21.89%
Aug. 31 2006,22.17%
Aug. 30 2006,22.15%
Aug. 29 2006,21.74%
Aug. 28 2006,21.40%
Aug. 25 2006,21.21%
Aug. 24 2006,21.34%
Aug. 23 2006,21.31%
Aug. 22 2006,20.96%
Aug. 21 2006,21.03%
Aug. 18 2006,21.18%
Aug. 17 2006,21.22%
Aug. 16 2006,21.08%
Aug. 15 2006,21.00%
Aug. 14 2006,21.05%
Aug. 11 2006,20.56%
Aug. 10 2006,20.65%
Aug. 9 2006,20.41%
Aug. 8 2006,20.79%
Aug. 7 2006,20.80%
Aug. 4 2006,20.52%
Aug. 3 2006,20.45%
Aug. 2 2006,20.37%
Aug. 1 2006,20.48%
July 31 2006,20.49%
July 28 2006,20.70%
July 27 2006,20.68%
July 26 2006,20.50%
July 25 2006,20.85%
July 24 2006,21.38%
July 21 2006,22.10%
July 20 2006,21.83%
July 19 2006,21.34%
July 18 2006,21.50%
July 17 2006,21.58%
July 14 2006,20.85%
July 13 2006,20.96%
July 12 2006,20.70%
July 11 2006,20.71%
July 10 2006,20.88%
July 7 2006,20.93%
July 6 2006,20.81%
July 5 2006,20.81%
July 3 2006,21.05%
June 30 2006,21.46%
June 29 2006,19.57%
June 28 2006,20.12%
June 27 2006,20.57%
June 26 2006,20.79%
June 23 2006,21.07%
June 22 2006,21.24%
June 21 2006,21.57%
June 20 2006,21.95%
June 19 2006,21.80%
June 16 2006,21.10%
June 15 2006,20.90%
June 14 2006,21.71%
June 13 2006,22.29%
June 12 2006,21.65%
June 9 2006,21.31%
June 8 2006,21.13%
June 7 2006,21.33%
June 6 2006,20.85%
June 5 2006,20.64%
June 2 2006,20.01%
June 1 2006,20.26%
May 31 2006,20.39%
May 30 2006,20.83%
May 26 2006,20.34%
May 25 2006,20.57%
May 24 2006,21.11%
May 23 2006,20.59%
May 22 2006,20.63%
May 19 2006,20.58%
May 18 2006,20.67%
May 17 2006,20.32%
May 16 2006,19.97%
May 15 2006,20.32%
May 12 2006,19.80%
May 11 2006,19.30%
May 10 2006,19.06%
May 9 2006,19.22%
May 8 2006,19.27%
May 5 2006,19.31%
May 4 2006,19.40%
May 3 2006,19.12%
May 2 2006,18.66%
May 1 2006,19.04%
April 28 2006,19.29%
April 27 2006,19.50%
April 26 2006,19.22%
April 25 2006,18.91%
April 24 2006,18.48%
April 21 2006,17.80%
April 20 2006,18.48%
April 19 2006,18.24%
April 18 2006,18.27%
April 17 2006,18.89%
April 13 2006,19.23%
April 12 2006,19.17%
April 11 2006,19.16%
April 10 2006,19.35%
April 7 2006,19.57%
April 6 2006,19.19%
April 5 2006,19.39%
April 4 2006,19.81%
April 3 2006,20.04%
March 31 2006,20.44%
March 30 2006,19.43%
March 29 2006,19.33%
March 28 2006,19.65%
March 27 2006,19.85%
March 24 2006,20.28%
March 23 2006,20.50%
March 22 2006,20.71%
March 21 2006,21.06%
March 20 2006,20.78%
March 17 2006,20.42%
March 16 2006,20.10%
March 15 2006,20.31%
March 14 2006,20.59%
March 13 2006,20.82%
March 10 2006,21.21%
March 9 2006,21.18%
March 8 2006,21.04%
March 7 2006,21.06%
March 6 2006,20.68%
March 3 2006,20.05%
March 2 2006,19.95%
March 1 2006,20.28%
Feb. 28 2006,20.55%
Feb. 27 2006,20.24%
Feb. 24 2006,19.97%
Feb. 23 2006,20.39%
Feb. 22 2006,20.24%
Feb. 21 2006,19.94%
Feb. 17 2006,20.51%
Feb. 16 2006,20.91%
Feb. 15 2006,21.35%
Feb. 14 2006,21.16%
Feb. 13 2006,21.07%
Feb. 10 2006,21.11%
Feb. 9 2006,21.13%
Feb. 8 2006,20.81%
Feb. 7 2006,20.84%
Feb. 6 2006,19.96%
Feb. 3 2006,20.04%
Feb. 2 2006,19.48%
Feb. 1 2006,19.45%
Jan. 31 2006,19.36%
Jan. 30 2006,19.20%
Jan. 27 2006,19.25%
Jan. 26 2006,19.57%
Jan. 25 2006,19.72%
Jan. 24 2006,19.43%
Jan. 23 2006,19.30%
Jan. 20 2006,19.38%
Jan. 19 2006,19.51%
Jan. 18 2006,19.60%
Jan. 17 2006,19.49%
Jan. 13 2006,20.62%
Jan. 12 2006,20.61%
Jan. 11 2006,20.61%
Jan. 10 2006,20.62%
Jan. 9 2006,20.58%
Jan. 6 2006,20.57%
Jan. 5 2006,21.04%
Jan. 4 2006,20.88%
Jan. 3 2006,20.70%
Dec. 30 2005,19.53%
Dec. 29 2005,19.69%
Dec. 28 2005,19.49%
Dec. 27 2005,19.76%
Dec. 23 2005,19.21%
Dec. 22 2005,19.11%
Dec. 21 2005,19.14%
Dec. 20 2005,19.25%
Dec. 19 2005,19.39%
Dec. 16 2005,19.81%
Dec. 15 2005,19.33%
Dec. 14 2005,19.51%
Dec. 13 2005,19.52%
Dec. 12 2005,18.55%
Dec. 9 2005,18.01%
Dec. 8 2005,17.77%
Dec. 7 2005,17.98%
Dec. 6 2005,17.83%
Dec. 5 2005,18.04%
Dec. 2 2005,18.21%
Dec. 1 2005,18.04%
Nov. 30 2005,18.77%
Nov. 29 2005,18.53%
Nov. 28 2005,18.40%
Nov. 25 2005,17.75%
Nov. 23 2005,17.72%
Nov. 22 2005,17.64%
Nov. 21 2005,17.68%
Nov. 18 2005,18.25%
Nov. 17 2005,18.01%
Nov. 16 2005,17.56%
Nov. 15 2005,18.07%
Nov. 14 2005,17.94%
Nov. 11 2005,17.89%
Nov. 10 2005,17.92%
Nov. 9 2005,17.32%
Nov. 8 2005,17.05%
Nov. 7 2005,17.28%
Nov. 4 2005,17.15%
Nov. 3 2005,16.66%
Nov. 2 2005,17.03%
Nov. 1 2005,17.18%
Oct. 31 2005,17.38%
Oct. 28 2005,17.96%
Oct. 27 2005,18.65%
Oct. 26 2005,18.09%
Oct. 25 2005,18.19%
Oct. 24 2005,18.84%
Oct. 21 2005,19.54%
Oct. 20 2005,19.67%
Oct. 19 2005,18.46%
Oct. 18 2005,18.91%
Oct. 17 2005,18.03%
Oct. 14 2005,18.23%
Oct. 13 2005,18.61%
Oct. 12 2005,17.90%
Oct. 11 2005,17.58%
Oct. 10 2005,17.97%
Oct. 7 2005,17.86%
Oct. 6 2005,18.32%
Oct. 5 2005,17.96%
Oct. 4 2005,17.11%
Oct. 3 2005,16.47%
Sept. 30 2005,16.25%
Sept. 29 2005,13.71%
Sept. 28 2005,13.99%
Sept. 27 2005,14.09%
Sept. 26 2005,14.01%
Sept. 23 2005,14.23%
Sept. 22 2005,13.93%
Sept. 21 2005,13.80%
Sept. 20 2005,14.11%
Sept. 19 2005,13.85%
Sept. 16 2005,14.06%
Sept. 15 2005,14.39%
Sept. 14 2005,14.40%
Sept. 13 2005,14.68%
Sept. 12 2005,14.47%
Sept. 9 2005,14.08%
Sept. 8 2005,14.46%
Sept. 7 2005,14.58%
Sept. 6 2005,14.55%
Sept. 2 2005,14.56%
Sept. 1 2005,14.09%
Aug. 31 2005,14.74%
Aug. 30 2005,15.09%
Aug. 29 2005,15.41%
Aug. 26 2005,15.71%
Aug. 25 2005,15.42%
Aug. 24 2005,15.38%
Aug. 23 2005,15.50%
Aug. 22 2005,15.38%
Aug. 19 2005,15.41%
Aug. 18 2005,15.78%
Aug. 17 2005,15.75%
Aug. 16 2005,15.17%
Aug. 15 2005,14.76%
Aug. 12 2005,14.59%
Aug. 11 2005,14.64%
Aug. 10 2005,14.81%
Aug. 9 2005,15.04%
Aug. 8 2005,14.96%
Aug. 5 2005,15.25%
Aug. 4 2005,15.15%
Aug. 3 2005,15.21%
Aug. 2 2005,15.10%
Aug. 1 2005,15.43%
July 29 2005,15.53%
July 28 2005,15.34%
July 27 2005,15.61%
July 26 2005,15.75%
July 25 2005,15.62%
July 22 2005,15.87%
July 21 2005,16.19%
July 20 2005,16.05%
July 19 2005,16.05%
July 18 2005,16.42%
July 15 2005,16.38%
July 14 2005,16.33%
July 13 2005,15.81%
July 12 2005,15.79%
July 11 2005,15.96%
July 8 2005,16.14%
July 7 2005,16.04%
July 6 2005,16.21%
July 5 2005,15.87%
July 1 2005,16.45%
June 30 2005,16.91%
June 29 2005,15.17%
June 28 2005,15.08%
June 27 2005,14.72%
June 24 2005,15.05%
June 23 2005,15.11%
June 22 2005,15.00%
June 21 2005,15.05%
June 20 2005,14.58%
June 17 2005,14.44%
June 16 2005,14.95%
June 15 2005,15.28%
June 14 2005,15.50%
June 13 2005,15.65%
June 10 2005,15.66%
June 9 2005,15.58%
June 8 2005,16.08%
June 7 2005,16.04%
June 6 2005,15.88%
June 3 2005,15.93%
June 2 2005,15.95%
June 1 2005,15.91%
May 31 2005,16.25%
May 27 2005,16.30%
May 26 2005,16.68%
May 25 2005,16.64%
May 24 2005,16.80%
May 23 2005,16.96%
May 20 2005,17.33%
May 19 2005,17.29%
May 18 2005,17.56%
May 17 2005,17.72%
May 16 2005,18.11%
May 13 2005,17.79%
May 12 2005,17.47%
May 11 2005,16.54%
May 10 2005,16.71%
May 9 2005,16.42%
May 6 2005,16.70%
May 5 2005,16.69%
May 4 2005,16.84%
May 3 2005,16.93%
May 2 2005,16.42%
April 29 2005,16.71%
April 28 2005,17.05%
April 27 2005,16.90%
April 26 2005,16.42%
April 25 2005,16.12%
April 22 2005,16.38%
April 21 2005,16.58%
April 20 2005,16.97%
April 19 2005,16.76%
April 18 2005,17.07%
April 15 2005,17.51%
April 14 2005,16.71%
April 13 2005,16.64%
April 12 2005,16.19%
April 11 2005,15.88%
April 8 2005,16.06%
April 7 2005,15.88%
April 6 2005,15.81%
April 5 2005,16.18%
April 4 2005,15.85%
April 1 2005,15.89%
March 31 2005,16.25%
March 30 2005,14.42%
March 29 2005,14.67%
March 28 2005,14.45%
March 24 2005,14.51%
March 23 2005,14.47%
March 22 2005,14.20%
March 21 2005,13.94%
March 18 2005,13.79%
March 17 2005,14.08%
March 16 2005,14.27%
March 15 2005,14.52%
March 14 2005,14.30%
March 11 2005,14.40%
March 10 2005,14.40%
March 9 2005,14.26%
March 8 2005,13.87%
March 7 2005,13.60%
March 4 2005,13.55%
March 3 2005,13.75%
March 2 2005,13.88%
March 1 2005,14.01%
Feb. 28 2005,13.71%
Feb. 25 2005,13.54%
Feb. 24 2005,13.80%
Feb. 23 2005,14.18%
Feb. 22 2005,14.35%
Feb. 18 2005,14.31%
Feb. 17 2005,14.62%
Feb. 16 2005,14.58%
Feb. 15 2005,15.00%
Feb. 14 2005,15.06%
Feb. 11 2005,15.35%
Feb. 10 2005,15.28%
Feb. 9 2005,15.70%
Feb. 8 2005,15.72%
Feb. 7 2005,15.82%
Feb. 4 2005,15.80%
Feb. 3 2005,15.86%
Feb. 2 2005,15.99%
Feb. 1 2005,16.07%
Jan. 31 2005,16.38%
Jan. 28 2005,16.71%
Jan. 27 2005,16.71%
Jan. 26 2005,16.80%
Jan. 25 2005,17.10%
Jan. 24 2005,17.18%
Jan. 21 2005,17.42%
Jan. 20 2005,17.33%
Jan. 19 2005,17.03%
Jan. 18 2005,16.87%
Jan. 14 2005,17.08%
Jan. 13 2005,17.16%
Jan. 12 2005,17.42%
Jan. 11 2005,17.76%
Jan. 10 2005,17.76%
Jan. 7 2005,17.92%
Jan. 6 2005,17.80%
Jan. 5 2005,18.06%
Jan. 4 2005,18.19%
Jan. 3 2005,18.08%
Dec. 31 2004,17.51%
Dec. 30 2004,14.60%
Dec. 29 2004,14.51%
Dec. 28 2004,14.64%
Dec. 27 2004,14.73%
Dec. 23 2004,14.54%
Dec. 22 2004,14.58%
Dec. 21 2004,14.41%
Dec. 20 2004,14.40%
Dec. 17 2004,14.57%
Dec. 16 2004,14.56%
Dec. 15 2004,14.48%
Dec. 14 2004,14.62%
Dec. 13 2004,14.77%
Dec. 10 2004,14.95%
Dec. 9 2004,14.80%
Dec. 8 2004,14.80%
Dec. 7 2004,14.95%
Dec. 6 2004,14.63%
Dec. 3 2004,14.65%
Dec. 2 2004,14.74%
Dec. 1 2004,14.19%
Nov. 30 2004,13.93%
Nov. 29 2004,14.08%
Nov. 26 2004,14.02%
Nov. 24 2004,14.10%
Nov. 23 2004,14.13%
Nov. 22 2004,14.26%
Nov. 19 2004,14.49%
Nov. 18 2004,14.69%
Nov. 17 2004,14.61%
Nov. 16 2004,14.71%
Nov. 15 2004,14.65%
Nov. 12 2004,14.42%
Nov. 11 2004,14.61%
Nov. 10 2004,14.52%
Nov. 9 2004,14.65%
Nov. 8 2004,14.60%
Nov. 5 2004,14.34%
Nov. 4 2004,14.51%
Nov. 3 2004,14.82%
Nov. 2 2004,15.19%
Nov. 1 2004,15.09%
Oct. 29 2004,15.03%
Oct. 28 2004,15.27%
Oct. 27 2004,14.92%
Oct. 26 2004,14.66%
Oct. 25 2004,14.92%
Oct. 22 2004,14.94%
Oct. 21 2004,15.13%
Oct. 20 2004,15.16%
Oct. 19 2004,15.45%
Oct. 18 2004,15.42%
Oct. 15 2004,15.09%
Oct. 14 2004,15.21%
Oct. 13 2004,15.27%
Oct. 12 2004,14.84%
Oct. 11 2004,14.54%
Oct. 8 2004,14.39%
Oct. 7 2004,14.54%
Oct. 6 2004,14.26%
Oct. 5 2004,14.62%
Oct. 4 2004,14.97%
Oct. 1 2004,15.07%
Sept. 30 2004,15.29%
Sept. 29 2004,13.99%
Sept. 28 2004,13.72%
Sept. 27 2004,14.08%
Sept. 24 2004,13.97%
Sept. 23 2004,14.05%
Sept. 22 2004,14.00%
Sept. 21 2004,13.89%
Sept. 20 2004,14.36%
Sept. 17 2004,14.42%
Sept. 16 2004,14.58%
Sept. 15 2004,14.59%
Sept. 14 2004,14.56%
Sept. 13 2004,14.68%
Sept. 10 2004,14.69%
Sept. 9 2004,14.63%
Sept. 8 2004,14.89%
Sept. 7 2004,14.95%
Sept. 3 2004,14.98%
Sept. 2 2004,14.96%
Sept. 1 2004,15.07%
Aug. 31 2004,15.33%
Aug. 30 2004,15.60%
Aug. 27 2004,15.56%
Aug. 26 2004,15.70%
Aug. 25 2004,15.84%
Aug. 24 2004,15.77%
Aug. 23 2004,15.53%
Aug. 20 2004,15.39%
Aug. 19 2004,15.44%
Aug. 18 2004,15.60%
Aug. 17 2004,15.67%
Aug. 16 2004,15.37%
Aug. 13 2004,15.64%
Aug. 12 2004,15.59%
Aug. 11 2004,15.45%
Aug. 10 2004,15.38%
Aug. 9 2004,15.16%
Aug. 6 2004,15.44%
Aug. 5 2004,15.06%
Aug. 4 2004,14.88%
Aug. 3 2004,14.44%
Aug. 2 2004,14.46%
July 30 2004,14.51%
July 29 2004,14.62%
July 28 2004,14.89%
July 27 2004,14.84%
July 26 2004,14.97%
July 23 2004,14.79%
July 22 2004,14.66%
July 21 2004,14.69%
July 20 2004,14.43%
July 19 2004,14.40%
July 16 2004,14.36%
July 15 2004,14.48%
July 14 2004,14.61%
July 13 2004,14.86%
July 12 2004,14.84%
July 9 2004,14.75%
July 8 2004,14.81%
July 7 2004,14.75%
July 6 2004,14.94%
July 2 2004,14.95%
July 1 2004,14.94%
June 30 2004,14.96%
June 29 2004,12.95%
June 28 2004,12.88%
June 25 2004,12.69%
June 24 2004,12.53%
June 23 2004,12.46%
June 22 2004,12.72%
June 21 2004,12.79%
June 18 2004,12.77%
June 17 2004,12.80%
June 16 2004,12.89%
June 15 2004,13.17%
June 14 2004,13.27%
June 10 2004,13.06%
June 9 2004,13.23%
June 8 2004,13.00%
June 7 2004,13.04%
June 4 2004,13.25%
June 3 2004,13.07%
June 2 2004,13.12%
June 1 2004,13.03%
May 28 2004,13.38%
May 27 2004,13.47%
May 26 2004,13.35%
May 25 2004,13.28%
May 24 2004,13.67%
May 21 2004,13.93%
May 20 2004,13.84%
May 19 2004,13.68%
May 18 2004,13.46%
May 17 2004,13.32%
May 14 2004,13.36%
May 13 2004,13.62%
May 12 2004,13.40%
May 11 2004,13.39%
May 10 2004,13.67%
May 7 2004,13.34%
May 6 2004,13.11%
May 5 2004,13.03%
May 4 2004,13.26%
May 3 2004,13.26%
April 30 2004,13.74%
April 29 2004,13.74%
April 28 2004,13.29%
April 27 2004,13.27%
April 26 2004,13.49%
April 23 2004,13.64%
April 22 2004,13.70%
April 21 2004,13.88%
April 20 2004,13.80%
April 19 2004,13.41%
April 16 2004,13.46%
April 15 2004,13.48%
April 14 2004,13.60%
April 13 2004,13.72%
April 12 2004,13.54%
April 8 2004,13.78%
April 7 2004,14.00%
April 6 2004,14.06%
April 5 2004,14.10%
April 2 2004,14.22%
April 1 2004,14.27%
March 31 2004,14.04%
March 30 2004,13.10%
March 29 2004,13.48%
March 26 2004,13.61%
March 25 2004,13.77%
March 24 2004,13.52%
March 23 2004,13.28%
March 22 2004,13.18%
March 19 2004,13.12%
March 18 2004,12.92%
March 17 2004,13.19%
March 16 2004,13.26%
March 15 2004,13.26%
March 12 2004,13.15%
March 11 2004,13.36%
March 10 2004,13.13%
March 9 2004,12.87%
March 8 2004,12.87%
March 5 2004,12.93%
March 4 2004,13.07%
March 3 2004,13.04%
March 2 2004,13.07%
March 1 2004,12.88%
Feb. 27 2004,13.20%
Feb. 26 2004,13.20%
Feb. 25 2004,13.22%
Feb. 24 2004,13.19%
Feb. 23 2004,13.20%
Feb. 20 2004,13.34%
Feb. 19 2004,13.30%
Feb. 18 2004,13.33%
Feb. 17 2004,13.10%
Feb. 13 2004,13.25%
Feb. 12 2004,13.31%
Feb. 11 2004,13.30%
Feb. 10 2004,13.60%
Feb. 9 2004,13.74%
Feb. 6 2004,13.77%
Feb. 5 2004,13.93%
Feb. 4 2004,13.93%
Feb. 3 2004,13.81%
Feb. 2 2004,13.71%
Jan. 30 2004,13.80%
Jan. 29 2004,13.65%
Jan. 28 2004,13.71%
Jan. 27 2004,13.43%
Jan. 26 2004,13.38%
Jan. 23 2004,13.50%
Jan. 22 2004,13.49%
Jan. 21 2004,13.53%
Jan. 20 2004,13.66%
Jan. 16 2004,13.96%
Jan. 15 2004,14.03%
Jan. 14 2004,13.75%
Jan. 13 2004,13.80%
Jan. 12 2004,13.83%
Jan. 9 2004,13.89%
Jan. 8 2004,13.82%
Jan. 7 2004,13.74%
Jan. 6 2004,13.67%
Jan. 5 2004,13.52%
Jan. 2 2004,13.88%
Dec. 31 2003,13.86%
Dec. 30 2003,9.01%
Dec. 29 2003,9.08%
Dec. 26 2003,9.15%
Dec. 24 2003,9.22%
Dec. 23 2003,9.32%
Dec. 22 2003,9.28%
Dec. 19 2003,9.29%
Dec. 18 2003,9.21%
Dec. 17 2003,9.53%
Dec. 16 2003,9.66%
Dec. 15 2003,9.78%
Dec. 12 2003,9.66%
Dec. 11 2003,9.66%
Dec. 10 2003,9.77%
Dec. 9 2003,9.78%
Dec. 8 2003,9.82%
Dec. 5 2003,9.84%
Dec. 4 2003,9.88%
Dec. 3 2003,10.09%
Dec. 2 2003,10.03%
Dec. 1 2003,10.16%
Nov. 28 2003,10.38%
Nov. 26 2003,10.27%
Nov. 25 2003,10.29%
Nov. 24 2003,10.30%
Nov. 21 2003,10.43%
Nov. 20 2003,10.32%
Nov. 19 2003,10.33%
Nov. 18 2003,10.31%
Nov. 17 2003,10.30%
Nov. 14 2003,10.28%
Nov. 13 2003,10.23%
Nov. 12 2003,10.32%
Nov. 11 2003,10.36%
Nov. 10 2003,10.16%
Nov. 7 2003,10.13%
Nov. 6 2003,10.17%
Nov. 5 2003,10.24%
Nov. 4 2003,10.33%
Nov. 3 2003,10.34%
Oct. 31 2003,10.31%
Oct. 30 2003,10.42%
Oct. 29 2003,10.34%
Oct. 28 2003,10.26%
Oct. 27 2003,10.27%
Oct. 24 2003,10.24%
Oct. 23 2003,10.26%
Oct. 22 2003,10.37%
Oct. 21 2003,10.25%
Oct. 20 2003,10.21%
Oct. 17 2003,10.16%
Oct. 16 2003,10.11%
Oct. 15 2003,10.23%
Oct. 14 2003,10.15%
Oct. 13 2003,10.16%
Oct. 10 2003,10.30%
Oct. 9 2003,10.40%
Oct. 8 2003,10.47%
Oct. 7 2003,10.38%
Oct. 6 2003,10.44%
Oct. 3 2003,10.53%
Oct. 2 2003,10.53%
Oct. 1 2003,10.63%
Sept. 30 2003,10.76%
Sept. 29 2003,5.68%
Sept. 26 2003,5.65%
Sept. 25 2003,5.59%
Sept. 24 2003,5.53%
Sept. 23 2003,5.52%
Sept. 22 2003,5.54%
Sept. 19 2003,5.50%
Sept. 18 2003,5.50%
Sept. 17 2003,5.52%
Sept. 16 2003,5.42%
Sept. 15 2003,5.48%
Sept. 12 2003,5.46%
Sept. 11 2003,5.46%
Sept. 10 2003,5.44%
Sept. 9 2003,5.40%
Sept. 8 2003,5.43%
Sept. 5 2003,5.50%
Sept. 4 2003,5.43%
Sept. 3 2003,5.43%
Sept. 2 2003,5.42%
Aug. 29 2003,5.52%
Aug. 28 2003,5.55%
Aug. 27 2003,5.62%
Aug. 26 2003,5.68%
Aug. 25 2003,5.67%
Aug. 22 2003,5.68%
Aug. 21 2003,5.62%
Aug. 20 2003,5.64%
Aug. 19 2003,5.61%
Aug. 18 2003,5.62%
Aug. 15 2003,5.64%
Aug. 14 2003,5.62%
Aug. 13 2003,5.66%
Aug. 12 2003,5.66%
Aug. 11 2003,5.72%
Aug. 8 2003,5.71%
Aug. 7 2003,5.74%
Aug. 6 2003,5.84%
Aug. 5 2003,5.91%
Aug. 4 2003,5.90%
Aug. 1 2003,5.92%
July 31 2003,5.89%
July 30 2003,5.93%
July 29 2003,5.93%
July 28 2003,5.82%
July 25 2003,5.82%
July 24 2003,5.85%
July 23 2003,5.78%
July 22 2003,5.72%
July 21 2003,5.76%
July 18 2003,5.74%
July 17 2003,5.84%
July 16 2003,5.83%
July 15 2003,5.82%
July 14 2003,5.75%
July 11 2003,5.77%
July 10 2003,5.83%
July 9 2003,5.80%
July 8 2003,5.77%
July 7 2003,5.72%
July 3 2003,5.65%
July 2 2003,5.60%
July 1 2003,5.60%
June 30 2003,5.63%
June 27 2003,3.67%
June 26 2003,3.68%
June 25 2003,3.70%
June 24 2003,3.66%
June 23 2003,3.66%
June 20 2003,3.66%
June 19 2003,3.67%
June 18 2003,3.67%
June 17 2003,3.66%
June 16 2003,3.67%
June 13 2003,3.70%
June 12 2003,3.62%
June 11 2003,3.63%
June 10 2003,3.68%
June 9 2003,3.71%
June 6 2003,3.67%
June 5 2003,3.64%
June 4 2003,3.62%
June 3 2003,3.63%
June 2 2003,3.65%
May 30 2003,3.72%
May 29 2003,3.79%
May 28 2003,3.73%
May 27 2003,3.69%
May 23 2003,3.78%
May 22 2003,3.79%
May 21 2003,3.78%
May 20 2003,3.86%
May 19 2003,3.88%
May 16 2003,3.85%
May 15 2003,3.86%
May 14 2003,3.87%
May 13 2003,3.86%
May 12 2003,3.91%
May 9 2003,3.95%
May 8 2003,3.91%
May 7 2003,3.87%
May 6 2003,3.89%
May 5 2003,3.89%
May 2 2003,3.90%
May 1 2003,3.99%
April 30 2003,3.99%
April 29 2003,4.01%
April 28 2003,3.96%
April 25 2003,3.98%
April 24 2003,3.95%
April 23 2003,3.89%
April 22 2003,3.88%
April 21 2003,3.93%
April 17 2003,3.92%
April 16 2003,3.95%
April 15 2003,3.92%
April 14 2003,3.91%
April 11 2003,3.93%
April 10 2003,3.94%
April 9 2003,3.94%
April 8 2003,3.92%
April 7 2003,3.88%
April 4 2003,3.82%
April 3 2003,3.84%
April 2 2003,3.76%
April 1 2003,3.72%
March 31 2003,3.74%
March 28 2003,-1.30%
March 27 2003,-1.32%
March 26 2003,-1.34%
March 25 2003,-1.34%
March 24 2003,-1.36%
March 21 2003,-1.35%
March 20 2003,-1.34%
March 19 2003,-1.35%
March 18 2003,-1.37%
March 17 2003,-1.36%
March 14 2003,-1.37%
March 13 2003,-1.38%
March 12 2003,-1.40%
March 11 2003,-1.37%
March 10 2003,-1.37%
March 7 2003,-1.35%
March 6 2003,-1.37%
March 5 2003,-1.35%
March 4 2003,-1.35%
March 3 2003,-1.34%
Feb. 28 2003,-1.37%
Feb. 27 2003,-1.37%
Feb. 26 2003,-1.38%
Feb. 25 2003,-1.39%
Feb. 24 2003,-1.40%
Feb. 21 2003,-1.39%
Feb. 20 2003,-1.43%
Feb. 19 2003,-1.40%
Feb. 18 2003,-1.41%
Feb. 14 2003,-1.43%
Feb. 13 2003,-1.45%
Feb. 12 2003,-1.45%
Feb. 11 2003,-1.43%
Feb. 10 2003,-1.42%
Feb. 7 2003,-1.43%
Feb. 6 2003,-1.42%
Feb. 5 2003,-1.41%
Feb. 4 2003,-1.39%
Feb. 3 2003,-1.40%
Jan. 31 2003,-1.44%
Jan. 30 2003,-1.47%
Jan. 29 2003,-1.45%
Jan. 28 2003,-1.51%
Jan. 27 2003,-1.53%
Jan. 24 2003,-1.50%
Jan. 23 2003,-1.46%
Jan. 22 2003,-1.46%
Jan. 21 2003,-1.47%
Jan. 17 2003,-1.45%
Jan. 16 2003,-1.44%
Jan. 15 2003,-1.46%
Jan. 14 2003,-1.46%
Jan. 13 2003,-1.47%
Jan. 10 2003,-1.49%
Jan. 9 2003,-1.45%
Jan. 8 2003,-1.46%
Jan. 7 2003,-1.44%
Jan. 6 2003,-1.38%
Jan. 3 2003,-1.41%
Jan. 2 2003,-1.41%
Dec. 31 2002,-1.44%
Dec. 30 2002,1.00%
Dec. 27 2002,1.02%
Dec. 26 2002,1.00%
Dec. 24 2002,0.99%
Dec. 23 2002,0.98%
Dec. 20 2002,0.97%
Dec. 19 2002,0.99%
Dec. 18 2002,0.98%
Dec. 17 2002,0.97%
Dec. 16 2002,0.98%
Dec. 13 2002,1.00%
Dec. 12 2002,0.99%
Dec. 11 2002,0.98%
Dec. 10 2002,0.97%
Dec. 9 2002,0.98%
Dec. 6 2002,0.97%
Dec. 5 2002,0.97%
Dec. 4 2002,0.99%
Dec. 3 2002,0.99%
Dec. 2 2002,1.01%
Nov. 29 2002,1.02%
Nov. 27 2002,1.01%
Nov. 26 2002,1.03%
Nov. 25 2002,1.00%
Nov. 22 2002,1.00%
Nov. 21 2002,0.97%
Nov. 20 2002,0.98%
Nov. 19 2002,1.00%
Nov. 18 2002,0.98%
Nov. 15 2002,1.00%
Nov. 14 2002,1.01%
Nov. 13 2002,1.04%
Nov. 12 2002,1.01%
Nov. 11 2002,1.01%
Nov. 8 2002,0.99%
Nov. 7 2002,0.99%
Nov. 6 2002,0.99%
Nov. 5 2002,1.00%
Nov. 4 2002,1.02%
Nov. 1 2002,1.01%
Oct. 31 2002,1.00%
Oct. 30 2002,0.99%
Oct. 29 2002,1.04%
Oct. 28 2002,1.01%
Oct. 25 2002,1.02%
Oct. 24 2002,1.03%
Oct. 23 2002,1.01%
Oct. 22 2002,1.03%
Oct. 21 2002,1.00%
Oct. 18 2002,0.99%
Oct. 17 2002,0.99%
Oct. 16 2002,1.01%
Oct. 15 2002,1.01%
Oct. 14 2002,1.03%
Oct. 11 2002,1.06%
Oct. 10 2002,1.07%
Oct. 9 2002,1.09%
Oct. 8 2002,1.04%
Oct. 7 2002,1.06%
Oct. 4 2002,1.03%
Oct. 3 2002,1.00%
Oct. 2 2002,1.03%
Oct. 1 2002,1.01%
Sept. 30 2002,1.05%
Sept. 27 2002,5.25%
Sept. 26 2002,5.09%
Sept. 25 2002,5.22%
Sept. 24 2002,5.30%
Sept. 23 2002,5.17%
Sept. 20 2002,5.13%
Sept. 19 2002,5.03%
Sept. 18 2002,4.98%
Sept. 17 2002,5.02%
Sept. 16 2002,4.83%
Sept. 13 2002,4.82%
Sept. 12 2002,4.81%
Sept. 11 2002,4.78%
Sept. 10 2002,4.81%
Sept. 9 2002,4.89%
Sept. 6 2002,4.88%
Sept. 5 2002,4.86%
Sept. 4 2002,4.85%
Sept. 3 2002,4.75%
Aug. 30 2002,4.77%
Aug. 29 2002,4.86%
Aug. 28 2002,4.89%
Aug. 27 2002,4.83%
Aug. 26 2002,4.82%
Aug. 23 2002,4.84%
Aug. 22 2002,4.75%
Aug. 21 2002,4.83%
Aug. 20 2002,4.87%
Aug. 19 2002,4.79%
Aug. 16 2002,4.83%
Aug. 15 2002,4.78%
Aug. 14 2002,4.79%
Aug. 13 2002,4.95%
Aug. 12 2002,4.84%
Aug. 9 2002,4.84%
Aug. 8 2002,4.91%
Aug. 7 2002,5.13%
Aug. 6 2002,5.17%
Aug. 5 2002,5.39%
Aug. 2 2002,5.15%
Aug. 1 2002,5.09%
July 31 2002,4.84%
July 30 2002,5.00%
July 29 2002,4.99%
July 26 2002,5.28%
July 25 2002,5.44%
July 24 2002,5.24%
July 23 2002,5.48%
July 22 2002,5.40%
July 19 2002,5.11%
July 18 2002,4.93%
July 17 2002,4.83%
July 16 2002,4.89%
July 15 2002,4.91%
July 12 2002,4.71%
July 11 2002,4.63%
July 10 2002,4.48%
July 9 2002,4.31%
July 8 2002,4.27%
July 5 2002,4.36%
July 3 2002,4.38%
July 2 2002,4.35%
July 1 2002,4.26%
June 28 2002,7.57%
June 27 2002,7.71%
June 26 2002,7.77%
June 25 2002,7.82%
June 24 2002,7.89%
June 21 2002,7.89%
June 20 2002,7.82%
June 19 2002,7.84%
June 18 2002,7.77%
June 17 2002,7.77%
June 14 2002,8.02%
June 13 2002,8.00%
June 12 2002,8.01%
June 11 2002,7.96%
June 10 2002,7.99%
June 7 2002,7.88%
June 6 2002,7.97%
June 5 2002,7.99%
June 4 2002,7.97%
June 3 2002,7.90%
May 31 2002,7.75%
May 30 2002,7.82%
May 29 2002,7.61%
May 28 2002,7.57%
May 24 2002,7.52%
May 23 2002,7.38%
May 22 2002,7.39%
May 21 2002,7.45%
May 20 2002,7.43%
May 17 2002,7.37%
May 16 2002,7.32%
May 15 2002,7.40%
May 14 2002,7.31%
May 13 2002,7.32%
May 10 2002,7.43%
May 9 2002,7.37%
May 8 2002,7.36%
May 7 2002,7.49%
May 6 2002,7.48%
May 3 2002,7.32%
May 2 2002,7.35%
May 1 2002,7.41%
April 30 2002,7.46%
April 29 2002,7.44%
April 26 2002,7.45%
April 25 2002,7.35%
April 24 2002,7.42%
April 23 2002,7.32%
April 22 2002,7.35%
April 19 2002,7.28%
April 18 2002,7.35%
April 17 2002,7.39%
April 16 2002,7.43%
April 15 2002,7.50%
April 12 2002,7.68%
April 11 2002,7.47%
April 10 2002,7.39%
April 9 2002,7.43%
April 8 2002,7.21%
April 5 2002,7.36%
April 4 2002,7.21%
April 3 2002,7.09%
April 2 2002,7.00%
April 1 2002,7.00%
March 28 2002,11.66%
March 27 2002,11.68%
March 26 2002,11.93%
March 25 2002,11.97%
March 22 2002,11.86%
March 21 2002,11.71%
March 20 2002,11.62%
March 19 2002,11.50%
March 18 2002,11.54%
March 15 2002,11.67%
March 14 2002,11.79%
March 13 2002,11.71%
March 12 2002,11.73%
March 11 2002,11.92%
March 8 2002,12.09%
March 7 2002,12.04%
March 6 2002,12.03%
March 5 2002,12.22%
March 4 2002,12.24%
March 1 2002,12.34%
Feb. 28 2002,12.38%
Feb. 27 2002,12.60%
Feb. 26 2002,12.43%
Feb. 25 2002,12.37%
Feb. 22 2002,12.61%
Feb. 21 2002,12.91%
Feb. 20 2002,13.05%
Feb. 19 2002,12.99%
Feb. 15 2002,12.59%
Feb. 14 2002,12.66%
Feb. 13 2002,12.73%
Feb. 12 2002,12.75%
Feb. 11 2002,12.61%
Feb. 8 2002,12.74%
Feb. 7 2002,12.76%
Feb. 6 2002,12.59%
Feb. 5 2002,12.66%
Feb. 4 2002,12.64%
Feb. 1 2002,12.46%
Jan. 31 2002,12.52%
Jan. 30 2002,12.52%
Jan. 29 2002,12.72%
Jan. 28 2002,12.43%
Jan. 25 2002,12.34%
Jan. 24 2002,12.37%
Jan. 23 2002,12.55%
Jan. 22 2002,12.76%
Jan. 18 2002,12.62%
Jan. 17 2002,12.60%
Jan. 16 2002,12.69%
Jan. 15 2002,12.39%
Jan. 14 2002,12.55%
Jan. 11 2002,12.35%
Jan. 10 2002,12.36%
Jan. 9 2002,12.41%
Jan. 8 2002,12.30%
Jan. 7 2002,12.14%
Jan. 4 2002,12.14%
Jan. 3 2002,12.28%
Jan. 2 2002,12.18%
Dec. 31 2001,12.15%
Dec. 28 2001,18.43%
Dec. 27 2001,18.61%
Dec. 26 2001,18.46%
Dec. 24 2001,18.71%
Dec. 21 2001,19.01%
Dec. 20 2001,19.09%
Dec. 19 2001,19.27%
Dec. 18 2001,19.67%
Dec. 17 2001,19.94%
Dec. 14 2001,19.70%
Dec. 13 2001,20.18%
Dec. 12 2001,19.82%
Dec. 11 2001,19.88%
Dec. 10 2001,19.65%
Dec. 7 2001,19.54%
Dec. 6 2001,19.81%
Dec. 5 2001,19.01%
Dec. 4 2001,19.68%
Dec. 3 2001,19.85%
Nov. 30 2001,20.04%
Nov. 29 2001,19.87%
Nov. 28 2001,20.41%
Nov. 27 2001,20.38%
Nov. 26 2001,20.61%
Nov. 23 2001,20.27%
Nov. 21 2001,20.54%
Nov. 20 2001,20.38%
Nov. 19 2001,21.00%
Nov. 16 2001,21.52%
Nov. 15 2001,21.69%
Nov. 14 2001,20.87%
Nov. 13 2001,19.79%
Nov. 12 2001,19.88%
Nov. 9 2001,19.72%
Nov. 8 2001,20.13%
Nov. 7 2001,20.04%
Nov. 6 2001,20.33%
Nov. 5 2001,20.73%
Nov. 2 2001,20.73%
Nov. 1 2001,20.05%
Oct. 31 2001,20.49%
Oct. 30 2001,20.18%
Oct. 29 2001,19.40%
Oct. 26 2001,19.25%
Oct. 25 2001,19.62%
Oct. 24 2001,20.01%
Oct. 23 2001,19.91%
Oct. 22 2001,20.16%
Oct. 19 2001,20.31%
Oct. 18 2001,20.36%
Oct. 17 2001,19.59%
Oct. 16 2001,19.56%
Oct. 15 2001,19.88%
Oct. 12 2001,19.39%
Oct. 11 2001,19.58%
Oct. 10 2001,19.42%
Oct. 9 2001,20.07%
Oct. 8 2001,20.28%
Oct. 5 2001,20.52%
Oct. 4 2001,20.55%
Oct. 3 2001,20.81%
Oct. 2 2001,20.67%
Oct. 1 2001,21.01%
Sept. 28 2001,21.55%
Sept. 27 2001,22.20%
Sept. 26 2001,23.06%
Sept. 25 2001,22.91%
Sept. 24 2001,22.57%
Sept. 21 2001,21.46%
Sept. 20 2001,21.83%
Sept. 19 2001,22.00%
Sept. 18 2001,20.88%
Sept. 17 2001,19.81%
Sept. 10 2001,19.85%
Sept. 7 2001,19.64%
Sept. 6 2001,19.57%
Sept. 5 2001,19.64%
Sept. 4 2001,19.85%
Aug. 31 2001,20.21%
Aug. 30 2001,19.96%
Aug. 29 2001,19.87%
Aug. 28 2001,19.95%
Aug. 27 2001,19.78%
Aug. 24 2001,19.58%
Aug. 23 2001,19.83%
Aug. 22 2001,20.16%
Aug. 21 2001,20.10%
Aug. 20 2001,20.14%
Aug. 17 2001,20.03%
Aug. 16 2001,19.72%
Aug. 15 2001,19.63%
Aug. 14 2001,20.07%
Aug. 13 2001,20.19%
Aug. 10 2001,20.06%
Aug. 9 2001,20.44%
Aug. 8 2001,20.39%
Aug. 7 2001,20.34%
Aug. 6 2001,20.65%
Aug. 3 2001,20.51%
Aug. 2 2001,20.19%
Aug. 1 2001,20.40%
July 31 2001,20.36%
July 30 2001,20.23%
July 27 2001,20.40%
July 26 2001,20.65%
July 25 2001,20.90%
July 24 2001,21.93%
July 23 2001,21.07%
July 20 2001,21.17%
July 19 2001,21.52%
July 18 2001,21.88%
July 17 2001,21.66%
July 16 2001,21.13%
July 13 2001,20.82%
July 12 2001,20.94%
July 11 2001,20.75%
July 10 2001,20.40%
July 9 2001,20.41%
July 6 2001,20.24%
July 5 2001,20.21%
July 3 2001,20.44%
July 2 2001,20.56%
June 29 2001,18.85%
June 28 2001,19.32%
June 27 2001,19.20%
June 26 2001,18.56%
June 25 2001,18.68%
June 22 2001,18.33%
June 21 2001,18.48%
June 20 2001,17.98%
June 19 2001,17.77%
June 18 2001,17.90%
June 15 2001,17.71%
June 14 2001,17.68%
June 13 2001,17.30%
June 12 2001,17.13%
June 11 2001,17.23%
June 8 2001,17.19%
June 7 2001,17.25%
June 6 2001,16.97%
June 5 2001,16.65%
June 4 2001,16.57%
June 1 2001,16.66%
May 31 2001,16.59%
May 30 2001,16.57%
May 29 2001,16.53%
May 25 2001,16.53%
May 24 2001,16.30%
May 23 2001,16.20%
May 22 2001,16.07%
May 21 2001,15.97%
May 18 2001,15.91%
May 17 2001,16.31%
May 16 2001,16.75%
May 15 2001,17.24%
May 14 2001,17.57%
May 11 2001,18.05%
May 10 2001,18.06%
May 9 2001,18.05%
May 8 2001,18.45%
May 7 2001,18.55%
May 4 2001,18.70%
May 3 2001,19.09%
May 2 2001,18.97%
May 1 2001,18.13%
April 30 2001,18.03%
April 27 2001,17.91%
April 26 2001,17.91%
April 25 2001,17.95%
April 24 2001,18.15%
April 23 2001,18.31%
April 20 2001,18.76%
April 19 2001,18.73%
April 18 2001,18.59%
April 17 2001,18.50%
April 16 2001,18.49%
April 12 2001,18.98%
April 11 2001,19.03%
April 10 2001,18.66%
April 9 2001,19.10%
April 6 2001,19.51%
April 5 2001,19.36%
April 4 2001,19.91%
April 3 2001,20.27%
April 2 2001,20.09%
March 30 2001,17.30%
March 29 2001,17.84%
March 28 2001,17.77%
March 27 2001,17.59%
March 26 2001,17.66%
March 23 2001,17.51%
March 22 2001,17.85%
March 21 2001,17.31%
March 20 2001,17.08%
March 19 2001,17.15%
March 16 2001,17.33%
March 15 2001,17.30%
March 14 2001,17.41%
March 13 2001,17.27%
March 12 2001,16.92%
March 9 2001,16.57%
March 8 2001,16.53%
March 7 2001,16.95%
March 6 2001,17.18%
March 5 2001,17.20%
March 2 2001,17.33%
March 1 2001,17.80%
Feb. 28 2001,17.86%
Feb. 27 2001,17.32%
Feb. 26 2001,17.32%
Feb. 23 2001,17.30%
Feb. 22 2001,17.19%
Feb. 21 2001,17.16%
Feb. 20 2001,17.01%
Feb. 16 2001,17.02%
Feb. 15 2001,16.98%
Feb. 14 2001,16.84%
Feb. 13 2001,16.66%
Feb. 12 2001,16.90%
Feb. 9 2001,17.08%
Feb. 8 2001,17.38%
Feb. 7 2001,17.36%
Feb. 6 2001,17.64%
Feb. 5 2001,17.85%
Feb. 2 2001,16.38%
Feb. 1 2001,16.41%
Jan. 31 2001,16.24%
Jan. 30 2001,16.53%
Jan. 29 2001,16.63%
Jan. 26 2001,16.74%
Jan. 25 2001,16.40%
Jan. 24 2001,16.78%
Jan. 23 2001,16.71%
Jan. 22 2001,16.87%
Jan. 19 2001,17.24%
Jan. 18 2001,17.28%
Jan. 17 2001,17.18%
Jan. 16 2001,16.76%
Jan. 12 2001,17.28%
Jan. 11 2001,17.43%
Jan. 10 2001,17.62%
Jan. 9 2001,17.30%
Jan. 8 2001,17.03%
Jan. 5 2001,17.04%
Jan. 4 2001,17.36%
Jan. 3 2001,17.14%
Jan. 2 2001,16.69%
Dec. 29 2000,12.34%
Dec. 28 2000,12.06%
Dec. 27 2000,12.13%
Dec. 26 2000,12.45%
Dec. 22 2000,12.85%
Dec. 21 2000,13.13%
Dec. 20 2000,13.26%
Dec. 19 2000,13.03%
Dec. 18 2000,12.97%
Dec. 15 2000,13.24%
Dec. 14 2000,13.37%
Dec. 13 2000,12.88%
Dec. 12 2000,13.19%
Dec. 11 2000,13.27%
Dec. 8 2000,13.00%
Dec. 7 2000,13.12%
Dec. 6 2000,13.00%
Dec. 5 2000,12.70%
Dec. 4 2000,11.97%
Dec. 1 2000,12.25%
Nov. 30 2000,12.42%
Nov. 29 2000,11.88%
Nov. 28 2000,11.43%
Nov. 27 2000,11.33%
Nov. 24 2000,11.37%
Nov. 22 2000,11.32%
Nov. 21 2000,11.40%
Nov. 20 2000,11.53%
Nov. 17 2000,11.38%
Nov. 16 2000,11.21%
Nov. 15 2000,11.23%
Nov. 14 2000,11.35%
Nov. 13 2000,11.49%
Nov. 10 2000,11.61%
Nov. 9 2000,11.52%
Nov. 8 2000,11.61%
Nov. 7 2000,11.80%
Nov. 6 2000,11.64%
Nov. 3 2000,11.71%
Nov. 2 2000,11.61%
Nov. 1 2000,11.30%
Oct. 31 2000,11.37%
Oct. 30 2000,11.40%
Oct. 27 2000,11.48%
Oct. 26 2000,11.46%
Oct. 25 2000,11.20%
Oct. 24 2000,11.08%
Oct. 23 2000,10.81%
Oct. 20 2000,10.76%
Oct. 19 2000,11.04%
Oct. 18 2000,11.07%
Oct. 17 2000,10.98%
Oct. 16 2000,11.15%
Oct. 13 2000,10.97%
Oct. 12 2000,10.56%
Oct. 11 2000,10.88%
Oct. 10 2000,10.92%
Oct. 9 2000,11.14%
Oct. 6 2000,11.58%
Oct. 5 2000,11.37%
Oct. 4 2000,11.26%
Oct. 3 2000,11.03%
Oct. 2 2000,11.03%
Sept. 29 2000,9.53%
Sept. 28 2000,9.54%
Sept. 27 2000,9.29%
Sept. 26 2000,9.58%
Sept. 25 2000,9.78%
Sept. 22 2000,9.73%
Sept. 21 2000,9.39%
Sept. 20 2000,9.18%
Sept. 19 2000,9.18%
Sept. 18 2000,8.95%
Sept. 15 2000,9.01%
Sept. 14 2000,9.24%
Sept. 13 2000,9.24%
Sept. 12 2000,9.25%
Sept. 11 2000,9.44%
Sept. 8 2000,9.66%
Sept. 7 2000,9.53%
Sept. 6 2000,9.41%
Sept. 5 2000,9.57%
Sept. 1 2000,9.50%
Aug. 31 2000,9.67%
Aug. 30 2000,9.85%
Aug. 29 2000,9.75%
Aug. 28 2000,9.76%
Aug. 25 2000,9.70%
Aug. 24 2000,9.83%
Aug. 23 2000,9.61%
Aug. 22 2000,10.00%
Aug. 21 2000,10.15%
Aug. 18 2000,10.23%
Aug. 17 2000,10.01%
Aug. 16 2000,10.36%
Aug. 15 2000,10.53%
Aug. 14 2000,10.72%
Aug. 11 2000,10.96%
Aug. 10 2000,10.78%
Aug. 9 2000,10.99%
Aug. 8 2000,11.10%
Aug. 7 2000,11.21%
Aug. 4 2000,11.33%
Aug. 3 2000,11.25%
Aug. 2 2000,11.46%
Aug. 1 2000,11.84%
July 31 2000,11.77%
July 28 2000,11.99%
July 27 2000,12.15%
July 26 2000,12.53%
July 25 2000,12.43%
July 24 2000,12.49%
July 21 2000,11.99%
July 20 2000,11.70%
July 19 2000,11.60%
July 18 2000,11.67%
July 17 2000,11.73%
July 14 2000,11.67%
July 13 2000,11.70%
July 12 2000,11.46%
July 11 2000,11.26%
July 10 2000,11.77%
July 7 2000,11.86%
July 6 2000,11.93%
July 5 2000,12.66%
July 3 2000,11.73%
June 30 2000,11.80%
June 29 2000,7.80%
June 28 2000,7.75%
June 27 2000,7.61%
June 26 2000,7.50%
June 23 2000,7.46%
June 22 2000,7.50%
June 21 2000,7.37%
June 20 2000,7.47%
June 19 2000,7.43%
June 16 2000,7.16%
June 15 2000,7.40%
June 14 2000,7.27%
June 13 2000,7.25%
June 12 2000,7.31%
June 9 2000,7.47%
June 8 2000,7.40%
June 7 2000,7.40%
June 6 2000,7.39%
June 5 2000,7.50%
June 2 2000,7.44%
June 1 2000,7.13%
May 31 2000,7.10%
May 30 2000,7.38%
May 26 2000,7.58%
May 25 2000,7.45%
May 24 2000,7.46%
May 23 2000,7.51%
May 22 2000,7.47%
May 19 2000,7.65%
May 18 2000,7.66%
May 17 2000,7.79%
May 16 2000,7.92%
May 15 2000,8.02%
May 12 2000,8.11%
May 11 2000,8.06%
May 10 2000,8.24%
May 9 2000,8.22%
May 8 2000,8.23%
May 5 2000,8.27%
May 4 2000,8.32%
May 3 2000,8.45%
May 2 2000,8.41%
May 1 2000,8.40%
April 28 2000,8.57%
April 27 2000,8.31%
April 26 2000,8.22%
April 25 2000,8.22%
April 24 2000,8.30%
April 20 2000,8.55%
April 19 2000,8.53%
April 18 2000,8.66%
April 17 2000,8.64%
April 14 2000,8.31%
April 13 2000,8.44%
April 12 2000,8.48%
April 11 2000,8.68%
April 10 2000,8.90%
April 7 2000,8.83%
April 6 2000,8.73%
April 5 2000,8.91%
April 4 2000,8.82%
April 3 2000,8.75%
March 31 2000,8.79%
March 30 2000,6.90%
March 29 2000,7.08%
March 28 2000,7.30%
March 27 2000,7.32%
March 24 2000,7.33%
March 23 2000,7.36%
March 22 2000,7.40%
March 21 2000,7.24%
March 20 2000,7.57%
March 17 2000,7.60%
March 16 2000,7.30%
March 15 2000,8.06%
March 14 2000,8.03%
March 13 2000,7.98%
March 10 2000,7.88%
March 9 2000,7.79%
March 8 2000,7.79%
March 7 2000,7.77%
March 6 2000,8.18%
March 3 2000,8.26%
March 2 2000,8.27%
March 1 2000,8.14%
Feb. 29 2000,8.23%
Feb. 28 2000,8.48%
Feb. 25 2000,8.54%
Feb. 24 2000,8.68%
Feb. 23 2000,8.38%
Feb. 22 2000,8.06%
Feb. 18 2000,8.12%
Feb. 17 2000,7.97%
Feb. 16 2000,7.97%
Feb. 15 2000,8.23%
Feb. 14 2000,8.37%
Feb. 11 2000,8.41%
Feb. 10 2000,8.28%
Feb. 9 2000,8.26%
Feb. 8 2000,8.07%
Feb. 7 2000,7.87%
Feb. 4 2000,8.07%
Feb. 3 2000,8.00%
Feb. 2 2000,7.85%
Feb. 1 2000,7.74%
Jan. 31 2000,7.70%
Jan. 28 2000,7.90%
Jan. 27 2000,7.77%
Jan. 26 2000,7.64%
Jan. 25 2000,7.45%
Jan. 24 2000,7.54%
Jan. 21 2000,7.38%
Jan. 20 2000,7.35%
Jan. 19 2000,7.14%
Jan. 18 2000,7.08%
Jan. 14 2000,7.20%
Jan. 13 2000,7.12%
Jan. 12 2000,7.14%
Jan. 11 2000,7.01%
Jan. 10 2000,7.00%
Jan. 7 2000,6.98%
Jan. 6 2000,6.90%
Jan. 5 2000,7.22%
Jan. 4 2000,7.08%
Jan. 3 2000,6.95%
Dec. 31 1999,6.70%
Dec. 30 1999,1.73%
Dec. 29 1999,1.74%
Dec. 28 1999,1.76%
Dec. 27 1999,1.78%
Dec. 23 1999,1.78%
Dec. 22 1999,1.79%
Dec. 21 1999,1.78%
Dec. 20 1999,1.77%
Dec. 17 1999,1.73%
Dec. 16 1999,1.70%
Dec. 15 1999,1.70%
Dec. 14 1999,1.73%
Dec. 13 1999,1.70%
Dec. 10 1999,1.72%
Dec. 9 1999,1.67%
Dec. 8 1999,1.66%
Dec. 7 1999,1.71%
Dec. 6 1999,1.70%
Dec. 3 1999,1.69%
Dec. 2 1999,1.70%
Dec. 1 1999,1.67%
Nov. 30 1999,1.70%
Nov. 29 1999,1.69%
Nov. 26 1999,1.70%
Nov. 24 1999,1.70%
Nov. 23 1999,1.70%
Nov. 22 1999,1.66%
Nov. 19 1999,1.63%
Nov. 18 1999,1.62%
Nov. 17 1999,1.58%
Nov. 16 1999,1.60%
Nov. 15 1999,1.63%
Nov. 12 1999,1.64%
Nov. 11 1999,1.66%
Nov. 10 1999,1.67%
Nov. 9 1999,1.70%
Nov. 8 1999,1.73%
Nov. 5 1999,1.80%
Nov. 4 1999,1.78%
Nov. 3 1999,1.76%
Nov. 2 1999,1.75%
Nov. 1 1999,1.74%
Oct. 29 1999,1.75%
Oct. 28 1999,1.73%
Oct. 27 1999,1.72%
Oct. 26 1999,1.74%
Oct. 25 1999,1.68%
Oct. 22 1999,1.65%
Oct. 21 1999,1.72%
Oct. 20 1999,1.70%
Oct. 19 1999,1.72%
Oct. 18 1999,1.72%
Oct. 15 1999,1.76%
Oct. 14 1999,1.74%
Oct. 13 1999,1.76%
Oct. 12 1999,1.74%
Oct. 11 1999,1.73%
Oct. 8 1999,1.75%
Oct. 7 1999,1.74%
Oct. 6 1999,1.74%
Oct. 5 1999,1.78%
Oct. 4 1999,1.74%
Oct. 1 1999,1.71%
Sept. 30 1999,1.67%
Sept. 29 1999,-0.19%
Sept. 28 1999,-0.20%
Sept. 27 1999,-0.19%
Sept. 24 1999,-0.19%
Sept. 23 1999,-0.17%
Sept. 22 1999,-0.17%
Sept. 21 1999,-0.17%
Sept. 20 1999,-0.16%
Sept. 17 1999,-0.17%
Sept. 16 1999,-0.18%
Sept. 15 1999,-0.18%
Sept. 14 1999,-0.17%
Sept. 13 1999,-0.17%
Sept. 10 1999,-0.17%
Sept. 9 1999,-0.17%
Sept. 8 1999,-0.17%
Sept. 7 1999,-0.17%
Sept. 3 1999,-0.18%
Sept. 2 1999,-0.18%
Sept. 1 1999,-0.18%
Aug. 31 1999,-0.18%
Aug. 30 1999,-0.18%
Aug. 27 1999,-0.18%
Aug. 26 1999,-0.18%
Aug. 25 1999,-0.17%
Aug. 24 1999,-0.17%
Aug. 23 1999,-0.17%
Aug. 20 1999,-0.17%
Aug. 19 1999,-0.18%
Aug. 18 1999,-0.18%
Aug. 17 1999,-0.17%
Aug. 16 1999,-0.18%
Aug. 13 1999,-0.18%
Aug. 12 1999,-0.18%
Aug. 11 1999,-0.17%
Aug. 10 1999,-0.17%
Aug. 9 1999,-0.18%
Aug. 6 1999,-0.18%
Aug. 5 1999,-0.18%
Aug. 4 1999,-0.18%
Aug. 3 1999,-0.18%
Aug. 2 1999,-0.18%
July 30 1999,-0.18%
July 29 1999,-0.18%
July 28 1999,-0.18%
July 27 1999,-0.18%
July 26 1999,-0.18%
July 23 1999,-0.17%
July 22 1999,-0.17%
July 21 1999,-0.17%
July 20 1999,-0.17%
July 19 1999,-0.17%
July 16 1999,-0.17%
July 15 1999,-0.18%
July 14 1999,-0.18%
July 13 1999,-0.18%
July 12 1999,-0.18%
July 9 1999,-0.18%
July 8 1999,-0.18%
July 7 1999,-0.18%
July 6 1999,-0.18%
July 2 1999,-0.18%
July 1 1999,-0.18%
June 30 1999,-0.18%
June 29 1999,0.71%
June 28 1999,0.70%
June 25 1999,0.72%
June 24 1999,0.69%
June 23 1999,0.68%
June 22 1999,0.69%
June 21 1999,0.68%
June 18 1999,0.66%
June 17 1999,0.65%
June 16 1999,0.65%
June 15 1999,0.63%
June 14 1999,0.64%
June 11 1999,0.65%
June 10 1999,0.65%
June 9 1999,0.65%
June 8 1999,0.65%
June 7 1999,0.64%
June 4 1999,0.64%
June 3 1999,0.64%
June 2 1999,0.64%
June 1 1999,0.65%
May 28 1999,0.65%
May 27 1999,0.66%
May 26 1999,0.65%
May 25 1999,0.66%
May 24 1999,0.66%
May 21 1999,0.67%
May 20 1999,0.68%
May 19 1999,0.68%
May 18 1999,0.68%
May 17 1999,0.68%
May 14 1999,0.69%
May 13 1999,0.68%
May 12 1999,0.68%
May 11 1999,0.67%
May 10 1999,0.67%
May 7 1999,0.68%
May 6 1999,0.68%
May 5 1999,0.67%
May 4 1999,0.66%
May 3 1999,0.66%
April 30 1999,0.67%
April 29 1999,0.67%
April 28 1999,0.69%
April 27 1999,0.72%
April 26 1999,0.73%
April 23 1999,0.71%
April 22 1999,0.70%
April 21 1999,0.71%
April 20 1999,0.71%
April 19 1999,0.69%
April 16 1999,0.68%
April 15 1999,0.68%
April 14 1999,0.71%
April 13 1999,0.70%
April 12 1999,0.70%
April 9 1999,0.70%
April 8 1999,0.71%
April 7 1999,0.72%
April 6 1999,0.72%
April 5 1999,0.72%
April 1 1999,0.72%
March 31 1999,0.72%
March 30 1999,2.49%
March 29 1999,2.46%
March 26 1999,2.59%
March 25 1999,2.62%
March 24 1999,2.63%
March 23 1999,2.65%
March 22 1999,2.63%
March 19 1999,2.67%
March 18 1999,2.65%
March 17 1999,2.69%
March 16 1999,2.78%
March 15 1999,2.76%
March 12 1999,2.71%
March 11 1999,2.69%
March 10 1999,2.81%
March 9 1999,2.94%
March 8 1999,2.88%
March 5 1999,2.95%
March 4 1999,2.97%
March 3 1999,3.01%
March 2 1999,3.07%
March 1 1999,3.04%
Feb. 26 1999,3.05%
Feb. 25 1999,3.04%
Feb. 24 1999,3.05%
Feb. 23 1999,3.05%
Feb. 22 1999,3.07%
Feb. 19 1999,3.12%
Feb. 18 1999,2.97%
Feb. 17 1999,2.97%
Feb. 16 1999,2.97%
Feb. 12 1999,2.98%
Feb. 11 1999,3.00%
Feb. 10 1999,2.95%
Feb. 9 1999,2.99%
Feb. 8 1999,2.93%
Feb. 5 1999,2.94%
Feb. 4 1999,3.01%
Feb. 3 1999,2.97%
Feb. 2 1999,3.07%
Feb. 1 1999,3.08%
Jan. 29 1999,3.06%
Jan. 28 1999,3.04%
Jan. 27 1999,3.00%
Jan. 26 1999,2.90%
Jan. 25 1999,2.90%
Jan. 22 1999,2.86%
Jan. 21 1999,2.90%
Jan. 20 1999,2.92%
Jan. 19 1999,2.95%
Jan. 15 1999,2.88%
Jan. 14 1999,2.90%
Jan. 13 1999,2.84%
Jan. 12 1999,2.85%
Jan. 11 1999,2.84%
Jan. 8 1999,2.79%
Jan. 7 1999,2.76%
Jan. 6 1999,2.69%
Jan. 5 1999,2.77%
Jan. 4 1999,2.74%
Dec. 31 1998,2.77%
Dec. 30 1998,7.66%
Dec. 29 1998,7.66%
Dec. 28 1998,7.67%
Dec. 24 1998,7.66%
Dec. 23 1998,7.62%
Dec. 22 1998,7.74%
Dec. 21 1998,7.86%
Dec. 18 1998,7.80%
Dec. 17 1998,7.81%
Dec. 16 1998,7.80%
Dec. 15 1998,7.95%
Dec. 14 1998,7.99%
Dec. 11 1998,7.93%
Dec. 10 1998,8.02%
Dec. 9 1998,7.86%
Dec. 8 1998,7.99%
Dec. 7 1998,7.93%
Dec. 4 1998,7.87%
Dec. 3 1998,7.85%
Dec. 2 1998,7.75%
Dec. 1 1998,7.92%
Nov. 30 1998,7.78%
Nov. 27 1998,7.37%
Nov. 25 1998,7.54%
Nov. 24 1998,7.52%
Nov. 23 1998,7.42%
Nov. 20 1998,7.49%
Nov. 19 1998,7.81%
Nov. 18 1998,7.70%
Nov. 17 1998,7.63%
Nov. 16 1998,7.53%
Nov. 13 1998,7.29%
Nov. 12 1998,7.35%
Nov. 11 1998,7.55%
Nov. 10 1998,7.34%
Nov. 9 1998,7.25%
Nov. 6 1998,7.13%
Nov. 5 1998,7.18%
Nov. 4 1998,7.30%
Nov. 3 1998,7.23%
Nov. 2 1998,7.38%
Oct. 30 1998,7.55%
Oct. 29 1998,7.72%
Oct. 28 1998,7.77%
Oct. 27 1998,7.63%
Oct. 26 1998,7.46%
Oct. 23 1998,7.49%
Oct. 22 1998,7.52%
Oct. 21 1998,7.33%
Oct. 20 1998,7.34%
Oct. 19 1998,7.55%
Oct. 16 1998,7.41%
Oct. 15 1998,7.36%
Oct. 14 1998,7.40%
Oct. 13 1998,7.21%
Oct. 12 1998,7.04%
Oct. 9 1998,7.14%
Oct. 8 1998,7.20%
Oct. 7 1998,7.01%
Oct. 6 1998,6.89%
Oct. 5 1998,6.93%
Oct. 2 1998,6.86%
Oct. 1 1998,7.38%
Sept. 30 1998,7.24%
Sept. 29 1998,8.59%
Sept. 28 1998,8.78%
Sept. 25 1998,8.50%
Sept. 24 1998,8.56%
Sept. 23 1998,8.43%
Sept. 22 1998,8.87%
Sept. 21 1998,8.79%
Sept. 18 1998,8.78%
Sept. 17 1998,8.72%
Sept. 16 1998,8.77%
Sept. 15 1998,8.67%
Sept. 14 1998,8.63%
Sept. 11 1998,8.59%
Sept. 10 1998,8.98%
Sept. 9 1998,9.29%
Sept. 8 1998,9.11%
Sept. 4 1998,9.37%
Sept. 3 1998,9.52%
Sept. 2 1998,9.62%
Sept. 1 1998,9.37%
Aug. 31 1998,10.03%
Aug. 28 1998,9.69%
Aug. 27 1998,9.79%
Aug. 26 1998,9.44%
Aug. 25 1998,9.04%
Aug. 24 1998,9.13%
Aug. 21 1998,8.91%
Aug. 20 1998,8.66%
Aug. 19 1998,8.73%
Aug. 18 1998,8.83%
Aug. 17 1998,8.81%
Aug. 14 1998,9.12%
Aug. 13 1998,8.87%
Aug. 12 1998,9.42%
Aug. 11 1998,9.53%
Aug. 10 1998,9.92%
Aug. 7 1998,9.60%
Aug. 6 1998,9.86%
Aug. 5 1998,9.67%
Aug. 4 1998,9.60%
Aug. 3 1998,9.53%
July 31 1998,9.26%
July 30 1998,8.98%
July 29 1998,8.97%
July 28 1998,8.97%
July 27 1998,8.93%
July 24 1998,8.75%
July 23 1998,9.12%
July 22 1998,8.77%
July 21 1998,8.80%
July 20 1998,8.70%
July 17 1998,8.79%
July 16 1998,8.57%
July 15 1998,8.64%
July 14 1998,8.54%
July 13 1998,8.81%
July 10 1998,8.52%
July 9 1998,8.50%
July 8 1998,8.40%
July 7 1998,8.43%
July 6 1998,8.27%
July 2 1998,8.30%
July 1 1998,8.37%
June 30 1998,8.49%
June 29 1998,9.95%
June 26 1998,9.81%
June 25 1998,9.79%
June 24 1998,9.71%
June 23 1998,9.65%
June 22 1998,9.68%
June 19 1998,9.80%
June 18 1998,9.64%
June 17 1998,9.54%
June 16 1998,9.82%
June 15 1998,9.95%
June 12 1998,9.91%
June 11 1998,9.91%
June 10 1998,9.63%
June 9 1998,9.49%
June 8 1998,9.41%
June 5 1998,9.30%
June 4 1998,9.57%
June 3 1998,9.74%
June 2 1998,9.65%
June 1 1998,9.80%
May 29 1998,9.62%
May 28 1998,9.54%
May 27 1998,9.57%
May 26 1998,9.64%
May 22 1998,9.50%
May 21 1998,9.46%
May 20 1998,9.37%
May 19 1998,9.41%
May 18 1998,9.66%
May 15 1998,9.52%
May 14 1998,9.57%
May 13 1998,9.66%
May 12 1998,9.68%
May 11 1998,9.74%
May 8 1998,10.03%
May 7 1998,10.02%
May 6 1998,9.86%
May 5 1998,9.74%
May 4 1998,9.64%
May 1 1998,9.57%
April 30 1998,9.71%
April 29 1998,9.91%
April 28 1998,10.06%
April 27 1998,9.90%
April 24 1998,10.06%
April 23 1998,9.89%
April 22 1998,9.73%
April 21 1998,9.60%
April 20 1998,9.59%
April 17 1998,9.52%
April 16 1998,9.50%
April 15 1998,9.62%
April 14 1998,9.71%
April 13 1998,9.70%
April 9 1998,9.65%
April 8 1998,9.70%
April 7 1998,9.54%
April 6 1998,9.56%
April 3 1998,9.45%
April 2 1998,9.39%
April 1 1998,9.62%
March 31 1998,9.64%
March 30 1998,9.38%
March 27 1998,9.31%
March 26 1998,9.31%
March 25 1998,9.35%
March 24 1998,9.22%
March 23 1998,9.07%
March 20 1998,9.23%
March 19 1998,9.53%
March 18 1998,9.65%
March 17 1998,9.83%
March 16 1998,9.58%
March 13 1998,9.66%
March 12 1998,9.64%
March 11 1998,9.52%
March 10 1998,9.52%
March 9 1998,9.76%
March 6 1998,9.55%
March 5 1998,9.49%
March 4 1998,9.46%
March 3 1998,9.48%
March 2 1998,9.74%
Feb. 27 1998,9.66%
Feb. 26 1998,9.89%
Feb. 25 1998,10.16%
Feb. 24 1998,10.35%
Feb. 23 1998,10.27%
Feb. 20 1998,10.04%
Feb. 19 1998,10.08%
Feb. 18 1998,10.04%
Feb. 17 1998,10.06%
Feb. 13 1998,10.09%
Feb. 12 1998,10.25%
Feb. 11 1998,10.35%
Feb. 10 1998,10.54%
Feb. 9 1998,10.76%
Feb. 6 1998,10.57%
Feb. 5 1998,10.63%
Feb. 4 1998,10.48%
Feb. 3 1998,10.52%
Feb. 2 1998,10.58%
