Feb. 1 2018,-36.52%
Jan. 31 2018,-37.00%
Jan. 30 2018,-37.26%
Jan. 29 2018,-36.14%
Jan. 26 2018,-35.72%
Jan. 25 2018,-36.03%
Jan. 24 2018,-34.91%
Jan. 23 2018,-35.02%
Jan. 22 2018,-34.91%
Jan. 19 2018,-36.22%
Jan. 18 2018,-36.01%
Jan. 17 2018,-35.72%
Jan. 16 2018,-36.90%
Jan. 12 2018,-35.76%
Jan. 11 2018,-36.18%
Jan. 10 2018,-37.60%
Jan. 9 2018,-37.29%
Jan. 8 2018,-37.45%
Jan. 5 2018,-37.62%
Jan. 4 2018,-37.14%
Jan. 3 2018,-38.09%
Jan. 2 2018,-38.72%
Dec. 29 2017,-49.38%
Dec. 28 2017,-48.97%
Dec. 27 2017,-49.15%
Dec. 26 2017,-48.44%
Dec. 22 2017,-49.47%
Dec. 21 2017,-49.03%
Dec. 20 2017,-51.23%
Dec. 19 2017,-52.18%
Dec. 18 2017,-54.18%
Dec. 15 2017,-55.70%
Dec. 14 2017,-55.29%
Dec. 13 2017,-55.00%
Dec. 12 2017,-55.07%
Dec. 11 2017,-55.18%
Dec. 8 2017,-55.18%
Dec. 7 2017,-56.72%
Dec. 6 2017,-57.85%
Dec. 5 2017,-56.18%
Dec. 4 2017,-56.11%
Dec. 1 2017,-55.44%
Nov. 30 2017,-56.33%
Nov. 29 2017,-56.68%
Nov. 28 2017,-57.42%
Nov. 27 2017,-57.73%
Nov. 24 2017,-55.25%
Nov. 22 2017,-56.18%
Nov. 21 2017,-57.58%
Nov. 20 2017,-57.77%
Nov. 17 2017,-55.55%
Nov. 16 2017,-57.58%
Nov. 15 2017,-56.52%
Nov. 14 2017,-56.33%
Nov. 13 2017,-53.76%
Nov. 10 2017,-53.52%
Nov. 9 2017,-52.98%
Nov. 8 2017,-53.08%
Nov. 7 2017,-51.73%
Nov. 6 2017,-51.19%
Nov. 3 2017,-53.66%
Nov. 2 2017,-54.15%
Nov. 1 2017,-56.22%
Oct. 31 2017,-58.79%
Oct. 30 2017,-59.04%
Oct. 27 2017,-60.54%
Oct. 26 2017,-61.65%
Oct. 25 2017,-62.02%
Oct. 24 2017,-60.98%
Oct. 23 2017,-61.34%
Oct. 20 2017,-60.01%
Oct. 19 2017,-60.84%
Oct. 18 2017,-60.71%
Oct. 17 2017,-59.89%
Oct. 16 2017,-60.36%
Oct. 13 2017,-60.80%
Oct. 12 2017,-61.38%
Oct. 11 2017,-61.11%
Oct. 10 2017,-61.38%
Oct. 9 2017,-61.56%
Oct. 6 2017,-61.70%
Oct. 5 2017,-60.23%
Oct. 4 2017,-60.14%
Oct. 3 2017,-60.76%
Oct. 2 2017,-61.52%
Sept. 29 2017,-58.19%
Sept. 28 2017,-58.31%
Sept. 27 2017,-57.47%
Sept. 26 2017,-58.88%
Sept. 25 2017,-59.82%
Sept. 22 2017,-61.69%
Sept. 21 2017,-61.98%
Sept. 20 2017,-63.53%
Sept. 19 2017,-65.75%
Sept. 18 2017,-65.64%
Sept. 15 2017,-65.75%
Sept. 14 2017,-66.14%
Sept. 13 2017,-66.25%
Sept. 12 2017,-68.08%
Sept. 11 2017,-68.67%
Sept. 8 2017,-69.76%
Sept. 7 2017,-66.98%
Sept. 6 2017,-67.26%
Sept. 5 2017,-69.88%
Sept. 1 2017,-70.01%
Aug. 31 2017,-70.95%
Aug. 30 2017,-72.39%
Aug. 29 2017,-72.52%
Aug. 28 2017,-72.25%
Aug. 25 2017,-71.40%
Aug. 24 2017,-71.79%
Aug. 23 2017,-71.60%
Aug. 22 2017,-72.45%
Aug. 21 2017,-73.26%
Aug. 18 2017,-72.59%
Aug. 17 2017,-72.92%
Aug. 16 2017,-70.51%
Aug. 15 2017,-68.43%
Aug. 14 2017,-67.84%
Aug. 11 2017,-65.10%
Aug. 10 2017,-65.48%
Aug. 9 2017,-64.67%
Aug. 8 2017,-63.78%
Aug. 7 2017,-63.89%
Aug. 4 2017,-61.16%
Aug. 3 2017,-63.07%
Aug. 2 2017,-65.53%
Aug. 1 2017,-66.25%
July 31 2017,-64.51%
July 28 2017,-63.84%
July 27 2017,-64.51%
July 26 2017,-64.78%
July 25 2017,-63.94%
July 24 2017,-66.41%
July 21 2017,-66.58%
July 20 2017,-65.21%
July 19 2017,-64.41%
July 18 2017,-67.55%
July 17 2017,-68.08%
July 14 2017,-67.73%
July 13 2017,-68.91%
July 12 2017,-69.03%
July 11 2017,-68.08%
July 10 2017,-68.49%
July 7 2017,-68.79%
July 6 2017,-68.08%
July 5 2017,-67.21%
July 3 2017,-64.99%
June 30 2017,-66.58%
June 29 2017,-67.72%
June 28 2017,-69.26%
June 27 2017,-69.87%
June 26 2017,-68.78%
June 23 2017,-68.78%
June 22 2017,-68.42%
June 21 2017,-68.30%
June 20 2017,-65.75%
June 19 2017,-63.49%
June 16 2017,-63.34%
June 15 2017,-64.11%
June 14 2017,-62.74%
June 13 2017,-60.95%
June 12 2017,-62.84%
June 9 2017,-63.24%
June 8 2017,-65.59%
June 7 2017,-64.95%
June 6 2017,-61.57%
June 5 2017,-62.05%
June 2 2017,-62.34%
June 1 2017,-60.53%
May 31 2017,-60.91%
May 30 2017,-60.44%
May 26 2017,-58.65%
May 25 2017,-58.74%
May 24 2017,-54.58%
May 23 2017,-54.46%
May 22 2017,-54.92%
May 19 2017,-54.58%
May 18 2017,-56.16%
May 17 2017,-55.26%
May 16 2017,-54.96%
May 15 2017,-54.54%
May 12 2017,-55.34%
May 11 2017,-54.77%
May 10 2017,-53.95%
May 9 2017,-55.07%
May 8 2017,-54.35%
May 5 2017,-55.49%
May 4 2017,-55.96%
May 3 2017,-53.40%
May 2 2017,-54.17%
May 1 2017,-53.51%
April 28 2017,-53.33%
April 27 2017,-53.29%
April 26 2017,-51.80%
April 25 2017,-50.80%
April 24 2017,-52.34%
April 21 2017,-52.31%
April 20 2017,-52.55%
April 19 2017,-52.66%
April 18 2017,-50.38%
April 17 2017,-49.50%
April 13 2017,-49.84%
April 12 2017,-48.32%
April 11 2017,-47.77%
April 10 2017,-47.89%
April 7 2017,-48.77%
April 6 2017,-48.62%
April 5 2017,-49.62%
April 4 2017,-49.13%
April 3 2017,-50.13%
March 31 2017,-50.19%
March 30 2017,-16.72%
March 29 2017,-16.72%
March 28 2017,-17.40%
March 27 2017,-17.97%
March 24 2017,-18.14%
March 23 2017,-18.05%
March 22 2017,-17.64%
March 21 2017,-17.61%
March 20 2017,-17.12%
March 17 2017,-17.14%
March 16 2017,-17.04%
March 15 2017,-17.03%
March 14 2017,-17.30%
March 13 2017,-16.73%
March 10 2017,-16.40%
March 9 2017,-16.49%
March 8 2017,-17.82%
March 7 2017,-16.28%
March 6 2017,-16.09%
March 3 2017,-16.38%
March 2 2017,-16.42%
March 1 2017,-16.11%
Feb. 28 2017,-16.56%
Feb. 27 2017,-16.72%
Feb. 24 2017,-16.85%
Feb. 23 2017,-16.58%
Feb. 22 2017,-16.81%
Feb. 21 2017,-16.18%
Feb. 17 2017,-16.33%
Feb. 16 2017,-16.39%
Feb. 15 2017,-16.26%
Feb. 14 2017,-16.15%
Feb. 13 2017,-16.50%
Feb. 10 2017,-16.37%
Feb. 9 2017,-16.51%
Feb. 8 2017,-16.69%
Feb. 7 2017,-16.53%
Feb. 6 2017,-16.04%
Feb. 3 2017,-15.38%
Feb. 2 2017,-15.89%
Feb. 1 2017,-15.97%
Jan. 31 2017,-15.82%
Jan. 30 2017,-16.03%
Jan. 27 2017,-15.22%
Jan. 26 2017,-14.93%
Jan. 25 2017,-14.93%
Jan. 24 2017,-14.97%
Jan. 23 2017,-15.21%
Jan. 20 2017,-15.05%
Jan. 19 2017,-15.34%
Jan. 18 2017,-15.29%
Jan. 17 2017,-15.20%
Jan. 13 2017,-15.19%
Jan. 12 2017,-15.20%
Jan. 11 2017,-14.98%
Jan. 10 2017,-15.16%
Jan. 9 2017,-15.23%
Jan. 6 2017,-14.82%
Jan. 5 2017,-14.58%
Jan. 4 2017,-14.68%
Jan. 3 2017,-14.92%
Dec. 30 2016,-12.48%
Dec. 29 2016,-12.29%
Dec. 28 2016,-12.10%
Dec. 27 2016,-11.91%
Dec. 23 2016,-11.96%
Dec. 22 2016,-11.97%
Dec. 21 2016,-11.95%
Dec. 20 2016,-11.80%
Dec. 19 2016,-11.67%
Dec. 16 2016,-11.62%
Dec. 15 2016,-11.84%
Dec. 14 2016,-11.87%
Dec. 13 2016,-11.49%
Dec. 12 2016,-11.68%
Dec. 9 2016,-11.84%
Dec. 8 2016,-11.75%
Dec. 7 2016,-11.73%
Dec. 6 2016,-11.77%
Dec. 5 2016,-11.75%
Dec. 2 2016,-11.87%
Dec. 1 2016,-12.07%
Nov. 30 2016,-11.96%
Nov. 29 2016,-14.45%
Nov. 28 2016,-13.90%
Nov. 25 2016,-13.27%
Nov. 23 2016,-12.87%
Nov. 22 2016,-13.05%
Nov. 21 2016,-13.11%
Nov. 18 2016,-13.83%
Nov. 17 2016,-13.97%
Nov. 16 2016,-13.88%
Nov. 15 2016,-13.76%
Nov. 14 2016,-14.47%
Nov. 11 2016,-14.51%
Nov. 10 2016,-14.27%
Nov. 9 2016,-14.52%
Nov. 8 2016,-15.16%
Nov. 7 2016,-15.26%
Nov. 4 2016,-15.78%
Nov. 3 2016,-15.26%
Nov. 2 2016,-16.90%
Nov. 1 2016,-16.28%
Oct. 31 2016,-16.39%
Oct. 28 2016,-15.74%
Oct. 27 2016,-15.48%
Oct. 26 2016,-15.16%
Oct. 25 2016,-15.23%
Oct. 24 2016,-14.80%
Oct. 21 2016,-14.75%
Oct. 20 2016,-14.69%
Oct. 19 2016,-14.74%
Oct. 18 2016,-15.21%
Oct. 17 2016,-15.23%
Oct. 14 2016,-14.81%
Oct. 13 2016,-14.61%
Oct. 12 2016,-14.46%
Oct. 11 2016,-14.32%
Oct. 10 2016,-13.74%
Oct. 7 2016,-13.88%
Oct. 6 2016,-13.43%
Oct. 5 2016,-13.40%
Oct. 4 2016,-13.82%
Oct. 3 2016,-13.52%
Sept. 30 2016,-13.66%
Sept. 29 2016,-19.12%
Sept. 28 2016,-20.03%
Sept. 27 2016,-21.62%
Sept. 26 2016,-21.10%
Sept. 23 2016,-20.98%
Sept. 22 2016,-20.44%
Sept. 21 2016,-20.75%
Sept. 20 2016,-21.92%
Sept. 19 2016,-21.58%
Sept. 16 2016,-21.35%
Sept. 15 2016,-21.32%
Sept. 14 2016,-21.70%
Sept. 13 2016,-21.20%
Sept. 12 2016,-19.65%
Sept. 9 2016,-19.40%
Sept. 8 2016,-18.16%
Sept. 7 2016,-19.38%
Sept. 6 2016,-19.44%
Sept. 2 2016,-19.63%
Sept. 1 2016,-20.12%
Aug. 31 2016,-20.24%
Aug. 30 2016,-19.55%
Aug. 29 2016,-19.01%
Aug. 26 2016,-19.06%
Aug. 25 2016,-18.99%
Aug. 24 2016,-18.93%
Aug. 23 2016,-18.50%
Aug. 22 2016,-19.44%
Aug. 19 2016,-18.10%
Aug. 18 2016,-18.23%
Aug. 17 2016,-19.36%
Aug. 16 2016,-20.04%
Aug. 15 2016,-20.40%
Aug. 12 2016,-20.65%
Aug. 11 2016,-21.04%
Aug. 10 2016,-21.75%
Aug. 9 2016,-21.08%
Aug. 8 2016,-21.33%
Aug. 5 2016,-21.92%
Aug. 4 2016,-22.67%
Aug. 3 2016,-22.65%
Aug. 2 2016,-23.57%
Aug. 1 2016,-23.53%
July 29 2016,-22.29%
July 28 2016,-22.77%
July 27 2016,-23.15%
July 26 2016,-22.06%
July 25 2016,-22.39%
July 22 2016,-21.54%
July 21 2016,-21.08%
July 20 2016,-20.49%
July 19 2016,-20.61%
July 18 2016,-20.03%
July 15 2016,-19.99%
July 14 2016,-19.91%
July 13 2016,-19.88%
July 12 2016,-19.49%
July 11 2016,-20.69%
July 8 2016,-20.38%
July 7 2016,-20.62%
July 6 2016,-20.49%
July 5 2016,-20.65%
July 1 2016,-19.39%
June 30 2016,-20.25%
June 29 2016,-22.52%
June 28 2016,-23.07%
June 27 2016,-24.96%
June 24 2016,-23.37%
June 23 2016,-22.33%
June 22 2016,-23.12%
June 21 2016,-22.60%
June 20 2016,-23.55%
June 17 2016,-25.91%
June 16 2016,-26.91%
June 15 2016,-26.11%
June 14 2016,-25.77%
June 13 2016,-25.68%
June 10 2016,-25.41%
June 9 2016,-23.91%
June 8 2016,-23.47%
June 7 2016,-23.32%
June 6 2016,-24.43%
June 3 2016,-25.60%
June 2 2016,-25.49%
June 1 2016,-25.77%
May 31 2016,-26.09%
May 27 2016,-26.43%
May 26 2016,-25.89%
May 25 2016,-25.18%
May 24 2016,-26.19%
May 23 2016,-25.85%
May 20 2016,-26.01%
May 19 2016,-26.77%
May 18 2016,-26.94%
May 17 2016,-26.52%
May 16 2016,-26.68%
May 13 2016,-27.72%
May 12 2016,-27.66%
May 11 2016,-27.37%
May 10 2016,-28.56%
May 9 2016,-29.81%
May 6 2016,-28.35%
May 5 2016,-28.25%
May 4 2016,-28.02%
May 3 2016,-26.66%
May 2 2016,-25.17%
April 29 2016,-24.20%
April 28 2016,-23.76%
April 27 2016,-22.98%
April 26 2016,-23.62%
April 25 2016,-24.66%
April 22 2016,-23.78%
April 21 2016,-24.60%
April 20 2016,-24.25%
April 19 2016,-24.44%
April 18 2016,-25.52%
April 15 2016,-26.21%
April 14 2016,-26.01%
April 13 2016,-26.39%
April 12 2016,-25.99%
April 11 2016,-29.22%
April 8 2016,-28.95%
April 7 2016,-30.39%
April 6 2016,-30.94%
April 5 2016,-32.08%
April 4 2016,-32.38%
April 1 2016,-32.29%
March 31 2016,-30.61%
March 30 2016,-30.96%
March 29 2016,-31.35%
March 28 2016,-32.09%
March 24 2016,-31.68%
March 23 2016,-31.99%
March 22 2016,-28.82%
March 21 2016,-28.52%
March 18 2016,-28.03%
March 17 2016,-28.47%
March 16 2016,-28.30%
March 15 2016,-28.82%
March 14 2016,-29.40%
March 11 2016,-29.21%
March 10 2016,-30.78%
March 9 2016,-31.11%
March 8 2016,-32.21%
March 7 2016,-29.56%
March 4 2016,-29.64%
March 3 2016,-32.70%
March 2 2016,-35.82%
March 1 2016,-40.95%
Feb. 29 2016,-39.71%
Feb. 26 2016,-40.60%
Feb. 25 2016,-44.11%
Feb. 24 2016,-45.15%
Feb. 23 2016,-46.37%
Feb. 22 2016,-43.52%
Feb. 19 2016,-48.44%
Feb. 18 2016,-47.04%
Feb. 17 2016,-43.99%
Feb. 16 2016,-44.05%
Feb. 12 2016,-43.52%
Feb. 11 2016,-46.18%
Feb. 10 2016,-45.72%
Feb. 9 2016,-44.72%
Feb. 8 2016,-41.69%
Feb. 5 2016,-38.53%
Feb. 4 2016,-35.47%
Feb. 3 2016,-34.61%
Feb. 2 2016,-37.30%
Feb. 1 2016,-33.47%
Jan. 29 2016,-33.50%
Jan. 28 2016,-35.55%
Jan. 27 2016,-37.26%
Jan. 26 2016,-38.58%
Jan. 25 2016,-40.05%
Jan. 22 2016,-36.14%
Jan. 21 2016,-37.09%
Jan. 20 2016,-41.48%
Jan. 19 2016,-42.45%
Jan. 15 2016,-40.05%
Jan. 14 2016,-35.94%
Jan. 13 2016,-38.17%
Jan. 12 2016,-35.47%
Jan. 11 2016,-33.89%
Jan. 8 2016,-31.50%
Jan. 7 2016,-30.55%
Jan. 6 2016,-28.90%
Jan. 5 2016,-25.55%
Jan. 4 2016,-25.43%
Dec. 31 2015,-25.89%
Dec. 30 2015,-5.90%
Dec. 29 2015,-5.60%
Dec. 28 2015,-5.62%
Dec. 24 2015,-5.24%
Dec. 23 2015,-5.23%
Dec. 22 2015,-5.75%
Dec. 21 2015,-5.83%
Dec. 18 2015,-5.85%
Dec. 17 2015,-5.71%
Dec. 16 2015,-5.30%
Dec. 15 2015,-5.05%
Dec. 14 2015,-5.23%
Dec. 11 2015,-5.09%
Dec. 10 2015,-4.95%
Dec. 9 2015,-5.03%
Dec. 8 2015,-4.89%
Dec. 7 2015,-4.94%
Dec. 4 2015,-4.53%
Dec. 3 2015,-4.41%
Dec. 2 2015,-4.38%
Dec. 1 2015,-4.14%
Nov. 30 2015,-4.17%
Nov. 27 2015,-4.19%
Nov. 25 2015,-4.03%
Nov. 24 2015,-3.95%
Nov. 23 2015,-4.16%
Nov. 20 2015,-4.19%
Nov. 19 2015,-4.14%
Nov. 18 2015,-4.08%
Nov. 17 2015,-4.12%
Nov. 16 2015,-4.09%
Nov. 13 2015,-4.26%
Nov. 12 2015,-4.24%
Nov. 11 2015,-4.22%
Nov. 10 2015,-3.89%
Nov. 9 2015,-3.98%
Nov. 6 2015,-3.99%
Nov. 5 2015,-3.84%
Nov. 4 2015,-3.76%
Nov. 3 2015,-3.71%
Nov. 2 2015,-3.84%
Oct. 30 2015,-3.97%
Oct. 29 2015,-4.16%
Oct. 28 2015,-4.13%
Oct. 27 2015,-4.27%
Oct. 26 2015,-4.15%
Oct. 23 2015,-3.99%
Oct. 22 2015,-3.95%
Oct. 21 2015,-4.05%
Oct. 20 2015,-3.93%
Oct. 19 2015,-3.99%
Oct. 16 2015,-3.79%
Oct. 15 2015,-3.76%
Oct. 14 2015,-3.86%
Oct. 13 2015,-3.93%
Oct. 12 2015,-3.85%
Oct. 9 2015,-3.73%
Oct. 8 2015,-3.62%
Oct. 7 2015,-3.81%
Oct. 6 2015,-3.81%
Oct. 5 2015,-4.04%
Oct. 2 2015,-4.38%
Oct. 1 2015,-4.77%
Sept. 30 2015,-4.74%
Sept. 29 2015,6.81%
Sept. 28 2015,6.91%
Sept. 25 2015,6.48%
Sept. 24 2015,6.60%
Sept. 23 2015,6.67%
Sept. 22 2015,6.51%
Sept. 21 2015,6.33%
Sept. 18 2015,6.44%
Sept. 17 2015,6.21%
Sept. 16 2015,6.29%
Sept. 15 2015,6.60%
Sept. 14 2015,6.62%
Sept. 11 2015,6.76%
Sept. 10 2015,6.81%
Sept. 9 2015,6.84%
Sept. 8 2015,6.25%
Sept. 4 2015,6.23%
Sept. 3 2015,6.05%
Sept. 2 2015,6.05%
Sept. 1 2015,6.05%
Aug. 31 2015,5.90%
Aug. 28 2015,6.13%
Aug. 27 2015,6.39%
Aug. 26 2015,6.96%
Aug. 25 2015,7.26%
Aug. 24 2015,7.09%
Aug. 21 2015,6.48%
Aug. 20 2015,6.32%
Aug. 19 2015,6.28%
Aug. 18 2015,5.84%
Aug. 17 2015,5.88%
Aug. 14 2015,5.86%
Aug. 13 2015,5.66%
Aug. 12 2015,5.35%
Aug. 11 2015,5.40%
Aug. 10 2015,5.37%
Aug. 7 2015,5.54%
Aug. 6 2015,5.24%
Aug. 5 2015,5.15%
Aug. 4 2015,4.97%
Aug. 3 2015,4.96%
July 31 2015,4.85%
July 30 2015,4.67%
July 29 2015,4.69%
July 28 2015,4.81%
July 27 2015,4.93%
July 24 2015,4.76%
July 23 2015,4.62%
July 22 2015,4.57%
July 21 2015,4.40%
July 20 2015,4.39%
July 17 2015,4.33%
July 16 2015,4.20%
July 15 2015,4.18%
July 14 2015,4.07%
July 13 2015,4.12%
July 10 2015,4.17%
July 9 2015,4.12%
July 8 2015,4.12%
July 7 2015,3.97%
July 6 2015,4.06%
July 2 2015,3.96%
July 1 2015,3.96%
June 30 2015,3.84%
June 29 2015,8.95%
June 26 2015,8.61%
June 25 2015,8.91%
June 24 2015,8.98%
June 23 2015,8.98%
June 22 2015,9.15%
June 19 2015,9.22%
June 18 2015,9.01%
June 17 2015,9.01%
June 16 2015,8.94%
June 15 2015,9.04%
June 12 2015,9.02%
June 11 2015,8.87%
June 10 2015,8.83%
June 9 2015,8.94%
June 8 2015,8.99%
June 5 2015,8.87%
June 4 2015,8.97%
June 3 2015,8.83%
June 2 2015,8.83%
June 1 2015,8.82%
May 29 2015,8.79%
May 28 2015,8.78%
May 27 2015,8.67%
May 26 2015,8.63%
May 22 2015,8.51%
May 21 2015,8.48%
May 20 2015,8.70%
May 19 2015,8.74%
May 18 2015,8.62%
May 15 2015,8.63%
May 14 2015,8.65%
May 13 2015,8.49%
May 12 2015,8.42%
May 11 2015,8.42%
May 8 2015,8.15%
May 7 2015,8.26%
May 6 2015,8.02%
May 5 2015,7.97%
May 4 2015,7.69%
May 1 2015,7.77%
April 30 2015,7.68%
April 29 2015,7.66%
April 28 2015,7.78%
April 27 2015,7.86%
April 24 2015,7.88%
April 23 2015,7.82%
April 22 2015,7.87%
April 21 2015,7.93%
April 20 2015,7.72%
April 17 2015,7.83%
April 16 2015,7.78%
April 15 2015,7.78%
April 14 2015,8.13%
April 13 2015,8.27%
April 10 2015,8.19%
April 9 2015,8.31%
April 8 2015,8.55%
April 7 2015,8.49%
April 6 2015,8.57%
April 2 2015,8.83%
April 1 2015,8.97%
March 31 2015,9.15%
March 30 2015,16.84%
March 27 2015,17.18%
March 26 2015,16.87%
March 25 2015,16.85%
March 24 2015,17.18%
March 23 2015,17.17%
March 20 2015,17.00%
March 19 2015,17.32%
March 18 2015,16.89%
March 17 2015,17.41%
March 16 2015,17.11%
March 13 2015,17.26%
March 12 2015,17.38%
March 11 2015,17.25%
March 10 2015,17.23%
March 9 2015,16.92%
March 6 2015,16.62%
March 5 2015,16.28%
March 4 2015,16.12%
March 3 2015,16.04%
March 2 2015,16.08%
Feb. 27 2015,15.97%
Feb. 26 2015,15.89%
Feb. 25 2015,15.31%
Feb. 24 2015,15.44%
Feb. 23 2015,15.59%
Feb. 20 2015,15.63%
Feb. 19 2015,15.34%
Feb. 18 2015,15.33%
Feb. 17 2015,15.02%
Feb. 13 2015,15.09%
Feb. 12 2015,15.46%
Feb. 11 2015,15.85%
Feb. 10 2015,15.68%
Feb. 9 2015,15.72%
Feb. 6 2015,15.92%
Feb. 5 2015,15.68%
Feb. 4 2015,15.90%
Feb. 3 2015,15.46%
Feb. 2 2015,15.95%
Jan. 30 2015,16.73%
Jan. 29 2015,17.40%
Jan. 28 2015,17.42%
Jan. 27 2015,16.50%
Jan. 26 2015,16.32%
Jan. 23 2015,16.78%
Jan. 22 2015,16.59%
Jan. 21 2015,16.74%
Jan. 20 2015,17.16%
Jan. 16 2015,16.73%
Jan. 15 2015,17.47%
Jan. 14 2015,17.14%
Jan. 13 2015,17.19%
Jan. 12 2015,16.96%
Jan. 9 2015,16.09%
Jan. 8 2015,16.04%
Jan. 7 2015,16.37%
Jan. 6 2015,16.57%
Jan. 5 2015,16.32%
Jan. 2 2015,15.56%
Dec. 31 2014,15.73%
Dec. 30 2014,12.74%
Dec. 29 2014,12.67%
Dec. 26 2014,12.81%
Dec. 24 2014,12.76%
Dec. 23 2014,12.61%
Dec. 22 2014,12.81%
Dec. 19 2014,12.82%
Dec. 18 2014,13.14%
Dec. 17 2014,13.57%
Dec. 16 2014,14.30%
Dec. 15 2014,14.60%
Dec. 12 2014,14.22%
Dec. 11 2014,13.79%
Dec. 10 2014,13.70%
Dec. 9 2014,13.03%
Dec. 8 2014,13.28%
Dec. 5 2014,12.38%
Dec. 4 2014,12.13%
Dec. 3 2014,11.86%
Dec. 2 2014,12.18%
Dec. 1 2014,12.49%
Nov. 28 2014,12.52%
Nov. 26 2014,11.14%
Nov. 25 2014,10.93%
Nov. 24 2014,10.78%
Nov. 21 2014,10.70%
Nov. 20 2014,10.88%
Nov. 19 2014,11.05%
Nov. 18 2014,11.29%
Nov. 17 2014,11.38%
Nov. 14 2014,11.19%
Nov. 13 2014,11.33%
Nov. 12 2014,11.09%
Nov. 11 2014,10.93%
Nov. 10 2014,10.89%
Nov. 7 2014,10.53%
Nov. 6 2014,10.54%
Nov. 5 2014,10.78%
Nov. 4 2014,10.85%
Nov. 3 2014,10.47%
Oct. 31 2014,10.23%
Oct. 30 2014,10.61%
Oct. 29 2014,10.53%
Oct. 28 2014,10.56%
Oct. 27 2014,10.97%
Oct. 24 2014,10.49%
Oct. 23 2014,10.42%
Oct. 22 2014,10.64%
Oct. 21 2014,10.38%
Oct. 20 2014,10.57%
Oct. 17 2014,10.67%
Oct. 16 2014,10.81%
Oct. 15 2014,11.06%
Oct. 14 2014,11.12%
Oct. 13 2014,11.00%
Oct. 10 2014,10.58%
Oct. 9 2014,10.43%
Oct. 8 2014,10.01%
Oct. 7 2014,10.10%
Oct. 6 2014,9.88%
Oct. 3 2014,9.88%
Oct. 2 2014,9.81%
Oct. 1 2014,9.75%
Sept. 30 2014,9.63%
Sept. 29 2014,9.79%
Sept. 26 2014,9.81%
Sept. 25 2014,9.91%
Sept. 24 2014,9.77%
Sept. 23 2014,9.84%
Sept. 22 2014,9.76%
Sept. 19 2014,9.64%
Sept. 18 2014,9.61%
Sept. 17 2014,9.37%
Sept. 16 2014,9.42%
Sept. 15 2014,9.49%
Sept. 12 2014,9.55%
Sept. 11 2014,9.45%
Sept. 10 2014,9.45%
Sept. 9 2014,9.44%
Sept. 8 2014,9.40%
Sept. 5 2014,9.24%
Sept. 4 2014,9.33%
Sept. 3 2014,9.16%
Sept. 2 2014,9.22%
Aug. 29 2014,9.07%
Aug. 28 2014,9.24%
Aug. 27 2014,9.24%
Aug. 26 2014,9.29%
Aug. 25 2014,9.36%
Aug. 22 2014,9.45%
Aug. 21 2014,9.38%
Aug. 20 2014,9.47%
Aug. 19 2014,9.51%
Aug. 18 2014,9.71%
Aug. 15 2014,9.69%
Aug. 14 2014,9.69%
Aug. 13 2014,9.66%
Aug. 12 2014,9.68%
Aug. 11 2014,9.66%
Aug. 8 2014,9.67%
Aug. 7 2014,9.92%
Aug. 6 2014,9.71%
Aug. 5 2014,9.83%
Aug. 4 2014,9.64%
Aug. 1 2014,9.79%
July 31 2014,9.75%
July 30 2014,9.53%
July 29 2014,9.46%
July 28 2014,9.40%
July 25 2014,9.33%
July 24 2014,9.29%
July 23 2014,9.34%
July 22 2014,9.40%
July 21 2014,9.50%
July 18 2014,9.50%
July 17 2014,9.56%
July 16 2014,9.39%
July 15 2014,9.62%
July 14 2014,9.52%
July 11 2014,9.66%
July 10 2014,9.60%
July 9 2014,9.55%
July 8 2014,9.58%
July 7 2014,9.55%
July 3 2014,9.38%
July 2 2014,9.54%
July 1 2014,9.51%
June 30 2014,9.47%
June 27 2014,9.08%
June 26 2014,9.03%
June 25 2014,9.02%
June 24 2014,9.17%
June 23 2014,8.91%
June 20 2014,9.01%
June 19 2014,9.11%
June 18 2014,9.19%
June 17 2014,9.21%
June 16 2014,9.18%
June 13 2014,9.16%
June 12 2014,9.14%
June 11 2014,9.30%
June 10 2014,9.38%
June 9 2014,9.46%
June 6 2014,9.60%
June 5 2014,9.66%
June 4 2014,9.77%
June 3 2014,9.73%
June 2 2014,9.82%
May 30 2014,9.77%
May 29 2014,9.77%
May 28 2014,9.79%
May 27 2014,9.86%
May 23 2014,9.87%
May 22 2014,9.90%
May 21 2014,9.96%
May 20 2014,10.11%
May 19 2014,10.05%
May 16 2014,9.99%
May 15 2014,9.88%
May 14 2014,9.79%
May 13 2014,9.81%
May 12 2014,9.86%
May 9 2014,9.97%
May 8 2014,10.03%
May 7 2014,10.08%
May 6 2014,9.89%
May 5 2014,9.82%
May 2 2014,9.80%
May 1 2014,9.86%
April 30 2014,9.90%
April 29 2014,9.70%
April 28 2014,9.89%
April 25 2014,9.92%
April 24 2014,9.84%
April 23 2014,9.82%
April 22 2014,9.84%
April 21 2014,9.79%
April 17 2014,9.75%
April 16 2014,9.82%
April 15 2014,9.97%
April 14 2014,10.07%
April 11 2014,10.21%
April 10 2014,10.11%
April 9 2014,10.09%
April 8 2014,10.15%
April 7 2014,10.26%
April 4 2014,10.06%
April 3 2014,10.03%
April 2 2014,10.12%
April 1 2014,10.11%
March 31 2014,10.08%
March 28 2014,7.01%
March 27 2014,7.16%
March 26 2014,7.16%
March 25 2014,7.14%
March 24 2014,7.22%
March 21 2014,7.18%
March 20 2014,7.30%
March 19 2014,7.42%
March 18 2014,7.34%
March 17 2014,7.44%
March 14 2014,7.47%
March 13 2014,7.51%
March 12 2014,7.38%
March 11 2014,7.28%
March 10 2014,7.20%
March 7 2014,7.21%
March 6 2014,7.30%
March 5 2014,7.35%
March 4 2014,7.29%
March 3 2014,7.36%
Feb. 28 2014,7.37%
Feb. 27 2014,7.41%
Feb. 26 2014,7.31%
Feb. 25 2014,7.26%
Feb. 24 2014,7.29%
Feb. 21 2014,7.43%
Feb. 20 2014,7.38%
Feb. 19 2014,7.41%
Feb. 18 2014,7.36%
Feb. 14 2014,7.44%
Feb. 13 2014,7.42%
Feb. 12 2014,7.42%
Feb. 11 2014,7.55%
Feb. 10 2014,7.65%
Feb. 7 2014,7.58%
Feb. 6 2014,7.76%
Feb. 5 2014,7.69%
Feb. 4 2014,7.64%
Feb. 3 2014,7.70%
Jan. 31 2014,7.53%
Jan. 30 2014,7.48%
Jan. 29 2014,7.48%
Jan. 28 2014,7.40%
Jan. 27 2014,7.50%
Jan. 24 2014,7.48%
Jan. 23 2014,7.33%
Jan. 22 2014,7.18%
Jan. 21 2014,7.21%
Jan. 17 2014,7.27%
Jan. 16 2014,7.23%
Jan. 15 2014,7.26%
Jan. 14 2014,7.15%
Jan. 13 2014,7.24%
Jan. 10 2014,7.13%
Jan. 9 2014,7.16%
Jan. 8 2014,7.18%
Jan. 7 2014,7.08%
Jan. 6 2014,7.17%
Jan. 3 2014,7.16%
Jan. 2 2014,7.08%
Dec. 31 2013,7.00%
Dec. 30 2013,6.79%
Dec. 27 2013,6.71%
Dec. 26 2013,6.77%
Dec. 24 2013,6.78%
Dec. 23 2013,6.79%
Dec. 20 2013,6.80%
Dec. 19 2013,6.85%
Dec. 18 2013,6.88%
Dec. 17 2013,6.86%
Dec. 16 2013,6.72%
Dec. 13 2013,6.68%
Dec. 12 2013,6.61%
Dec. 11 2013,6.70%
Dec. 10 2013,6.62%
Dec. 9 2013,6.56%
Dec. 6 2013,6.54%
Dec. 5 2013,6.58%
Dec. 4 2013,6.51%
Dec. 3 2013,6.60%
Dec. 2 2013,6.56%
Nov. 29 2013,6.63%
Nov. 27 2013,6.60%
Nov. 26 2013,6.50%
Nov. 25 2013,6.47%
Nov. 22 2013,6.35%
Nov. 21 2013,6.30%
Nov. 20 2013,6.41%
Nov. 19 2013,6.47%
Nov. 18 2013,6.55%
Nov. 15 2013,6.51%
Nov. 14 2013,6.56%
Nov. 13 2013,6.61%
Nov. 12 2013,6.67%
Nov. 11 2013,6.59%
Nov. 8 2013,6.57%
Nov. 7 2013,6.69%
Nov. 6 2013,6.56%
Nov. 5 2013,6.70%
Nov. 4 2013,6.73%
Nov. 1 2013,6.78%
Oct. 31 2013,6.78%
Oct. 30 2013,6.68%
Oct. 29 2013,6.64%
Oct. 28 2013,6.63%
Oct. 25 2013,6.72%
Oct. 24 2013,6.71%
Oct. 23 2013,6.86%
Oct. 22 2013,6.76%
Oct. 21 2013,6.83%
Oct. 18 2013,6.77%
Oct. 17 2013,6.85%
Oct. 16 2013,6.85%
Oct. 15 2013,6.89%
Oct. 14 2013,6.86%
Oct. 11 2013,6.86%
Oct. 10 2013,6.82%
Oct. 9 2013,6.99%
Oct. 8 2013,7.00%
Oct. 7 2013,6.88%
Oct. 4 2013,6.87%
Oct. 3 2013,7.02%
Oct. 2 2013,6.91%
Oct. 1 2013,6.82%
Sept. 30 2013,6.85%
Sept. 27 2013,6.36%
Sept. 26 2013,6.29%
Sept. 25 2013,6.26%
Sept. 24 2013,6.24%
Sept. 23 2013,6.24%
Sept. 20 2013,6.18%
Sept. 19 2013,6.10%
Sept. 18 2013,6.10%
Sept. 17 2013,6.18%
Sept. 16 2013,6.26%
Sept. 13 2013,6.24%
Sept. 12 2013,6.17%
Sept. 11 2013,6.08%
Sept. 10 2013,6.21%
Sept. 9 2013,6.13%
Sept. 6 2013,6.22%
Sept. 5 2013,6.19%
Sept. 4 2013,6.25%
Sept. 3 2013,6.31%
Aug. 30 2013,6.45%
Aug. 29 2013,6.43%
Aug. 28 2013,6.42%
Aug. 27 2013,6.65%
Aug. 26 2013,6.66%
Aug. 23 2013,6.65%
Aug. 22 2013,6.63%
Aug. 21 2013,6.77%
Aug. 20 2013,6.68%
Aug. 19 2013,6.81%
Aug. 16 2013,6.48%
Aug. 15 2013,6.41%
Aug. 14 2013,6.42%
Aug. 13 2013,6.46%
Aug. 12 2013,6.41%
Aug. 9 2013,6.43%
Aug. 8 2013,6.40%
Aug. 7 2013,6.32%
Aug. 6 2013,6.02%
Aug. 5 2013,5.87%
Aug. 2 2013,5.91%
Aug. 1 2013,5.92%
July 31 2013,6.11%
July 30 2013,6.12%
July 29 2013,6.14%
July 26 2013,6.10%
July 25 2013,6.03%
July 24 2013,6.03%
July 23 2013,5.88%
July 22 2013,5.96%
July 19 2013,5.92%
July 18 2013,6.04%
July 17 2013,6.07%
July 16 2013,6.13%
July 15 2013,6.07%
July 12 2013,6.03%
July 11 2013,6.06%
July 10 2013,6.13%
July 9 2013,6.10%
July 8 2013,6.20%
July 5 2013,6.23%
July 3 2013,6.31%
July 2 2013,6.42%
July 1 2013,6.37%
June 28 2013,6.30%
June 27 2013,6.21%
June 26 2013,6.17%
June 25 2013,6.23%
June 24 2013,6.47%
June 21 2013,6.36%
June 20 2013,6.36%
June 19 2013,6.11%
June 18 2013,6.05%
June 17 2013,6.23%
June 14 2013,6.34%
June 13 2013,6.34%
June 12 2013,6.53%
June 11 2013,6.41%
June 10 2013,6.28%
June 7 2013,6.28%
June 6 2013,6.30%
June 5 2013,6.40%
June 4 2013,6.24%
June 3 2013,6.15%
May 31 2013,6.34%
May 30 2013,6.20%
May 29 2013,6.15%
May 28 2013,6.14%
May 24 2013,6.20%
May 23 2013,6.19%
May 22 2013,6.16%
May 21 2013,6.04%
May 20 2013,5.99%
May 17 2013,6.03%
May 16 2013,6.20%
May 15 2013,6.23%
May 14 2013,6.16%
May 13 2013,6.33%
May 10 2013,6.35%
May 9 2013,6.27%
May 8 2013,6.28%
May 7 2013,6.35%
May 6 2013,6.49%
May 3 2013,6.50%
May 2 2013,6.72%
May 1 2013,6.84%
April 30 2013,6.67%
April 29 2013,6.69%
April 26 2013,6.87%
April 25 2013,6.84%
April 24 2013,6.95%
April 23 2013,7.10%
April 22 2013,7.17%
April 19 2013,7.30%
April 18 2013,7.24%
April 17 2013,7.27%
April 16 2013,7.02%
April 15 2013,7.12%
April 12 2013,6.70%
April 11 2013,6.45%
April 10 2013,6.43%
April 9 2013,6.51%
April 8 2013,6.64%
April 5 2013,6.71%
April 4 2013,6.67%
April 3 2013,6.57%
April 2 2013,6.49%
April 1 2013,6.49%
March 28 2013,6.61%
March 27 2013,6.56%
March 26 2013,6.55%
March 25 2013,6.61%
March 22 2013,6.53%
March 21 2013,6.53%
March 20 2013,6.45%
March 19 2013,6.57%
March 18 2013,6.38%
March 15 2013,6.36%
March 14 2013,6.42%
March 13 2013,6.49%
March 12 2013,6.55%
March 11 2013,6.61%
March 8 2013,6.65%
March 7 2013,6.69%
March 6 2013,6.81%
March 5 2013,6.85%
March 4 2013,6.89%
March 1 2013,6.78%
Feb. 28 2013,6.66%
Feb. 27 2013,6.67%
Feb. 26 2013,6.79%
Feb. 25 2013,6.77%
Feb. 22 2013,6.42%
Feb. 21 2013,6.49%
Feb. 20 2013,6.45%
Feb. 19 2013,6.24%
Feb. 15 2013,6.43%
Feb. 14 2013,6.31%
Feb. 13 2013,6.38%
Feb. 12 2013,6.44%
Feb. 11 2013,6.50%
Feb. 8 2013,6.46%
Feb. 7 2013,6.56%
Feb. 6 2013,6.48%
Feb. 5 2013,6.42%
Feb. 4 2013,6.53%
Feb. 1 2013,6.52%
Jan. 31 2013,6.63%
Jan. 30 2013,6.65%
Jan. 29 2013,6.57%
Jan. 28 2013,6.65%
Jan. 25 2013,6.60%
Jan. 24 2013,6.60%
Jan. 23 2013,6.63%
Jan. 22 2013,6.65%
Jan. 18 2013,6.74%
Jan. 17 2013,6.72%
Jan. 16 2013,6.90%
Jan. 15 2013,6.98%
Jan. 14 2013,6.96%
Jan. 11 2013,6.94%
Jan. 10 2013,6.91%
Jan. 9 2013,7.05%
Jan. 8 2013,6.98%
Jan. 7 2013,7.00%
Jan. 4 2013,6.97%
Jan. 3 2013,7.06%
Jan. 2 2013,7.05%
Dec. 31 2012,7.27%
Dec. 28 2012,13.85%
Dec. 27 2012,13.62%
Dec. 26 2012,13.55%
Dec. 24 2012,13.46%
Dec. 21 2012,13.30%
Dec. 20 2012,13.13%
Dec. 19 2012,13.22%
Dec. 18 2012,13.20%
Dec. 17 2012,13.45%
Dec. 14 2012,13.40%
Dec. 13 2012,13.68%
Dec. 12 2012,13.54%
Dec. 11 2012,13.67%
Dec. 10 2012,13.60%
Dec. 7 2012,13.36%
Dec. 6 2012,13.44%
Dec. 5 2012,13.55%
Dec. 4 2012,13.75%
Dec. 3 2012,13.41%
Nov. 30 2012,13.39%
Nov. 29 2012,13.46%
Nov. 28 2012,13.29%
Nov. 27 2012,13.31%
Nov. 26 2012,13.32%
Nov. 23 2012,12.93%
Nov. 21 2012,13.11%
Nov. 20 2012,13.11%
Nov. 19 2012,13.27%
Nov. 16 2012,13.38%
Nov. 15 2012,13.53%
Nov. 14 2012,13.74%
Nov. 13 2012,13.69%
Nov. 12 2012,13.66%
Nov. 9 2012,13.57%
Nov. 8 2012,13.83%
Nov. 7 2012,13.78%
Nov. 6 2012,13.23%
Nov. 5 2012,13.54%
Nov. 2 2012,13.79%
Nov. 1 2012,13.60%
Oct. 31 2012,13.74%
Oct. 26 2012,13.81%
Oct. 25 2012,13.68%
Oct. 24 2012,13.83%
Oct. 23 2012,13.97%
Oct. 22 2012,13.73%
Oct. 19 2012,13.50%
Oct. 18 2012,13.22%
Oct. 17 2012,13.18%
Oct. 16 2012,13.48%
Oct. 15 2012,13.83%
Oct. 12 2012,14.06%
Oct. 11 2012,14.10%
Oct. 10 2012,13.97%
Oct. 9 2012,13.95%
Oct. 8 2012,13.95%
Oct. 5 2012,13.98%
Oct. 4 2012,13.84%
Oct. 3 2012,14.04%
Oct. 2 2012,13.82%
Oct. 1 2012,13.84%
Sept. 28 2012,13.97%
Sept. 27 2012,13.76%
Sept. 26 2012,13.97%
Sept. 25 2012,13.75%
Sept. 24 2012,13.61%
Sept. 21 2012,13.42%
Sept. 20 2012,13.59%
Sept. 19 2012,13.59%
Sept. 18 2012,13.63%
Sept. 17 2012,13.41%
Sept. 14 2012,13.28%
Sept. 13 2012,13.84%
Sept. 12 2012,14.21%
Sept. 11 2012,14.13%
Sept. 10 2012,14.51%
Sept. 7 2012,14.44%
Sept. 6 2012,14.60%
Sept. 5 2012,15.20%
Sept. 4 2012,15.05%
Aug. 31 2012,14.85%
Aug. 30 2012,15.15%
Aug. 29 2012,14.93%
Aug. 28 2012,14.77%
Aug. 27 2012,14.95%
Aug. 24 2012,14.83%
Aug. 23 2012,14.91%
Aug. 22 2012,14.92%
Aug. 21 2012,15.28%
Aug. 20 2012,15.21%
Aug. 17 2012,15.24%
Aug. 16 2012,15.10%
Aug. 15 2012,15.03%
Aug. 14 2012,15.08%
Aug. 13 2012,14.99%
Aug. 10 2012,14.80%
Aug. 9 2012,14.97%
Aug. 8 2012,14.97%
Aug. 7 2012,15.07%
Aug. 6 2012,15.46%
Aug. 3 2012,15.46%
Aug. 2 2012,16.05%
Aug. 1 2012,15.57%
July 31 2012,15.60%
July 30 2012,15.35%
July 27 2012,15.28%
July 26 2012,15.70%
July 25 2012,16.30%
July 24 2012,16.25%
July 23 2012,15.92%
July 20 2012,15.56%
July 19 2012,15.44%
July 18 2012,15.54%
July 17 2012,15.88%
July 16 2012,16.15%
July 13 2012,16.61%
July 12 2012,17.02%
July 11 2012,16.76%
July 10 2012,17.14%
July 9 2012,16.82%
July 6 2012,16.55%
July 5 2012,16.22%
July 3 2012,15.88%
July 2 2012,16.32%
June 29 2012,19.40%
June 28 2012,20.11%
June 27 2012,20.33%
June 26 2012,20.67%
June 25 2012,20.94%
June 22 2012,20.89%
June 21 2012,21.27%
June 20 2012,20.09%
June 19 2012,19.99%
June 18 2012,20.49%
June 15 2012,19.94%
June 14 2012,20.15%
June 13 2012,20.27%
June 12 2012,20.03%
June 11 2012,20.31%
June 8 2012,19.82%
June 7 2012,19.84%
June 6 2012,19.87%
June 5 2012,20.68%
June 4 2012,20.81%
June 1 2012,20.76%
May 31 2012,19.91%
May 30 2012,19.95%
May 29 2012,19.44%
May 25 2012,19.61%
May 24 2012,19.94%
May 23 2012,20.39%
May 22 2012,20.39%
May 21 2012,20.23%
May 18 2012,20.56%
May 17 2012,20.53%
May 16 2012,20.24%
May 15 2012,19.99%
May 14 2012,19.49%
May 11 2012,18.95%
May 10 2012,18.38%
May 9 2012,18.76%
May 8 2012,18.95%
May 7 2012,18.84%
May 4 2012,18.51%
May 3 2012,17.94%
May 2 2012,17.17%
May 1 2012,16.43%
April 30 2012,16.91%
April 27 2012,16.69%
April 26 2012,16.59%
April 25 2012,16.93%
April 24 2012,16.88%
April 23 2012,16.88%
April 20 2012,16.83%
April 19 2012,16.86%
April 18 2012,16.81%
April 17 2012,16.79%
April 16 2012,16.82%
April 13 2012,16.70%
April 12 2012,16.35%
April 11 2012,16.97%
April 10 2012,16.96%
April 9 2012,16.46%
April 5 2012,16.24%
April 4 2012,16.03%
April 3 2012,15.67%
April 2 2012,15.39%
March 30 2012,18.17%
March 29 2012,18.14%
March 28 2012,18.19%
March 27 2012,17.98%
March 26 2012,17.72%
March 23 2012,17.74%
March 22 2012,17.88%
March 21 2012,17.33%
March 20 2012,17.03%
March 19 2012,16.70%
March 16 2012,16.64%
March 15 2012,17.12%
March 14 2012,17.11%
March 13 2012,16.95%
March 12 2012,17.11%
March 9 2012,17.28%
March 8 2012,17.18%
March 7 2012,17.47%
March 6 2012,17.77%
March 5 2012,17.21%
March 2 2012,17.18%
March 1 2012,16.81%
Feb. 29 2012,17.00%
Feb. 28 2012,16.43%
Feb. 27 2012,16.44%
Feb. 24 2012,16.45%
Feb. 23 2012,16.53%
Feb. 22 2012,16.75%
Feb. 21 2012,16.67%
Feb. 17 2012,17.06%
Feb. 16 2012,17.15%
Feb. 15 2012,17.64%
Feb. 14 2012,17.47%
Feb. 13 2012,17.33%
Feb. 10 2012,17.38%
Feb. 9 2012,17.67%
Feb. 8 2012,17.62%
Feb. 7 2012,17.37%
Feb. 6 2012,17.51%
Feb. 3 2012,17.83%
Feb. 2 2012,18.33%
Feb. 1 2012,18.24%
Jan. 31 2012,18.35%
Jan. 30 2012,18.60%
Jan. 27 2012,18.44%
Jan. 26 2012,18.26%
Jan. 25 2012,17.68%
Jan. 24 2012,17.89%
Jan. 23 2012,17.87%
Jan. 20 2012,17.98%
Jan. 19 2012,18.02%
Jan. 18 2012,18.06%
Jan. 17 2012,18.62%
Jan. 13 2012,18.90%
Jan. 12 2012,18.79%
Jan. 11 2012,18.84%
Jan. 10 2012,18.53%
Jan. 9 2012,18.80%
Jan. 6 2012,18.77%
Jan. 5 2012,18.43%
Jan. 4 2012,18.56%
Jan. 3 2012,18.60%
Dec. 30 2011,15.03%
Dec. 29 2011,15.02%
Dec. 28 2011,15.26%
Dec. 27 2011,15.00%
Dec. 23 2011,15.06%
Dec. 22 2011,15.24%
Dec. 21 2011,15.64%
Dec. 20 2011,16.00%
Dec. 19 2011,16.64%
Dec. 16 2011,16.07%
Dec. 15 2011,16.25%
Dec. 14 2011,16.30%
Dec. 13 2011,15.92%
Dec. 12 2011,16.11%
Dec. 9 2011,15.53%
Dec. 8 2011,16.08%
Dec. 7 2011,15.49%
Dec. 6 2011,15.45%
Dec. 5 2011,15.42%
Dec. 2 2011,15.84%
Dec. 1 2011,15.87%
Nov. 30 2011,15.74%
Nov. 29 2011,16.59%
Nov. 28 2011,16.94%
Nov. 25 2011,17.84%
Nov. 23 2011,17.71%
Nov. 22 2011,16.92%
Nov. 21 2011,16.73%
Nov. 18 2011,16.84%
Nov. 17 2011,16.63%
Nov. 16 2011,15.92%
Nov. 15 2011,15.85%
Nov. 14 2011,15.90%
Nov. 11 2011,15.53%
Nov. 10 2011,16.10%
Nov. 9 2011,16.38%
Nov. 8 2011,15.57%
Nov. 7 2011,15.99%
Nov. 4 2011,16.28%
Nov. 3 2011,16.45%
Nov. 2 2011,16.92%
Nov. 1 2011,17.34%
Oct. 31 2011,16.90%
Oct. 28 2011,15.73%
Oct. 27 2011,15.85%
Oct. 26 2011,16.70%
Oct. 25 2011,17.09%
Oct. 24 2011,16.76%
Oct. 21 2011,17.05%
Oct. 20 2011,17.71%
Oct. 19 2011,17.85%
Oct. 18 2011,17.71%
Oct. 17 2011,18.46%
Oct. 14 2011,17.92%
Oct. 13 2011,18.60%
Oct. 12 2011,18.73%
Oct. 11 2011,18.68%
Oct. 10 2011,18.41%
Oct. 7 2011,19.53%
Oct. 6 2011,18.97%
Oct. 5 2011,19.43%
Oct. 4 2011,20.86%
Oct. 3 2011,21.71%
Sept. 30 2011,20.39%
Sept. 29 2011,21.28%
Sept. 28 2011,21.44%
Sept. 27 2011,20.51%
Sept. 26 2011,20.45%
Sept. 23 2011,21.53%
Sept. 22 2011,21.54%
Sept. 21 2011,20.02%
Sept. 20 2011,19.18%
Sept. 19 2011,18.87%
Sept. 16 2011,18.75%
Sept. 15 2011,18.49%
Sept. 14 2011,19.29%
Sept. 13 2011,19.32%
Sept. 12 2011,19.48%
Sept. 9 2011,19.14%
Sept. 8 2011,18.41%
Sept. 7 2011,17.92%
Sept. 6 2011,18.96%
Sept. 2 2011,18.43%
Sept. 1 2011,17.74%
Aug. 31 2011,17.64%
Aug. 30 2011,17.92%
Aug. 29 2011,17.99%
Aug. 26 2011,18.35%
Aug. 25 2011,18.86%
Aug. 24 2011,18.48%
Aug. 23 2011,18.28%
Aug. 22 2011,18.77%
Aug. 19 2011,18.87%
Aug. 18 2011,18.56%
Aug. 17 2011,17.32%
Aug. 16 2011,17.52%
Aug. 15 2011,17.25%
Aug. 12 2011,17.82%
Aug. 11 2011,17.97%
Aug. 10 2011,18.78%
Aug. 9 2011,18.65%
Aug. 8 2011,20.33%
Aug. 5 2011,18.19%
Aug. 4 2011,18.92%
Aug. 3 2011,17.19%
Aug. 2 2011,16.31%
Aug. 1 2011,15.50%
July 29 2011,15.34%
July 28 2011,15.28%
July 27 2011,15.08%
July 26 2011,14.69%
July 25 2011,14.62%
July 22 2011,14.84%
July 21 2011,14.85%
July 20 2011,15.31%
July 19 2011,15.21%
July 18 2011,15.13%
July 15 2011,14.99%
July 14 2011,15.18%
July 13 2011,14.98%
July 12 2011,15.07%
July 11 2011,14.84%
July 8 2011,14.54%
July 7 2011,14.35%
July 6 2011,14.48%
July 5 2011,13.94%
July 1 2011,14.42%
June 30 2011,13.52%
June 29 2011,12.67%
June 28 2011,12.73%
June 27 2011,13.33%
June 24 2011,13.20%
June 23 2011,12.67%
June 22 2011,12.39%
June 21 2011,12.54%
June 20 2011,12.80%
June 17 2011,12.93%
June 16 2011,12.78%
June 15 2011,12.88%
June 14 2011,12.57%
June 13 2011,13.14%
June 10 2011,13.01%
June 9 2011,12.79%
June 8 2011,12.86%
June 7 2011,12.77%
June 6 2011,12.93%
June 3 2011,12.63%
June 2 2011,12.45%
June 1 2011,12.42%
May 31 2011,12.07%
May 27 2011,12.25%
May 26 2011,12.21%
May 25 2011,12.40%
May 24 2011,12.61%
May 23 2011,12.96%
May 20 2011,12.77%
May 19 2011,12.60%
May 18 2011,12.69%
May 17 2011,13.07%
May 16 2011,13.00%
May 13 2011,12.80%
May 12 2011,12.78%
May 11 2011,12.87%
May 10 2011,12.47%
May 9 2011,12.53%
May 6 2011,13.19%
May 5 2011,13.20%
May 4 2011,12.69%
May 3 2011,12.44%
May 2 2011,12.24%
April 29 2011,12.10%
April 28 2011,12.43%
April 27 2011,12.42%
April 26 2011,12.42%
April 25 2011,12.44%
April 21 2011,12.15%
April 20 2011,12.27%
April 19 2011,12.75%
April 18 2011,12.80%
April 15 2011,12.74%
April 14 2011,12.78%
April 13 2011,12.99%
April 12 2011,13.03%
April 11 2011,12.63%
April 8 2011,12.40%
April 7 2011,12.34%
April 6 2011,12.36%
April 5 2011,12.24%
April 4 2011,12.32%
April 1 2011,12.21%
March 31 2011,12.27%
March 30 2011,10.23%
March 29 2011,10.37%
March 28 2011,10.59%
March 25 2011,10.47%
March 24 2011,10.67%
March 23 2011,10.71%
March 22 2011,10.57%
March 21 2011,10.45%
March 18 2011,10.91%
March 17 2011,10.93%
March 16 2011,11.11%
March 15 2011,11.06%
March 14 2011,10.90%
March 11 2011,10.79%
March 10 2011,11.14%
March 9 2011,10.91%
March 8 2011,10.79%
March 7 2011,10.53%
March 4 2011,10.48%
March 3 2011,10.28%
March 2 2011,10.63%
March 1 2011,10.67%
Feb. 28 2011,10.92%
Feb. 25 2011,11.14%
Feb. 24 2011,11.25%
Feb. 23 2011,11.01%
Feb. 22 2011,11.35%
Feb. 18 2011,10.94%
Feb. 17 2011,10.81%
Feb. 16 2011,10.98%
Feb. 15 2011,11.26%
Feb. 14 2011,11.04%
Feb. 11 2011,11.65%
Feb. 10 2011,11.66%
Feb. 9 2011,11.69%
Feb. 8 2011,11.70%
Feb. 7 2011,11.67%
Feb. 4 2011,11.81%
Feb. 3 2011,11.78%
Feb. 2 2011,11.80%
Feb. 1 2011,11.62%
Jan. 31 2011,11.85%
Jan. 28 2011,12.10%
Jan. 27 2011,12.12%
Jan. 26 2011,11.93%
Jan. 25 2011,12.43%
Jan. 24 2011,12.85%
Jan. 21 2011,12.88%
Jan. 20 2011,12.94%
Jan. 19 2011,12.88%
Jan. 18 2011,12.75%
Jan. 14 2011,12.71%
Jan. 13 2011,12.60%
Jan. 12 2011,13.36%
Jan. 11 2011,13.63%
Jan. 10 2011,13.83%
Jan. 7 2011,14.02%
Jan. 6 2011,14.40%
Jan. 5 2011,14.50%
Jan. 4 2011,14.49%
Jan. 3 2011,14.41%
Dec. 31 2010,14.62%
Dec. 30 2010,12.70%
Dec. 29 2010,12.68%
Dec. 28 2010,12.83%
Dec. 27 2010,12.82%
Dec. 23 2010,12.85%
Dec. 22 2010,12.81%
Dec. 21 2010,12.93%
Dec. 20 2010,13.03%
Dec. 17 2010,13.29%
Dec. 16 2010,13.31%
Dec. 15 2010,13.43%
Dec. 14 2010,13.38%
Dec. 13 2010,13.38%
Dec. 10 2010,13.31%
Dec. 9 2010,13.44%
Dec. 8 2010,13.31%
Dec. 7 2010,13.37%
Dec. 6 2010,13.46%
Dec. 3 2010,13.33%
Dec. 2 2010,13.36%
Dec. 1 2010,13.70%
Nov. 30 2010,13.98%
Nov. 29 2010,13.89%
Nov. 26 2010,13.98%
Nov. 24 2010,13.85%
Nov. 23 2010,14.05%
Nov. 22 2010,13.64%
Nov. 19 2010,13.66%
Nov. 18 2010,13.70%
Nov. 17 2010,14.08%
Nov. 16 2010,14.05%
Nov. 15 2010,13.90%
Nov. 12 2010,13.87%
Nov. 11 2010,13.71%
Nov. 10 2010,13.75%
Nov. 9 2010,13.92%
Nov. 8 2010,13.79%
Nov. 5 2010,13.80%
Nov. 4 2010,13.83%
Nov. 3 2010,14.15%
Nov. 2 2010,13.92%
Nov. 1 2010,13.19%
Oct. 29 2010,13.16%
Oct. 28 2010,13.27%
Oct. 27 2010,13.26%
Oct. 26 2010,13.15%
Oct. 25 2010,13.04%
Oct. 22 2010,13.14%
Oct. 21 2010,13.16%
Oct. 20 2010,13.12%
Oct. 19 2010,13.33%
Oct. 18 2010,13.05%
Oct. 15 2010,13.09%
Oct. 14 2010,13.18%
Oct. 13 2010,13.11%
Oct. 12 2010,13.27%
Oct. 11 2010,13.27%
Oct. 8 2010,13.19%
Oct. 7 2010,13.43%
Oct. 6 2010,13.43%
Oct. 5 2010,13.64%
Oct. 4 2010,14.02%
Oct. 1 2010,13.84%
Sept. 30 2010,14.14%
Sept. 29 2010,12.36%
Sept. 28 2010,12.56%
Sept. 27 2010,12.67%
Sept. 24 2010,12.67%
Sept. 23 2010,12.97%
Sept. 22 2010,12.75%
Sept. 21 2010,12.65%
Sept. 20 2010,12.62%
Sept. 17 2010,12.91%
Sept. 16 2010,12.75%
Sept. 15 2010,12.71%
Sept. 14 2010,12.73%
Sept. 13 2010,12.65%
Sept. 10 2010,12.62%
Sept. 9 2010,12.84%
Sept. 8 2010,12.85%
Sept. 7 2010,12.85%
Sept. 3 2010,12.69%
Sept. 2 2010,12.80%
Sept. 1 2010,12.93%
Aug. 31 2010,13.38%
Aug. 30 2010,13.36%
Aug. 27 2010,13.19%
Aug. 26 2010,13.51%
Aug. 25 2010,13.26%
Aug. 24 2010,13.06%
Aug. 23 2010,12.89%
Aug. 20 2010,12.94%
Aug. 19 2010,12.75%
Aug. 18 2010,12.54%
Aug. 17 2010,12.50%
Aug. 16 2010,12.54%
Aug. 13 2010,12.45%
Aug. 12 2010,12.37%
Aug. 11 2010,12.27%
Aug. 10 2010,11.94%
Aug. 9 2010,11.83%
Aug. 6 2010,11.86%
Aug. 5 2010,11.66%
Aug. 4 2010,11.76%
Aug. 3 2010,11.95%
Aug. 2 2010,11.90%
July 30 2010,12.20%
July 29 2010,12.23%
July 28 2010,12.30%
July 27 2010,12.28%
July 26 2010,12.23%
July 23 2010,12.41%
July 22 2010,12.48%
July 21 2010,12.66%
July 20 2010,12.48%
July 19 2010,12.83%
July 16 2010,12.87%
July 15 2010,12.55%
July 14 2010,12.54%
July 13 2010,12.37%
July 12 2010,12.71%
July 9 2010,12.72%
July 8 2010,12.72%
July 7 2010,12.73%
July 6 2010,13.16%
July 2 2010,13.23%
July 1 2010,13.23%
June 30 2010,13.12%
June 29 2010,11.00%
June 28 2010,10.68%
June 25 2010,10.53%
June 24 2010,10.50%
June 23 2010,10.38%
June 22 2010,10.42%
June 21 2010,10.11%
June 18 2010,10.21%
June 17 2010,10.33%
June 16 2010,10.39%
June 15 2010,10.33%
June 14 2010,10.60%
June 11 2010,10.66%
June 10 2010,10.72%
June 9 2010,11.16%
June 8 2010,10.95%
June 7 2010,11.11%
June 4 2010,11.24%
June 3 2010,10.87%
June 2 2010,11.01%
June 1 2010,11.43%
May 28 2010,11.10%
May 27 2010,10.90%
May 26 2010,11.36%
May 25 2010,11.27%
May 24 2010,10.92%
May 21 2010,10.98%
May 20 2010,10.98%
May 19 2010,10.61%
May 18 2010,10.70%
May 17 2010,10.91%
May 14 2010,11.03%
May 13 2010,10.89%
May 12 2010,10.88%
May 11 2010,11.10%
May 10 2010,10.92%
May 7 2010,11.33%
May 6 2010,11.25%
May 5 2010,10.86%
May 4 2010,10.73%
May 3 2010,10.69%
April 30 2010,10.73%
April 29 2010,10.65%
April 28 2010,10.71%
April 27 2010,10.79%
April 26 2010,10.44%
April 23 2010,10.43%
April 22 2010,10.62%
April 21 2010,10.60%
April 20 2010,10.58%
April 19 2010,10.76%
April 16 2010,10.77%
April 15 2010,10.55%
April 14 2010,10.51%
April 13 2010,10.71%
April 12 2010,10.71%
April 9 2010,10.72%
April 8 2010,10.83%
April 7 2010,10.80%
April 6 2010,10.59%
April 5 2010,10.64%
April 1 2010,10.75%
March 31 2010,10.90%
March 30 2010,9.84%
March 29 2010,9.82%
March 26 2010,10.02%
March 25 2010,9.94%
March 24 2010,9.85%
March 23 2010,9.74%
March 22 2010,9.76%
March 19 2010,9.66%
March 18 2010,9.63%
March 17 2010,9.56%
March 16 2010,9.74%
March 15 2010,9.89%
March 12 2010,9.82%
March 11 2010,9.76%
March 10 2010,9.81%
March 9 2010,10.01%
March 8 2010,10.03%
March 5 2010,10.09%
March 4 2010,10.45%
March 3 2010,10.49%
March 2 2010,10.52%
March 1 2010,10.60%
Feb. 26 2010,10.67%
Feb. 25 2010,10.68%
Feb. 24 2010,10.59%
Feb. 23 2010,10.70%
Feb. 22 2010,10.47%
Feb. 19 2010,10.31%
Feb. 18 2010,10.32%
Feb. 17 2010,10.43%
Feb. 16 2010,10.41%
Feb. 12 2010,10.80%
Feb. 11 2010,10.72%
Feb. 10 2010,10.88%
Feb. 9 2010,10.80%
Feb. 8 2010,11.02%
Feb. 5 2010,10.86%
Feb. 4 2010,10.71%
Feb. 3 2010,10.17%
Feb. 2 2010,10.00%
Feb. 1 2010,10.08%
Jan. 29 2010,10.37%
Jan. 28 2010,10.24%
Jan. 27 2010,10.17%
Jan. 26 2010,10.16%
Jan. 25 2010,10.06%
Jan. 22 2010,10.10%
Jan. 21 2010,9.81%
Jan. 20 2010,9.60%
Jan. 19 2010,9.62%
Jan. 15 2010,9.77%
Jan. 14 2010,9.67%
Jan. 13 2010,9.61%
Jan. 12 2010,9.58%
Jan. 11 2010,9.45%
Jan. 8 2010,9.45%
Jan. 7 2010,9.46%
Jan. 6 2010,9.41%
Jan. 5 2010,9.61%
Jan. 4 2010,9.62%
Dec. 31 2009,9.90%
Dec. 30 2009,7.15%
Dec. 29 2009,7.19%
Dec. 28 2009,7.15%
Dec. 24 2009,7.11%
Dec. 23 2009,7.14%
Dec. 22 2009,7.13%
Dec. 21 2009,7.19%
Dec. 18 2009,7.28%
Dec. 17 2009,7.28%
Dec. 16 2009,7.15%
Dec. 15 2009,7.20%
Dec. 14 2009,7.15%
Dec. 11 2009,7.19%
Dec. 10 2009,7.23%
Dec. 9 2009,7.25%
Dec. 8 2009,7.27%
Dec. 7 2009,7.07%
Dec. 4 2009,7.11%
Dec. 3 2009,7.00%
Dec. 2 2009,6.95%
Dec. 1 2009,6.85%
Nov. 30 2009,6.90%
Nov. 27 2009,6.90%
Nov. 25 2009,6.71%
Nov. 24 2009,6.82%
Nov. 23 2009,6.80%
Nov. 20 2009,6.81%
Nov. 19 2009,6.75%
Nov. 18 2009,6.48%
Nov. 17 2009,6.45%
Nov. 16 2009,6.40%
Nov. 13 2009,6.49%
Nov. 12 2009,6.54%
Nov. 11 2009,6.44%
Nov. 10 2009,6.44%
Nov. 9 2009,6.50%
Nov. 6 2009,6.68%
Nov. 5 2009,6.69%
Nov. 4 2009,6.87%
Nov. 3 2009,6.95%
Nov. 2 2009,7.04%
Oct. 30 2009,7.04%
Oct. 29 2009,6.74%
Oct. 28 2009,6.94%
Oct. 27 2009,6.69%
Oct. 26 2009,6.72%
Oct. 23 2009,6.62%
Oct. 22 2009,6.51%
Oct. 21 2009,6.48%
Oct. 20 2009,6.45%
Oct. 19 2009,6.38%
Oct. 16 2009,6.45%
Oct. 15 2009,6.42%
Oct. 14 2009,6.64%
Oct. 13 2009,6.80%
Oct. 12 2009,6.88%
Oct. 9 2009,6.96%
Oct. 8 2009,6.91%
Oct. 7 2009,7.04%
Oct. 6 2009,7.05%
Oct. 5 2009,7.27%
Oct. 2 2009,7.38%
Oct. 1 2009,7.26%
Sept. 30 2009,7.05%
Sept. 29 2009,17.85%
Sept. 28 2009,17.67%
Sept. 25 2009,18.11%
Sept. 24 2009,17.89%
Sept. 23 2009,17.53%
Sept. 22 2009,17.11%
Sept. 21 2009,17.29%
Sept. 18 2009,17.09%
Sept. 17 2009,16.91%
Sept. 16 2009,16.93%
Sept. 15 2009,17.40%
Sept. 14 2009,17.53%
Sept. 11 2009,17.77%
Sept. 10 2009,17.75%
Sept. 9 2009,18.08%
Sept. 8 2009,18.18%
Sept. 4 2009,18.64%
Sept. 3 2009,18.85%
Sept. 2 2009,18.92%
Sept. 1 2009,18.89%
Aug. 31 2009,18.56%
Aug. 28 2009,18.18%
Aug. 27 2009,18.13%
Aug. 26 2009,18.02%
Aug. 25 2009,18.20%
Aug. 24 2009,17.96%
Aug. 21 2009,18.00%
Aug. 20 2009,18.55%
Aug. 19 2009,18.69%
Aug. 18 2009,19.04%
Aug. 17 2009,19.32%
Aug. 14 2009,18.47%
Aug. 13 2009,18.17%
Aug. 12 2009,18.74%
Aug. 11 2009,19.14%
Aug. 10 2009,18.70%
Aug. 7 2009,18.69%
Aug. 6 2009,18.48%
Aug. 5 2009,18.18%
Aug. 4 2009,17.65%
Aug. 3 2009,17.56%
July 31 2009,17.77%
July 30 2009,17.94%
July 29 2009,18.35%
July 28 2009,17.73%
July 27 2009,17.63%
July 24 2009,17.82%
July 23 2009,18.02%
July 22 2009,18.65%
July 21 2009,18.45%
July 20 2009,18.60%
July 17 2009,18.94%
July 16 2009,19.01%
July 15 2009,18.94%
July 14 2009,19.48%
July 13 2009,19.77%
July 10 2009,20.23%
July 9 2009,19.99%
July 8 2009,20.44%
July 7 2009,20.30%
July 6 2009,19.92%
July 2 2009,19.76%
July 1 2009,18.91%
June 30 2009,19.02%
June 29 2009,21.74%
June 26 2009,21.95%
June 25 2009,22.00%
June 24 2009,22.21%
June 23 2009,22.45%
June 22 2009,22.52%
June 19 2009,21.15%
June 18 2009,21.00%
June 17 2009,20.97%
June 16 2009,20.64%
June 15 2009,20.52%
June 12 2009,19.99%
June 11 2009,19.73%
June 10 2009,19.82%
June 9 2009,19.80%
June 8 2009,19.97%
June 5 2009,20.44%
June 4 2009,20.52%
June 3 2009,20.91%
June 2 2009,19.40%
June 1 2009,19.45%
May 29 2009,20.33%
May 28 2009,20.90%
May 27 2009,22.16%
May 26 2009,21.62%
May 22 2009,22.02%
May 21 2009,22.03%
May 20 2009,21.33%
May 19 2009,21.82%
May 18 2009,21.75%
May 15 2009,22.63%
May 14 2009,22.28%
May 13 2009,22.31%
May 12 2009,20.96%
May 11 2009,20.92%
May 8 2009,19.90%
May 7 2009,20.47%
May 6 2009,19.79%
May 5 2009,20.88%
May 4 2009,20.68%
May 1 2009,21.01%
April 30 2009,21.82%
April 29 2009,21.24%
April 28 2009,22.11%
April 27 2009,21.87%
April 24 2009,20.85%
April 23 2009,21.93%
April 22 2009,22.44%
April 21 2009,22.12%
April 20 2009,22.70%
April 17 2009,21.59%
April 16 2009,21.97%
April 15 2009,22.78%
April 14 2009,22.82%
April 13 2009,22.46%
April 9 2009,22.14%
April 8 2009,22.83%
April 7 2009,23.36%
April 6 2009,22.77%
April 3 2009,22.29%
April 2 2009,22.53%
April 1 2009,23.93%
March 31 2009,24.65%
March 30 2009,29.10%
March 27 2009,27.13%
March 26 2009,26.84%
March 25 2009,27.56%
March 24 2009,27.64%
March 23 2009,27.75%
March 20 2009,30.52%
March 19 2009,29.06%
March 18 2009,29.74%
March 17 2009,29.70%
March 16 2009,30.32%
March 13 2009,31.36%
March 12 2009,31.44%
March 11 2009,32.80%
March 10 2009,32.72%
March 9 2009,34.92%
March 6 2009,35.42%
March 5 2009,34.87%
March 4 2009,33.74%
March 3 2009,35.30%
March 2 2009,35.42%
Feb. 27 2009,31.84%
Feb. 26 2009,30.68%
Feb. 25 2009,31.11%
Feb. 24 2009,30.66%
Feb. 23 2009,32.87%
Feb. 20 2009,31.20%
Feb. 19 2009,29.93%
Feb. 18 2009,30.28%
Feb. 17 2009,29.92%
Feb. 13 2009,27.44%
Feb. 12 2009,27.65%
Feb. 11 2009,28.00%
Feb. 10 2009,28.13%
Feb. 9 2009,26.50%
Feb. 6 2009,27.29%
Feb. 5 2009,27.73%
Feb. 4 2009,27.61%
Feb. 3 2009,27.61%
Feb. 2 2009,27.57%
Jan. 30 2009,27.21%
Jan. 29 2009,26.17%
Jan. 28 2009,25.13%
Jan. 27 2009,25.90%
Jan. 26 2009,25.03%
Jan. 23 2009,25.53%
Jan. 22 2009,26.27%
Jan. 21 2009,25.95%
Jan. 20 2009,27.97%
Jan. 16 2009,26.04%
Jan. 15 2009,26.79%
Jan. 14 2009,27.00%
Jan. 13 2009,25.87%
Jan. 12 2009,26.69%
Jan. 9 2009,25.68%
Jan. 8 2009,24.94%
Jan. 7 2009,25.81%
Jan. 6 2009,24.81%
Jan. 5 2009,25.26%
Jan. 2 2009,25.57%
Dec. 31 2008,27.08%
Dec. 30 2008,33.32%
Dec. 29 2008,34.26%
Dec. 26 2008,35.85%
Dec. 24 2008,36.30%
Dec. 23 2008,35.85%
Dec. 22 2008,35.68%
Dec. 19 2008,34.22%
Dec. 18 2008,34.71%
Dec. 17 2008,33.01%
Dec. 16 2008,33.57%
Dec. 15 2008,35.94%
Dec. 12 2008,35.63%
Dec. 11 2008,35.52%
Dec. 10 2008,34.91%
Dec. 9 2008,36.80%
Dec. 8 2008,37.28%
Dec. 5 2008,39.80%
Dec. 4 2008,41.17%
Dec. 3 2008,38.05%
Dec. 2 2008,36.97%
Dec. 1 2008,38.26%
Nov. 28 2008,33.92%
Nov. 26 2008,33.60%
Nov. 25 2008,35.22%
Nov. 24 2008,36.23%
Nov. 21 2008,39.43%
Nov. 20 2008,45.35%
Nov. 19 2008,36.83%
Nov. 18 2008,35.10%
Nov. 17 2008,35.76%
Nov. 14 2008,33.27%
Nov. 13 2008,31.83%
Nov. 12 2008,36.79%
Nov. 11 2008,33.21%
Nov. 10 2008,31.15%
Nov. 7 2008,31.05%
Nov. 6 2008,31.69%
Nov. 5 2008,29.64%
Nov. 4 2008,28.75%
Nov. 3 2008,31.82%
Oct. 31 2008,30.52%
Oct. 30 2008,32.02%
Oct. 29 2008,34.63%
Oct. 28 2008,35.59%
Oct. 27 2008,40.04%
Oct. 24 2008,37.69%
Oct. 23 2008,35.24%
Oct. 22 2008,39.48%
Oct. 21 2008,33.69%
Oct. 20 2008,32.43%
Oct. 17 2008,34.22%
Oct. 16 2008,33.62%
Oct. 15 2008,36.98%
Oct. 14 2008,29.75%
Oct. 13 2008,28.16%
Oct. 10 2008,34.74%
Oct. 9 2008,33.04%
Oct. 8 2008,30.31%
Oct. 7 2008,29.06%
Oct. 6 2008,26.54%
Oct. 3 2008,24.96%
Oct. 2 2008,24.71%
Oct. 1 2008,22.88%
Sept. 30 2008,22.27%
Sept. 29 2008,18.05%
Sept. 26 2008,16.57%
Sept. 25 2008,16.28%
Sept. 24 2008,16.82%
Sept. 23 2008,17.37%
Sept. 22 2008,16.38%
Sept. 19 2008,15.61%
Sept. 18 2008,16.97%
Sept. 17 2008,16.90%
Sept. 16 2008,16.05%
Sept. 15 2008,16.57%
Sept. 12 2008,14.69%
Sept. 11 2008,15.48%
Sept. 10 2008,16.10%
Sept. 9 2008,17.01%
Sept. 8 2008,15.41%
Sept. 5 2008,15.51%
Sept. 4 2008,15.46%
Sept. 3 2008,15.34%
Sept. 2 2008,15.72%
Aug. 29 2008,15.01%
Aug. 28 2008,14.87%
Aug. 27 2008,14.79%
Aug. 26 2008,15.20%
Aug. 25 2008,15.26%
Aug. 22 2008,15.04%
Aug. 21 2008,14.70%
Aug. 20 2008,14.85%
Aug. 19 2008,15.17%
Aug. 18 2008,15.29%
Aug. 15 2008,15.08%
Aug. 14 2008,14.73%
Aug. 13 2008,14.31%
Aug. 12 2008,14.85%
Aug. 11 2008,14.48%
Aug. 8 2008,14.71%
Aug. 7 2008,15.03%
Aug. 6 2008,14.69%
Aug. 5 2008,15.24%
Aug. 4 2008,14.96%
Aug. 1 2008,14.15%
July 31 2008,13.67%
July 30 2008,14.99%
July 29 2008,16.00%
July 28 2008,15.97%
July 25 2008,15.90%
July 24 2008,16.34%
July 23 2008,15.85%
July 22 2008,15.45%
July 21 2008,15.32%
July 18 2008,15.59%
July 17 2008,15.54%
July 16 2008,15.54%
July 15 2008,15.47%
July 14 2008,14.82%
July 11 2008,14.52%
July 10 2008,14.40%
July 9 2008,14.14%
July 8 2008,13.84%
July 7 2008,13.57%
July 3 2008,13.20%
July 2 2008,13.12%
July 1 2008,12.82%
June 30 2008,13.04%
June 27 2008,16.63%
June 26 2008,16.74%
June 25 2008,16.23%
June 24 2008,16.09%
June 23 2008,16.22%
June 20 2008,16.79%
June 19 2008,16.34%
June 18 2008,15.97%
June 17 2008,16.05%
June 16 2008,16.55%
June 13 2008,16.58%
June 12 2008,16.64%
June 11 2008,16.72%
June 10 2008,16.76%
June 9 2008,16.83%
June 6 2008,17.21%
June 5 2008,16.71%
June 4 2008,17.06%
June 3 2008,16.45%
June 2 2008,16.51%
May 30 2008,16.58%
May 29 2008,16.81%
May 28 2008,16.65%
May 27 2008,16.72%
May 23 2008,16.45%
May 22 2008,16.12%
May 21 2008,15.75%
May 20 2008,16.03%
May 19 2008,15.94%
May 16 2008,15.48%
May 15 2008,16.02%
May 14 2008,16.31%
May 13 2008,15.93%
May 12 2008,15.97%
May 9 2008,16.21%
May 8 2008,16.10%
May 7 2008,16.37%
May 6 2008,16.13%
May 5 2008,16.49%
May 2 2008,16.77%
May 1 2008,17.78%
April 30 2008,18.70%
April 29 2008,18.57%
April 28 2008,18.36%
April 25 2008,18.36%
April 24 2008,18.33%
April 23 2008,17.74%
April 22 2008,17.60%
April 21 2008,17.31%
April 18 2008,17.46%
April 17 2008,17.51%
April 16 2008,17.87%
April 15 2008,18.57%
April 14 2008,18.40%
April 11 2008,18.97%
April 10 2008,18.63%
April 9 2008,18.05%
April 8 2008,17.64%
April 7 2008,17.54%
April 4 2008,17.46%
April 3 2008,17.82%
April 2 2008,17.95%
April 1 2008,18.36%
March 31 2008,18.68%
March 28 2008,18.39%
March 27 2008,18.18%
March 26 2008,17.92%
March 25 2008,18.14%
March 24 2008,18.08%
March 20 2008,18.36%
March 19 2008,18.89%
March 18 2008,17.60%
March 17 2008,18.29%
March 14 2008,16.86%
March 13 2008,16.31%
March 12 2008,16.48%
March 11 2008,15.72%
March 10 2008,16.46%
March 7 2008,16.60%
March 6 2008,16.44%
March 5 2008,15.93%
March 4 2008,16.16%
March 3 2008,15.88%
Feb. 29 2008,16.07%
Feb. 28 2008,15.78%
Feb. 27 2008,15.71%
Feb. 26 2008,15.99%
Feb. 25 2008,16.29%
Feb. 22 2008,16.57%
Feb. 21 2008,16.82%
Feb. 20 2008,16.19%
Feb. 19 2008,16.26%
Feb. 15 2008,16.80%
Feb. 14 2008,16.84%
Feb. 13 2008,16.88%
Feb. 12 2008,17.31%
Feb. 11 2008,17.36%
Feb. 8 2008,17.30%
Feb. 7 2008,18.46%
Feb. 6 2008,18.62%
Feb. 5 2008,18.18%
Feb. 4 2008,17.46%
Feb. 1 2008,17.40%
Jan. 31 2008,18.15%
Jan. 30 2008,16.78%
Jan. 29 2008,16.39%
Jan. 28 2008,17.06%
Jan. 25 2008,17.43%
Jan. 24 2008,17.09%
Jan. 23 2008,18.09%
Jan. 22 2008,18.30%
Jan. 18 2008,17.99%
Jan. 17 2008,17.90%
Jan. 16 2008,16.93%
Jan. 15 2008,16.37%
Jan. 14 2008,15.57%
Jan. 11 2008,15.67%
Jan. 10 2008,15.26%
Jan. 9 2008,14.93%
Jan. 8 2008,14.59%
Jan. 7 2008,14.49%
Jan. 4 2008,14.34%
Jan. 3 2008,13.80%
Jan. 2 2008,13.91%
Dec. 31 2007,14.04%
Dec. 28 2007,15.19%
Dec. 27 2007,15.29%
Dec. 26 2007,15.13%
Dec. 24 2007,15.31%
Dec. 21 2007,15.42%
Dec. 20 2007,15.83%
Dec. 19 2007,16.18%
Dec. 18 2007,16.18%
Dec. 17 2007,16.60%
Dec. 14 2007,16.24%
Dec. 13 2007,15.88%
Dec. 12 2007,15.94%
Dec. 11 2007,16.19%
Dec. 10 2007,16.05%
Dec. 7 2007,15.99%
Dec. 6 2007,16.20%
Dec. 5 2007,16.72%
Dec. 4 2007,16.95%
Dec. 3 2007,16.68%
Nov. 30 2007,16.95%
Nov. 29 2007,17.13%
Nov. 28 2007,17.28%
Nov. 27 2007,17.76%
Nov. 26 2007,17.61%
Nov. 23 2007,16.80%
Nov. 21 2007,16.83%
Nov. 20 2007,16.48%
Nov. 19 2007,16.82%
Nov. 16 2007,16.47%
Nov. 15 2007,17.41%
Nov. 14 2007,16.93%
Nov. 13 2007,16.46%
Nov. 12 2007,16.50%
Nov. 9 2007,15.87%
Nov. 8 2007,15.53%
Nov. 7 2007,15.76%
Nov. 6 2007,15.45%
Nov. 5 2007,16.12%
Nov. 2 2007,15.87%
Nov. 1 2007,16.43%
Oct. 31 2007,16.02%
Oct. 30 2007,16.51%
Oct. 29 2007,15.66%
Oct. 26 2007,15.60%
Oct. 25 2007,15.88%
Oct. 24 2007,16.12%
Oct. 23 2007,16.41%
Oct. 22 2007,16.30%
Oct. 19 2007,16.30%
Oct. 18 2007,15.94%
Oct. 17 2007,16.36%
Oct. 16 2007,15.94%
Oct. 15 2007,15.96%
Oct. 12 2007,16.24%
Oct. 11 2007,16.39%
Oct. 10 2007,16.04%
Oct. 9 2007,16.23%
Oct. 8 2007,16.17%
Oct. 5 2007,16.20%
Oct. 4 2007,16.42%
Oct. 3 2007,16.67%
Oct. 2 2007,16.50%
Oct. 1 2007,16.46%
Sept. 28 2007,18.64%
Sept. 27 2007,18.55%
Sept. 26 2007,18.47%
Sept. 25 2007,18.66%
Sept. 24 2007,18.40%
Sept. 21 2007,18.24%
Sept. 20 2007,18.22%
Sept. 19 2007,18.20%
Sept. 18 2007,18.41%
Sept. 17 2007,18.83%
Sept. 14 2007,19.01%
Sept. 13 2007,19.37%
Sept. 12 2007,19.69%
Sept. 11 2007,20.10%
Sept. 10 2007,19.97%
Sept. 7 2007,19.50%
Sept. 6 2007,18.78%
Sept. 5 2007,18.96%
Sept. 4 2007,19.08%
Aug. 31 2007,19.72%
Aug. 30 2007,19.96%
Aug. 29 2007,19.79%
Aug. 28 2007,20.99%
Aug. 27 2007,20.11%
Aug. 24 2007,19.78%
Aug. 23 2007,20.78%
Aug. 22 2007,20.46%
Aug. 21 2007,20.76%
Aug. 20 2007,20.48%
Aug. 17 2007,19.89%
Aug. 16 2007,21.15%
Aug. 15 2007,21.26%
Aug. 14 2007,20.35%
Aug. 13 2007,19.77%
Aug. 10 2007,20.49%
Aug. 9 2007,21.58%
Aug. 8 2007,20.41%
Aug. 7 2007,20.28%
Aug. 6 2007,21.58%
Aug. 3 2007,21.34%
Aug. 2 2007,20.54%
Aug. 1 2007,19.60%
July 31 2007,19.25%
July 30 2007,18.64%
July 27 2007,19.27%
July 26 2007,18.66%
July 25 2007,17.89%
July 24 2007,18.30%
July 23 2007,17.36%
July 20 2007,17.35%
July 19 2007,16.84%
July 18 2007,16.74%
July 17 2007,17.11%
July 16 2007,16.82%
July 13 2007,16.34%
July 12 2007,16.67%
July 11 2007,16.90%
July 10 2007,16.59%
July 9 2007,16.63%
July 6 2007,16.71%
July 5 2007,16.94%
July 3 2007,16.88%
July 2 2007,17.37%
June 29 2007,18.10%
June 28 2007,18.17%
June 27 2007,18.12%
June 26 2007,17.94%
June 25 2007,17.48%
June 22 2007,17.47%
June 21 2007,17.16%
June 20 2007,17.57%
June 19 2007,16.78%
June 18 2007,16.52%
June 15 2007,16.38%
June 14 2007,16.83%
June 13 2007,17.21%
June 12 2007,17.65%
June 11 2007,17.38%
June 8 2007,17.30%
June 7 2007,17.58%
June 6 2007,17.37%
June 5 2007,17.06%
June 4 2007,16.91%
June 1 2007,17.12%
May 31 2007,17.53%
May 30 2007,17.78%
May 29 2007,18.26%
May 25 2007,18.15%
May 24 2007,18.55%
May 23 2007,18.42%
May 22 2007,18.66%
May 21 2007,18.70%
May 18 2007,18.95%
May 17 2007,19.13%
May 16 2007,19.42%
May 15 2007,19.47%
May 14 2007,19.93%
May 11 2007,20.21%
May 10 2007,20.56%
May 9 2007,20.38%
May 8 2007,20.59%
May 7 2007,20.79%
May 4 2007,20.79%
May 3 2007,20.95%
May 2 2007,21.21%
May 1 2007,21.43%
April 30 2007,21.37%
April 27 2007,21.11%
April 26 2007,21.03%
April 25 2007,21.17%
April 24 2007,21.75%
April 23 2007,21.62%
April 20 2007,21.59%
April 19 2007,21.59%
April 18 2007,21.42%
April 17 2007,21.72%
April 16 2007,21.24%
April 13 2007,21.28%
April 12 2007,21.19%
April 11 2007,21.42%
April 10 2007,21.41%
April 9 2007,21.29%
April 5 2007,21.12%
April 4 2007,21.28%
April 3 2007,21.55%
April 2 2007,21.61%
March 30 2007,22.05%
March 29 2007,21.40%
March 28 2007,21.30%
March 27 2007,21.28%
March 26 2007,21.25%
March 23 2007,21.55%
March 22 2007,21.48%
March 21 2007,21.96%
March 20 2007,22.24%
March 19 2007,22.82%
March 16 2007,23.36%
March 15 2007,23.21%
March 14 2007,23.33%
March 13 2007,23.73%
March 12 2007,23.31%
March 9 2007,23.01%
March 8 2007,23.15%
March 7 2007,23.43%
March 6 2007,23.94%
March 5 2007,24.44%
March 2 2007,24.42%
March 1 2007,23.92%
Feb. 28 2007,24.02%
Feb. 27 2007,24.28%
Feb. 26 2007,23.50%
Feb. 23 2007,23.54%
Feb. 22 2007,23.66%
Feb. 21 2007,23.74%
Feb. 20 2007,24.11%
Feb. 16 2007,23.94%
Feb. 15 2007,23.88%
Feb. 14 2007,23.49%
Feb. 13 2007,23.59%
Feb. 12 2007,24.21%
Feb. 9 2007,23.92%
Feb. 8 2007,23.64%
Feb. 7 2007,24.42%
Feb. 6 2007,24.34%
Feb. 5 2007,24.17%
Feb. 2 2007,24.32%
Feb. 1 2007,23.97%
Jan. 31 2007,24.13%
Jan. 30 2007,24.40%
Jan. 29 2007,24.99%
Jan. 26 2007,24.54%
Jan. 25 2007,24.53%
Jan. 24 2007,24.02%
Jan. 23 2007,24.16%
Jan. 22 2007,24.91%
Jan. 19 2007,25.00%
Jan. 18 2007,25.59%
Jan. 17 2007,25.34%
Jan. 16 2007,25.59%
Jan. 12 2007,25.12%
Jan. 11 2007,26.12%
Jan. 10 2007,25.67%
Jan. 9 2007,25.40%
Jan. 8 2007,25.13%
Jan. 5 2007,25.37%
Jan. 4 2007,25.87%
Jan. 3 2007,24.95%
Dec. 29 2006,24.19%
Dec. 28 2006,24.03%
Dec. 27 2006,24.14%
Dec. 26 2006,24.59%
Dec. 22 2006,24.66%
Dec. 21 2006,24.38%
Dec. 20 2006,23.93%
Dec. 19 2006,23.53%
Dec. 18 2006,24.20%
Dec. 15 2006,23.43%
Dec. 14 2006,22.94%
Dec. 13 2006,23.56%
Dec. 12 2006,23.93%
Dec. 11 2006,23.81%
Dec. 8 2006,23.88%
Dec. 7 2006,23.86%
Dec. 6 2006,23.36%
Dec. 5 2006,23.54%
Dec. 4 2006,23.45%
Dec. 1 2006,23.40%
Nov. 30 2006,23.71%
Nov. 29 2006,23.66%
Nov. 28 2006,24.34%
Nov. 27 2006,24.39%
Nov. 24 2006,24.52%
Nov. 22 2006,24.66%
Nov. 21 2006,24.53%
Nov. 20 2006,25.12%
Nov. 17 2006,25.15%
Nov. 16 2006,25.76%
Nov. 15 2006,24.91%
Nov. 14 2006,25.03%
Nov. 13 2006,25.06%
Nov. 10 2006,25.29%
Nov. 9 2006,25.01%
Nov. 8 2006,25.33%
Nov. 7 2006,25.39%
Nov. 6 2006,24.93%
Nov. 3 2006,25.28%
Nov. 2 2006,26.03%
Nov. 1 2006,26.03%
Oct. 31 2006,25.90%
Oct. 30 2006,26.24%
Oct. 27 2006,25.92%
Oct. 26 2006,25.77%
Oct. 25 2006,25.55%
Oct. 24 2006,25.67%
Oct. 23 2006,25.64%
Oct. 20 2006,25.83%
Oct. 19 2006,25.94%
Oct. 18 2006,26.47%
Oct. 17 2006,26.41%
Oct. 16 2006,26.29%
Oct. 13 2006,26.92%
Oct. 12 2006,27.87%
Oct. 11 2006,28.30%
Oct. 10 2006,28.15%
Oct. 9 2006,29.27%
Oct. 6 2006,29.12%
Oct. 5 2006,29.67%
Oct. 4 2006,30.27%
Oct. 3 2006,31.11%
Oct. 2 2006,29.58%
Sept. 29 2006,24.36%
Sept. 28 2006,24.65%
Sept. 27 2006,24.55%
Sept. 26 2006,25.32%
Sept. 25 2006,26.27%
Sept. 22 2006,26.31%
Sept. 21 2006,26.13%
Sept. 20 2006,26.49%
Sept. 19 2006,25.51%
Sept. 18 2006,24.80%
Sept. 15 2006,25.59%
Sept. 14 2006,25.47%
Sept. 13 2006,24.81%
Sept. 12 2006,25.11%
Sept. 11 2006,25.02%
Sept. 8 2006,24.25%
Sept. 7 2006,23.58%
Sept. 6 2006,23.56%
Sept. 5 2006,22.55%
Sept. 1 2006,22.04%
Aug. 31 2006,22.44%
Aug. 30 2006,22.07%
Aug. 29 2006,21.31%
Aug. 28 2006,20.89%
Aug. 25 2006,20.34%
Aug. 24 2006,20.46%
Aug. 23 2006,20.76%
Aug. 22 2006,20.52%
Aug. 21 2006,20.83%
Aug. 18 2006,21.48%
Aug. 17 2006,21.70%
Aug. 16 2006,21.17%
Aug. 15 2006,21.33%
Aug. 14 2006,21.70%
Aug. 11 2006,20.97%
Aug. 10 2006,20.56%
Aug. 9 2006,20.32%
Aug. 8 2006,20.71%
Aug. 7 2006,21.11%
Aug. 4 2006,21.49%
Aug. 3 2006,21.62%
Aug. 2 2006,21.14%
Aug. 1 2006,20.69%
July 31 2006,20.67%
July 28 2006,20.97%
July 27 2006,20.94%
July 26 2006,20.62%
July 25 2006,21.05%
July 24 2006,21.34%
July 21 2006,22.27%
July 20 2006,21.95%
July 19 2006,21.60%
July 18 2006,21.73%
July 17 2006,22.05%
July 14 2006,21.32%
July 13 2006,21.56%
July 12 2006,21.65%
July 11 2006,21.14%
July 10 2006,21.82%
July 7 2006,21.85%
July 6 2006,21.81%
July 5 2006,22.06%
July 3 2006,22.50%
June 30 2006,22.49%
June 29 2006,17.25%
June 28 2006,17.62%
June 27 2006,18.06%
June 26 2006,18.75%
June 23 2006,18.79%
June 22 2006,19.25%
June 21 2006,19.44%
June 20 2006,20.07%
June 19 2006,20.07%
June 16 2006,19.34%
June 15 2006,19.26%
June 14 2006,20.08%
June 13 2006,20.64%
June 12 2006,19.94%
June 9 2006,19.65%
June 8 2006,19.38%
June 7 2006,19.44%
June 6 2006,18.72%
June 5 2006,18.72%
June 2 2006,18.39%
June 1 2006,18.77%
May 31 2006,19.21%
May 30 2006,19.35%
May 26 2006,18.97%
May 25 2006,19.04%
May 24 2006,19.65%
May 23 2006,19.44%
May 22 2006,19.90%
May 19 2006,19.09%
May 18 2006,19.29%
May 17 2006,19.26%
May 16 2006,18.79%
May 15 2006,19.16%
May 12 2006,18.40%
May 11 2006,17.88%
May 10 2006,17.58%
May 9 2006,17.83%
May 8 2006,17.84%
May 5 2006,17.74%
May 4 2006,17.91%
May 3 2006,17.81%
May 2 2006,17.54%
May 1 2006,17.77%
April 28 2006,18.16%
April 27 2006,18.34%
April 26 2006,17.60%
April 25 2006,17.41%
April 24 2006,17.19%
April 21 2006,16.75%
April 20 2006,17.02%
April 19 2006,17.06%
April 18 2006,17.06%
April 17 2006,17.50%
April 13 2006,18.09%
April 12 2006,18.18%
April 11 2006,18.19%
April 10 2006,18.21%
April 7 2006,18.46%
April 6 2006,18.18%
April 5 2006,18.10%
April 4 2006,18.45%
April 3 2006,18.79%
March 31 2006,18.92%
March 30 2006,16.38%
March 29 2006,16.39%
March 28 2006,16.17%
March 27 2006,16.14%
March 24 2006,16.32%
March 23 2006,16.36%
March 22 2006,16.55%
March 21 2006,16.67%
March 20 2006,16.88%
March 17 2006,16.52%
March 16 2006,16.27%
March 15 2006,16.88%
March 14 2006,17.25%
March 13 2006,17.75%
March 10 2006,18.15%
March 9 2006,18.33%
March 8 2006,18.14%
March 7 2006,18.30%
March 6 2006,18.08%
March 3 2006,17.44%
March 2 2006,17.36%
March 1 2006,17.40%
Feb. 28 2006,17.87%
Feb. 27 2006,17.65%
Feb. 24 2006,17.47%
Feb. 23 2006,17.72%
Feb. 22 2006,17.78%
Feb. 21 2006,17.77%
Feb. 17 2006,17.74%
Feb. 16 2006,18.16%
Feb. 15 2006,18.68%
Feb. 14 2006,18.96%
Feb. 13 2006,18.71%
Feb. 10 2006,18.99%
Feb. 9 2006,18.58%
Feb. 8 2006,18.19%
Feb. 7 2006,18.06%
Feb. 6 2006,17.24%
Feb. 3 2006,17.62%
Feb. 2 2006,17.25%
Feb. 1 2006,16.61%
Jan. 31 2006,16.41%
Jan. 30 2006,16.48%
Jan. 27 2006,16.81%
Jan. 26 2006,17.40%
Jan. 25 2006,17.53%
Jan. 24 2006,17.32%
Jan. 23 2006,17.39%
Jan. 20 2006,17.37%
Jan. 19 2006,17.44%
Jan. 18 2006,17.74%
Jan. 17 2006,17.62%
Jan. 13 2006,17.69%
Jan. 12 2006,18.20%
Jan. 11 2006,18.05%
Jan. 10 2006,18.15%
Jan. 9 2006,18.56%
Jan. 6 2006,18.92%
Jan. 5 2006,19.15%
Jan. 4 2006,19.08%
Jan. 3 2006,19.34%
Dec. 30 2005,15.20%
Dec. 29 2005,15.27%
Dec. 28 2005,15.12%
Dec. 27 2005,15.46%
Dec. 23 2005,14.91%
Dec. 22 2005,14.83%
Dec. 21 2005,14.97%
Dec. 20 2005,15.09%
Dec. 19 2005,15.09%
Dec. 16 2005,15.00%
Dec. 15 2005,14.74%
Dec. 14 2005,14.43%
Dec. 13 2005,14.97%
Dec. 12 2005,14.98%
Dec. 9 2005,15.02%
Dec. 8 2005,14.85%
Dec. 7 2005,15.08%
Dec. 6 2005,15.07%
Dec. 5 2005,15.02%
Dec. 2 2005,15.25%
Dec. 1 2005,15.16%
Nov. 30 2005,15.64%
Nov. 29 2005,15.82%
Nov. 28 2005,16.02%
Nov. 25 2005,15.20%
Nov. 23 2005,15.27%
Nov. 22 2005,15.16%
Nov. 21 2005,15.51%
Nov. 18 2005,15.71%
Nov. 17 2005,15.80%
Nov. 16 2005,15.88%
Nov. 15 2005,16.23%
Nov. 14 2005,15.90%
Nov. 11 2005,16.19%
Nov. 10 2005,16.46%
Nov. 9 2005,15.66%
Nov. 8 2005,15.54%
Nov. 7 2005,15.72%
Nov. 4 2005,15.21%
Nov. 3 2005,14.68%
Nov. 2 2005,15.06%
Nov. 1 2005,15.54%
Oct. 31 2005,15.41%
Oct. 28 2005,15.47%
Oct. 27 2005,16.18%
Oct. 26 2005,15.18%
Oct. 25 2005,15.25%
Oct. 24 2005,15.55%
Oct. 21 2005,16.17%
Oct. 20 2005,16.47%
Oct. 19 2005,15.44%
Oct. 18 2005,15.75%
Oct. 17 2005,15.09%
Oct. 14 2005,15.51%
Oct. 13 2005,15.48%
Oct. 12 2005,14.91%
Oct. 11 2005,14.58%
Oct. 10 2005,14.94%
Oct. 7 2005,14.87%
Oct. 6 2005,15.46%
Oct. 5 2005,15.18%
Oct. 4 2005,14.29%
Oct. 3 2005,13.39%
Sept. 30 2005,13.45%
Sept. 29 2005,10.15%
Sept. 28 2005,10.10%
Sept. 27 2005,10.15%
Sept. 26 2005,10.20%
Sept. 23 2005,10.35%
Sept. 22 2005,10.07%
Sept. 21 2005,10.02%
Sept. 20 2005,10.37%
Sept. 19 2005,10.25%
Sept. 16 2005,10.43%
Sept. 15 2005,10.52%
Sept. 14 2005,10.57%
Sept. 13 2005,10.68%
Sept. 12 2005,10.60%
Sept. 9 2005,10.47%
Sept. 8 2005,10.81%
Sept. 7 2005,10.75%
Sept. 6 2005,10.80%
Sept. 2 2005,10.90%
Sept. 1 2005,10.62%
Aug. 31 2005,11.03%
Aug. 30 2005,11.45%
Aug. 29 2005,11.81%
Aug. 26 2005,11.98%
Aug. 25 2005,11.91%
Aug. 24 2005,11.80%
Aug. 23 2005,11.90%
Aug. 22 2005,11.78%
Aug. 19 2005,11.79%
Aug. 18 2005,12.04%
Aug. 17 2005,12.01%
Aug. 16 2005,11.65%
Aug. 15 2005,11.39%
Aug. 12 2005,11.19%
Aug. 11 2005,11.14%
Aug. 10 2005,11.29%
Aug. 9 2005,11.51%
Aug. 8 2005,11.55%
Aug. 5 2005,11.83%
Aug. 4 2005,11.77%
Aug. 3 2005,11.78%
Aug. 2 2005,11.70%
Aug. 1 2005,11.89%
July 29 2005,12.16%
July 28 2005,12.03%
July 27 2005,12.26%
July 26 2005,12.30%
July 25 2005,12.23%
July 22 2005,12.36%
July 21 2005,12.69%
July 20 2005,12.69%
July 19 2005,12.75%
July 18 2005,12.97%
July 15 2005,12.85%
July 14 2005,12.74%
July 13 2005,12.30%
July 12 2005,12.30%
July 11 2005,12.57%
July 8 2005,12.64%
July 7 2005,12.62%
July 6 2005,12.87%
July 5 2005,12.49%
July 1 2005,12.77%
June 30 2005,13.29%
June 29 2005,10.75%
June 28 2005,10.65%
June 27 2005,10.34%
June 24 2005,10.49%
June 23 2005,10.55%
June 22 2005,10.63%
June 21 2005,10.87%
June 20 2005,10.51%
June 17 2005,10.46%
June 16 2005,10.69%
June 15 2005,10.89%
June 14 2005,11.04%
June 13 2005,11.10%
June 10 2005,11.06%
June 9 2005,11.07%
June 8 2005,11.35%
June 7 2005,11.54%
June 6 2005,11.51%
June 3 2005,11.49%
June 2 2005,11.59%
June 1 2005,11.58%
May 31 2005,11.85%
May 27 2005,11.75%
May 26 2005,11.88%
May 25 2005,11.99%
May 24 2005,12.08%
May 23 2005,12.20%
May 20 2005,12.43%
May 19 2005,12.30%
May 18 2005,12.55%
May 17 2005,12.64%
May 16 2005,12.85%
May 13 2005,12.67%
May 12 2005,12.48%
May 11 2005,11.85%
May 10 2005,11.81%
May 9 2005,11.66%
May 6 2005,11.89%
May 5 2005,11.95%
May 4 2005,12.09%
May 3 2005,12.30%
May 2 2005,12.01%
April 29 2005,12.34%
April 28 2005,12.53%
April 27 2005,12.16%
April 26 2005,12.00%
April 25 2005,11.85%
April 22 2005,11.98%
April 21 2005,12.17%
April 20 2005,12.46%
April 19 2005,12.45%
April 18 2005,12.79%
April 15 2005,13.06%
April 14 2005,12.53%
April 13 2005,12.59%
April 12 2005,12.18%
April 11 2005,11.85%
April 8 2005,12.03%
April 7 2005,11.87%
April 6 2005,11.87%
April 5 2005,12.04%
April 4 2005,11.91%
April 1 2005,11.91%
March 31 2005,12.24%
March 30 2005,12.21%
March 29 2005,12.42%
March 28 2005,12.32%
March 24 2005,12.26%
March 23 2005,12.30%
March 22 2005,12.21%
March 21 2005,11.87%
March 18 2005,11.92%
March 17 2005,11.93%
March 16 2005,12.20%
March 15 2005,12.26%
March 14 2005,12.09%
March 11 2005,12.18%
March 10 2005,12.24%
March 9 2005,11.96%
March 8 2005,11.56%
March 7 2005,11.48%
March 4 2005,11.47%
March 3 2005,11.66%
March 2 2005,11.93%
March 1 2005,11.96%
Feb. 28 2005,11.82%
Feb. 25 2005,12.00%
Feb. 24 2005,12.38%
Feb. 23 2005,12.64%
Feb. 22 2005,12.70%
Feb. 18 2005,12.56%
Feb. 17 2005,12.87%
Feb. 16 2005,12.75%
Feb. 15 2005,13.01%
Feb. 14 2005,13.23%
Feb. 11 2005,13.11%
Feb. 10 2005,13.24%
Feb. 9 2005,13.60%
Feb. 8 2005,13.75%
Feb. 7 2005,13.87%
Feb. 4 2005,13.81%
Feb. 3 2005,13.78%
Feb. 2 2005,13.99%
Feb. 1 2005,14.28%
Jan. 31 2005,14.45%
Jan. 28 2005,14.59%
Jan. 27 2005,14.39%
Jan. 26 2005,14.20%
Jan. 25 2005,14.28%
Jan. 24 2005,14.51%
Jan. 21 2005,14.70%
Jan. 20 2005,14.83%
Jan. 19 2005,14.55%
Jan. 18 2005,14.44%
Jan. 14 2005,14.61%
Jan. 13 2005,14.61%
Jan. 12 2005,14.76%
Jan. 11 2005,14.90%
Jan. 10 2005,15.01%
Jan. 7 2005,15.20%
Jan. 6 2005,15.42%
Jan. 5 2005,15.66%
Jan. 4 2005,15.47%
Jan. 3 2005,15.30%
Dec. 31 2004,14.88%
Dec. 30 2004,16.27%
Dec. 29 2004,16.38%
Dec. 28 2004,16.54%
Dec. 27 2004,16.53%
Dec. 23 2004,16.33%
Dec. 22 2004,16.42%
Dec. 21 2004,16.28%
Dec. 20 2004,16.41%
Dec. 17 2004,16.32%
Dec. 16 2004,16.33%
Dec. 15 2004,16.22%
Dec. 14 2004,16.45%
Dec. 13 2004,16.50%
Dec. 10 2004,16.61%
Dec. 9 2004,16.48%
Dec. 8 2004,16.50%
Dec. 7 2004,16.58%
Dec. 6 2004,16.31%
Dec. 3 2004,16.24%
Dec. 2 2004,16.31%
Dec. 1 2004,15.94%
Nov. 30 2004,15.44%
Nov. 29 2004,15.37%
Nov. 26 2004,15.28%
Nov. 24 2004,15.39%
Nov. 23 2004,15.52%
Nov. 22 2004,15.60%
Nov. 19 2004,15.88%
Nov. 18 2004,16.23%
Nov. 17 2004,16.29%
Nov. 16 2004,16.49%
Nov. 15 2004,16.54%
Nov. 12 2004,15.94%
Nov. 11 2004,16.27%
Nov. 10 2004,16.31%
Nov. 9 2004,16.27%
Nov. 8 2004,16.15%
Nov. 5 2004,15.85%
Nov. 4 2004,16.02%
Nov. 3 2004,16.22%
Nov. 2 2004,16.44%
Nov. 1 2004,16.18%
Oct. 29 2004,15.98%
Oct. 28 2004,16.17%
Oct. 27 2004,16.00%
Oct. 26 2004,15.48%
Oct. 25 2004,15.17%
Oct. 22 2004,15.11%
Oct. 21 2004,15.18%
Oct. 20 2004,15.09%
Oct. 19 2004,15.45%
Oct. 18 2004,15.32%
Oct. 15 2004,15.15%
Oct. 14 2004,15.13%
Oct. 13 2004,15.49%
Oct. 12 2004,14.97%
Oct. 11 2004,14.85%
Oct. 8 2004,14.77%
Oct. 7 2004,14.76%
Oct. 6 2004,14.46%
Oct. 5 2004,14.64%
Oct. 4 2004,14.61%
Oct. 1 2004,14.51%
Sept. 30 2004,14.75%
Sept. 29 2004,15.87%
Sept. 28 2004,15.61%
Sept. 27 2004,16.02%
Sept. 24 2004,15.99%
Sept. 23 2004,16.37%
Sept. 22 2004,16.20%
Sept. 21 2004,16.15%
Sept. 20 2004,16.66%
Sept. 17 2004,16.74%
Sept. 16 2004,17.00%
Sept. 15 2004,17.06%
Sept. 14 2004,17.02%
Sept. 13 2004,17.19%
Sept. 10 2004,17.31%
Sept. 9 2004,17.24%
Sept. 8 2004,17.51%
Sept. 7 2004,17.51%
Sept. 3 2004,17.56%
Sept. 2 2004,17.47%
Sept. 1 2004,17.69%
Aug. 31 2004,17.87%
Aug. 30 2004,18.29%
Aug. 27 2004,18.21%
Aug. 26 2004,18.33%
Aug. 25 2004,18.57%
Aug. 24 2004,18.89%
Aug. 23 2004,19.07%
Aug. 20 2004,18.85%
Aug. 19 2004,18.81%
Aug. 18 2004,18.73%
Aug. 17 2004,18.79%
Aug. 16 2004,18.19%
Aug. 13 2004,18.48%
Aug. 12 2004,18.60%
Aug. 11 2004,18.55%
Aug. 10 2004,18.25%
Aug. 9 2004,18.03%
Aug. 6 2004,18.42%
Aug. 5 2004,18.10%
Aug. 4 2004,17.73%
Aug. 3 2004,17.20%
Aug. 2 2004,17.28%
July 30 2004,17.25%
July 29 2004,17.32%
July 28 2004,17.56%
July 27 2004,17.61%
July 26 2004,17.74%
July 23 2004,17.64%
July 22 2004,17.47%
July 21 2004,17.53%
July 20 2004,17.25%
July 19 2004,17.32%
July 16 2004,17.26%
July 15 2004,17.44%
July 14 2004,17.56%
July 13 2004,17.75%
July 12 2004,17.66%
July 9 2004,17.45%
July 8 2004,17.35%
July 7 2004,17.47%
July 6 2004,17.03%
July 2 2004,17.11%
July 1 2004,17.29%
June 30 2004,17.24%
June 29 2004,16.62%
June 28 2004,16.63%
June 25 2004,16.47%
June 24 2004,16.53%
June 23 2004,16.42%
June 22 2004,16.84%
June 21 2004,16.78%
June 18 2004,16.81%
June 17 2004,16.94%
June 16 2004,17.31%
June 15 2004,17.66%
June 14 2004,18.02%
June 10 2004,17.83%
June 9 2004,18.14%
June 8 2004,17.82%
June 7 2004,17.96%
June 4 2004,18.49%
June 3 2004,18.26%
June 2 2004,17.93%
June 1 2004,17.96%
May 28 2004,18.45%
May 27 2004,18.65%
May 26 2004,18.26%
May 25 2004,18.37%
May 24 2004,18.77%
May 21 2004,18.93%
May 20 2004,18.93%
May 19 2004,18.92%
May 18 2004,18.76%
May 17 2004,18.58%
May 14 2004,18.31%
May 13 2004,18.48%
May 12 2004,18.15%
May 11 2004,18.41%
May 10 2004,18.83%
May 7 2004,18.12%
May 6 2004,17.82%
May 5 2004,17.85%
May 4 2004,17.92%
May 3 2004,18.18%
April 30 2004,18.33%
April 29 2004,18.12%
April 28 2004,17.98%
April 27 2004,17.50%
April 26 2004,17.88%
April 23 2004,18.05%
April 22 2004,18.11%
April 21 2004,18.40%
April 20 2004,18.47%
April 19 2004,17.93%
April 16 2004,17.87%
April 15 2004,18.09%
April 14 2004,18.43%
April 13 2004,18.27%
April 12 2004,18.06%
April 8 2004,18.30%
April 7 2004,18.69%
April 6 2004,18.55%
April 5 2004,18.55%
April 2 2004,18.77%
April 1 2004,18.71%
March 31 2004,18.27%
March 30 2004,19.55%
March 29 2004,20.29%
March 26 2004,20.29%
March 25 2004,20.76%
March 24 2004,19.80%
March 23 2004,19.29%
March 22 2004,19.11%
March 19 2004,18.81%
March 18 2004,18.05%
March 17 2004,18.16%
March 16 2004,18.54%
March 15 2004,18.51%
March 12 2004,18.51%
March 11 2004,18.73%
March 10 2004,18.33%
March 9 2004,18.07%
March 8 2004,18.00%
March 5 2004,18.09%
March 4 2004,18.27%
March 3 2004,18.17%
March 2 2004,18.23%
March 1 2004,17.72%
Feb. 27 2004,18.18%
Feb. 26 2004,18.55%
Feb. 25 2004,18.73%
Feb. 24 2004,18.81%
Feb. 23 2004,18.78%
Feb. 20 2004,18.86%
Feb. 19 2004,18.79%
Feb. 18 2004,18.85%
Feb. 17 2004,18.93%
Feb. 13 2004,19.08%
Feb. 12 2004,19.14%
Feb. 11 2004,19.07%
Feb. 10 2004,19.45%
Feb. 9 2004,19.64%
Feb. 6 2004,19.81%
Feb. 5 2004,20.18%
Feb. 4 2004,20.04%
Feb. 3 2004,19.46%
Feb. 2 2004,19.57%
Jan. 30 2004,19.67%
Jan. 29 2004,19.40%
Jan. 28 2004,19.10%
Jan. 27 2004,18.55%
Jan. 26 2004,18.49%
Jan. 23 2004,18.67%
Jan. 22 2004,18.73%
Jan. 21 2004,18.53%
Jan. 20 2004,18.73%
Jan. 16 2004,19.13%
Jan. 15 2004,19.07%
Jan. 14 2004,18.82%
Jan. 13 2004,18.67%
Jan. 12 2004,18.81%
Jan. 9 2004,18.79%
Jan. 8 2004,18.74%
Jan. 7 2004,18.82%
Jan. 6 2004,18.74%
Jan. 5 2004,18.75%
Jan. 2 2004,19.22%
Dec. 31 2003,19.31%
Dec. 30 2003,14.88%
Dec. 29 2003,14.95%
Dec. 26 2003,15.20%
Dec. 24 2003,15.25%
Dec. 23 2003,15.44%
Dec. 22 2003,15.40%
Dec. 19 2003,15.44%
Dec. 18 2003,15.45%
Dec. 17 2003,15.99%
Dec. 16 2003,16.15%
Dec. 15 2003,16.28%
Dec. 12 2003,16.07%
Dec. 11 2003,16.08%
Dec. 10 2003,16.30%
Dec. 9 2003,16.39%
Dec. 8 2003,16.43%
Dec. 5 2003,16.43%
Dec. 4 2003,16.46%
Dec. 3 2003,16.66%
Dec. 2 2003,16.45%
Dec. 1 2003,16.52%
Nov. 28 2003,16.77%
Nov. 26 2003,16.73%
Nov. 25 2003,16.74%
Nov. 24 2003,16.95%
Nov. 21 2003,16.98%
Nov. 20 2003,17.06%
Nov. 19 2003,17.02%
Nov. 18 2003,17.15%
Nov. 17 2003,16.92%
Nov. 14 2003,16.64%
Nov. 13 2003,16.77%
Nov. 12 2003,17.00%
Nov. 11 2003,17.06%
Nov. 10 2003,16.95%
Nov. 7 2003,16.69%
Nov. 6 2003,16.88%
Nov. 5 2003,16.91%
Nov. 4 2003,16.92%
Nov. 3 2003,16.72%
Oct. 31 2003,16.79%
Oct. 30 2003,17.03%
Oct. 29 2003,17.01%
Oct. 28 2003,16.93%
Oct. 27 2003,16.81%
Oct. 24 2003,16.96%
Oct. 23 2003,16.80%
Oct. 22 2003,16.76%
Oct. 21 2003,16.62%
Oct. 20 2003,16.57%
Oct. 17 2003,16.51%
Oct. 16 2003,16.44%
Oct. 15 2003,16.48%
Oct. 14 2003,16.41%
Oct. 13 2003,16.36%
Oct. 10 2003,16.43%
Oct. 9 2003,16.78%
Oct. 8 2003,16.83%
Oct. 7 2003,16.86%
Oct. 6 2003,17.10%
Oct. 3 2003,17.14%
Oct. 2 2003,17.17%
Oct. 1 2003,17.05%
Sept. 30 2003,17.42%
Sept. 29 2003,14.32%
Sept. 26 2003,14.32%
Sept. 25 2003,14.38%
Sept. 24 2003,14.23%
Sept. 23 2003,14.30%
Sept. 22 2003,14.30%
Sept. 19 2003,14.23%
Sept. 18 2003,14.29%
Sept. 17 2003,14.36%
Sept. 16 2003,14.20%
Sept. 15 2003,14.08%
Sept. 12 2003,14.09%
Sept. 11 2003,14.19%
Sept. 10 2003,14.09%
Sept. 9 2003,13.95%
Sept. 8 2003,13.72%
Sept. 5 2003,14.04%
Sept. 4 2003,14.01%
Sept. 3 2003,14.09%
Sept. 2 2003,14.23%
Aug. 29 2003,14.47%
Aug. 28 2003,14.58%
Aug. 27 2003,14.71%
Aug. 26 2003,14.98%
Aug. 25 2003,14.88%
Aug. 22 2003,15.04%
Aug. 21 2003,14.83%
Aug. 20 2003,15.00%
Aug. 19 2003,14.94%
Aug. 18 2003,14.91%
Aug. 15 2003,14.74%
Aug. 14 2003,14.77%
Aug. 13 2003,14.81%
Aug. 12 2003,15.08%
Aug. 11 2003,15.14%
Aug. 8 2003,15.55%
Aug. 7 2003,15.83%
Aug. 6 2003,15.90%
Aug. 5 2003,16.13%
Aug. 4 2003,15.99%
Aug. 1 2003,15.86%
July 31 2003,15.68%
July 30 2003,15.68%
July 29 2003,15.71%
July 28 2003,15.51%
July 25 2003,15.34%
July 24 2003,15.47%
July 23 2003,15.51%
July 22 2003,15.44%
July 21 2003,15.48%
July 18 2003,15.20%
July 17 2003,15.53%
July 16 2003,15.72%
July 15 2003,15.70%
July 14 2003,15.43%
July 11 2003,15.36%
July 10 2003,15.43%
July 9 2003,15.11%
July 8 2003,15.11%
July 7 2003,15.26%
July 3 2003,15.21%
July 2 2003,15.17%
July 1 2003,15.22%
June 30 2003,15.31%
June 27 2003,13.90%
June 26 2003,13.94%
June 25 2003,13.92%
June 24 2003,13.95%
June 23 2003,13.77%
June 20 2003,13.59%
June 19 2003,13.77%
June 18 2003,13.71%
June 17 2003,13.66%
June 16 2003,13.50%
June 13 2003,13.71%
June 12 2003,13.68%
June 11 2003,13.50%
June 10 2003,13.82%
June 9 2003,13.89%
June 6 2003,13.76%
June 5 2003,13.78%
June 4 2003,13.86%
June 3 2003,13.95%
June 2 2003,14.09%
May 30 2003,14.17%
May 29 2003,14.37%
May 28 2003,14.36%
May 27 2003,14.23%
May 23 2003,14.55%
May 22 2003,14.88%
May 21 2003,14.97%
May 20 2003,15.23%
May 19 2003,15.24%
May 16 2003,14.77%
May 15 2003,14.83%
May 14 2003,15.00%
May 13 2003,15.17%
May 12 2003,15.46%
May 9 2003,15.51%
May 8 2003,15.43%
May 7 2003,15.28%
May 6 2003,15.56%
May 5 2003,15.71%
May 2 2003,15.72%
May 1 2003,15.97%
April 30 2003,16.01%
April 29 2003,16.16%
April 28 2003,15.88%
April 25 2003,16.08%
April 24 2003,15.95%
April 23 2003,15.89%
April 22 2003,15.70%
April 21 2003,15.76%
April 17 2003,15.70%
April 16 2003,15.77%
April 15 2003,15.51%
April 14 2003,15.71%
April 11 2003,15.82%
April 10 2003,15.77%
April 9 2003,15.64%
April 8 2003,15.60%
April 7 2003,15.38%
April 4 2003,15.19%
April 3 2003,15.33%
April 2 2003,15.09%
April 1 2003,14.94%
March 31 2003,15.21%
March 28 2003,10.36%
March 27 2003,10.43%
March 26 2003,10.58%
March 25 2003,10.61%
March 24 2003,10.71%
March 21 2003,10.74%
March 20 2003,10.59%
March 19 2003,10.67%
March 18 2003,10.77%
March 17 2003,10.88%
March 14 2003,11.19%
March 13 2003,11.07%
March 12 2003,11.08%
March 11 2003,10.76%
March 10 2003,10.64%
March 7 2003,10.62%
March 6 2003,10.68%
March 5 2003,10.65%
March 4 2003,10.87%
March 3 2003,10.81%
Feb. 28 2003,10.78%
Feb. 27 2003,10.98%
Feb. 26 2003,10.99%
Feb. 25 2003,11.06%
Feb. 24 2003,11.04%
Feb. 21 2003,11.10%
Feb. 20 2003,11.29%
Feb. 19 2003,11.28%
Feb. 18 2003,11.11%
Feb. 14 2003,11.61%
Feb. 13 2003,11.54%
Feb. 12 2003,11.48%
Feb. 11 2003,11.19%
Feb. 10 2003,11.26%
Feb. 7 2003,11.44%
Feb. 6 2003,11.34%
Feb. 5 2003,11.31%
Feb. 4 2003,11.40%
Feb. 3 2003,11.64%
Jan. 31 2003,11.91%
Jan. 30 2003,11.86%
Jan. 29 2003,11.70%
Jan. 28 2003,12.27%
Jan. 27 2003,12.33%
Jan. 24 2003,12.04%
Jan. 23 2003,11.80%
Jan. 22 2003,11.89%
Jan. 21 2003,11.76%
Jan. 17 2003,11.52%
Jan. 16 2003,11.40%
Jan. 15 2003,11.47%
Jan. 14 2003,11.50%
Jan. 13 2003,11.60%
Jan. 10 2003,11.66%
Jan. 9 2003,11.66%
Jan. 8 2003,11.73%
Jan. 7 2003,11.64%
Jan. 6 2003,11.15%
Jan. 3 2003,11.57%
Jan. 2 2003,11.46%
Dec. 31 2002,11.70%
Dec. 30 2002,-13.30%
Dec. 27 2002,-13.39%
Dec. 26 2002,-13.13%
Dec. 24 2002,-13.14%
Dec. 23 2002,-13.03%
Dec. 20 2002,-13.16%
Dec. 19 2002,-13.41%
Dec. 18 2002,-13.34%
Dec. 17 2002,-13.16%
Dec. 16 2002,-13.00%
Dec. 13 2002,-13.27%
Dec. 12 2002,-13.27%
Dec. 11 2002,-13.41%
Dec. 10 2002,-13.37%
Dec. 9 2002,-13.45%
Dec. 6 2002,-13.62%
Dec. 5 2002,-13.85%
Dec. 4 2002,-14.10%
Dec. 3 2002,-13.85%
Dec. 2 2002,-13.94%
Nov. 29 2002,-14.18%
Nov. 27 2002,-14.33%
Nov. 26 2002,-14.52%
Nov. 25 2002,-14.14%
Nov. 22 2002,-14.11%
Nov. 21 2002,-14.08%
Nov. 20 2002,-14.35%
Nov. 19 2002,-14.84%
Nov. 18 2002,-14.78%
Nov. 15 2002,-14.92%
Nov. 14 2002,-14.49%
Nov. 13 2002,-13.90%
Nov. 12 2002,-13.67%
Nov. 11 2002,-13.76%
Nov. 8 2002,-13.68%
Nov. 7 2002,-13.73%
Nov. 6 2002,-13.52%
Nov. 5 2002,-13.79%
Nov. 4 2002,-13.87%
Nov. 1 2002,-13.60%
Oct. 31 2002,-13.56%
Oct. 30 2002,-13.64%
Oct. 29 2002,-14.17%
Oct. 28 2002,-13.87%
Oct. 25 2002,-13.80%
Oct. 24 2002,-13.60%
Oct. 23 2002,-13.25%
Oct. 22 2002,-13.39%
Oct. 21 2002,-13.00%
Oct. 18 2002,-12.74%
Oct. 17 2002,-12.68%
Oct. 16 2002,-13.00%
Oct. 15 2002,-12.75%
Oct. 14 2002,-13.08%
Oct. 11 2002,-13.42%
Oct. 10 2002,-13.67%
Oct. 9 2002,-13.88%
Oct. 8 2002,-13.36%
Oct. 7 2002,-13.12%
Oct. 4 2002,-12.83%
Oct. 3 2002,-12.52%
Oct. 2 2002,-12.54%
Oct. 1 2002,-12.30%
Sept. 30 2002,-12.50%
Sept. 27 2002,-10.61%
Sept. 26 2002,-10.53%
Sept. 25 2002,-10.94%
Sept. 24 2002,-10.94%
Sept. 23 2002,-10.60%
Sept. 20 2002,-10.45%
Sept. 19 2002,-10.51%
Sept. 18 2002,-10.27%
Sept. 17 2002,-10.21%
Sept. 16 2002,-9.83%
Sept. 13 2002,-9.87%
Sept. 12 2002,-9.92%
Sept. 11 2002,-9.57%
Sept. 10 2002,-9.59%
Sept. 9 2002,-9.73%
Sept. 6 2002,-9.86%
Sept. 5 2002,-9.99%
Sept. 4 2002,-10.01%
Sept. 3 2002,-10.13%
Aug. 30 2002,-9.82%
Aug. 29 2002,-9.92%
Aug. 28 2002,-9.83%
Aug. 27 2002,-9.70%
Aug. 26 2002,-9.84%
Aug. 23 2002,-9.94%
Aug. 22 2002,-9.78%
Aug. 21 2002,-10.00%
Aug. 20 2002,-10.11%
Aug. 19 2002,-9.74%
Aug. 16 2002,-9.57%
Aug. 15 2002,-9.53%
Aug. 14 2002,-9.74%
Aug. 13 2002,-10.06%
Aug. 12 2002,-9.97%
Aug. 9 2002,-9.88%
Aug. 8 2002,-10.17%
Aug. 7 2002,-10.47%
Aug. 6 2002,-10.83%
Aug. 5 2002,-11.28%
Aug. 2 2002,-10.90%
Aug. 1 2002,-10.66%
July 31 2002,-10.02%
July 30 2002,-10.42%
July 29 2002,-10.41%
July 26 2002,-10.97%
July 25 2002,-11.19%
July 24 2002,-10.91%
July 23 2002,-11.41%
July 22 2002,-11.27%
July 19 2002,-10.66%
July 18 2002,-10.08%
July 17 2002,-10.09%
July 16 2002,-10.16%
July 15 2002,-10.17%
July 12 2002,-9.86%
July 11 2002,-9.78%
July 10 2002,-9.50%
July 9 2002,-9.37%
July 8 2002,-9.17%
July 5 2002,-9.34%
July 3 2002,-9.34%
July 2 2002,-9.31%
July 1 2002,-9.12%
June 28 2002,-1.55%
June 27 2002,-1.58%
June 26 2002,-1.59%
June 25 2002,-1.57%
June 24 2002,-1.59%
June 21 2002,-1.60%
June 20 2002,-1.58%
June 19 2002,-1.57%
June 18 2002,-1.56%
June 17 2002,-1.55%
June 14 2002,-1.59%
June 13 2002,-1.60%
June 12 2002,-1.62%
June 11 2002,-1.63%
June 10 2002,-1.62%
June 7 2002,-1.59%
June 6 2002,-1.60%
June 5 2002,-1.58%
June 4 2002,-1.57%
June 3 2002,-1.56%
May 31 2002,-1.53%
May 30 2002,-1.54%
May 29 2002,-1.50%
May 28 2002,-1.49%
May 24 2002,-1.48%
May 23 2002,-1.46%
May 22 2002,-1.47%
May 21 2002,-1.48%
May 20 2002,-1.49%
May 17 2002,-1.48%
May 16 2002,-1.47%
May 15 2002,-1.49%
May 14 2002,-1.45%
May 13 2002,-1.46%
May 10 2002,-1.48%
May 9 2002,-1.48%
May 8 2002,-1.47%
May 7 2002,-1.49%
May 6 2002,-1.49%
May 3 2002,-1.44%
May 2 2002,-1.45%
May 1 2002,-1.43%
April 30 2002,-1.45%
April 29 2002,-1.45%
April 26 2002,-1.45%
April 25 2002,-1.44%
April 24 2002,-1.45%
April 23 2002,-1.43%
April 22 2002,-1.43%
April 19 2002,-1.41%
April 18 2002,-1.42%
April 17 2002,-1.45%
April 16 2002,-1.47%
April 15 2002,-1.48%
April 12 2002,-1.51%
April 11 2002,-1.46%
April 10 2002,-1.46%
April 9 2002,-1.49%
April 8 2002,-1.46%
April 5 2002,-1.50%
April 4 2002,-1.49%
April 3 2002,-1.46%
April 2 2002,-1.45%
April 1 2002,-1.45%
March 28 2002,5.68%
March 27 2002,5.68%
March 26 2002,5.73%
March 25 2002,5.75%
March 22 2002,5.75%
March 21 2002,5.65%
March 20 2002,5.64%
March 19 2002,5.53%
March 18 2002,5.49%
March 15 2002,5.53%
March 14 2002,5.60%
March 13 2002,5.56%
March 12 2002,5.55%
March 11 2002,5.68%
March 8 2002,5.80%
March 7 2002,5.75%
March 6 2002,5.72%
March 5 2002,5.84%
March 4 2002,5.74%
March 1 2002,5.80%
Feb. 28 2002,5.95%
Feb. 27 2002,5.94%
Feb. 26 2002,5.90%
Feb. 25 2002,5.80%
Feb. 22 2002,5.89%
Feb. 21 2002,5.97%
Feb. 20 2002,6.04%
Feb. 19 2002,6.00%
Feb. 15 2002,5.88%
Feb. 14 2002,5.93%
Feb. 13 2002,5.98%
Feb. 12 2002,5.95%
Feb. 11 2002,5.93%
Feb. 8 2002,5.95%
Feb. 7 2002,5.91%
Feb. 6 2002,5.83%
Feb. 5 2002,5.89%
Feb. 4 2002,5.91%
Feb. 1 2002,5.76%
Jan. 31 2002,5.83%
Jan. 30 2002,5.90%
Jan. 29 2002,5.97%
Jan. 28 2002,5.84%
Jan. 25 2002,5.74%
Jan. 24 2002,5.72%
Jan. 23 2002,5.84%
Jan. 22 2002,5.97%
Jan. 18 2002,5.95%
Jan. 17 2002,5.85%
Jan. 16 2002,5.83%
Jan. 15 2002,5.68%
Jan. 14 2002,5.78%
Jan. 11 2002,5.68%
Jan. 10 2002,5.60%
Jan. 9 2002,5.45%
Jan. 8 2002,5.46%
Jan. 7 2002,5.45%
Jan. 4 2002,5.49%
Jan. 3 2002,5.57%
Jan. 2 2002,5.50%
Dec. 31 2001,5.45%
Dec. 28 2001,14.90%
Dec. 27 2001,15.00%
Dec. 26 2001,15.15%
Dec. 24 2001,15.45%
Dec. 21 2001,15.55%
Dec. 20 2001,15.86%
Dec. 19 2001,15.89%
Dec. 18 2001,16.09%
Dec. 17 2001,16.27%
Dec. 14 2001,16.10%
Dec. 13 2001,16.38%
Dec. 12 2001,16.16%
Dec. 11 2001,16.33%
Dec. 10 2001,16.30%
Dec. 7 2001,15.98%
Dec. 6 2001,16.25%
Dec. 5 2001,15.78%
Dec. 4 2001,15.99%
Dec. 3 2001,16.21%
Nov. 30 2001,16.41%
Nov. 29 2001,16.49%
Nov. 28 2001,16.62%
Nov. 27 2001,16.33%
Nov. 26 2001,16.45%
Nov. 23 2001,16.20%
Nov. 21 2001,16.59%
Nov. 20 2001,16.46%
Nov. 19 2001,17.25%
Nov. 16 2001,17.18%
Nov. 15 2001,17.54%
Nov. 14 2001,16.87%
Nov. 13 2001,16.17%
Nov. 12 2001,16.16%
Nov. 9 2001,15.96%
Nov. 8 2001,16.32%
Nov. 7 2001,16.55%
Nov. 6 2001,16.72%
Nov. 5 2001,16.39%
Nov. 2 2001,16.40%
Nov. 1 2001,15.81%
Oct. 31 2001,16.26%
Oct. 30 2001,16.45%
Oct. 29 2001,15.86%
Oct. 26 2001,15.71%
Oct. 25 2001,16.00%
Oct. 24 2001,16.09%
Oct. 23 2001,15.92%
Oct. 22 2001,15.90%
Oct. 19 2001,15.91%
Oct. 18 2001,16.05%
Oct. 17 2001,15.47%
Oct. 16 2001,15.28%
Oct. 15 2001,15.47%
Oct. 12 2001,15.10%
Oct. 11 2001,15.00%
Oct. 10 2001,14.94%
Oct. 9 2001,15.35%
Oct. 8 2001,15.55%
Oct. 5 2001,15.44%
Oct. 4 2001,15.65%
Oct. 3 2001,15.98%
Oct. 2 2001,16.20%
Oct. 1 2001,16.99%
Sept. 28 2001,15.81%
Sept. 27 2001,16.30%
Sept. 26 2001,16.73%
Sept. 25 2001,16.59%
Sept. 24 2001,16.59%
Sept. 21 2001,15.81%
Sept. 20 2001,15.22%
Sept. 19 2001,15.16%
Sept. 18 2001,14.22%
Sept. 17 2001,13.73%
Sept. 10 2001,13.26%
Sept. 7 2001,13.06%
Sept. 6 2001,13.18%
Sept. 5 2001,13.33%
Sept. 4 2001,13.42%
Aug. 31 2001,13.42%
Aug. 30 2001,13.42%
Aug. 29 2001,13.45%
Aug. 28 2001,13.63%
Aug. 27 2001,13.71%
Aug. 24 2001,13.69%
Aug. 23 2001,13.83%
Aug. 22 2001,13.81%
Aug. 21 2001,13.88%
Aug. 20 2001,13.89%
Aug. 17 2001,13.84%
Aug. 16 2001,13.65%
Aug. 15 2001,13.63%
Aug. 14 2001,14.01%
Aug. 13 2001,14.06%
Aug. 10 2001,14.10%
Aug. 9 2001,14.26%
Aug. 8 2001,14.33%
Aug. 7 2001,14.19%
Aug. 6 2001,14.33%
Aug. 3 2001,14.29%
Aug. 2 2001,14.15%
Aug. 1 2001,14.29%
July 31 2001,14.26%
July 30 2001,14.21%
July 27 2001,14.18%
July 26 2001,14.25%
July 25 2001,14.66%
July 24 2001,15.30%
July 23 2001,14.97%
July 20 2001,14.99%
July 19 2001,15.11%
July 18 2001,15.47%
July 17 2001,15.03%
July 16 2001,15.05%
July 13 2001,14.81%
July 12 2001,15.02%
July 11 2001,14.98%
July 10 2001,14.77%
July 9 2001,14.73%
July 6 2001,14.34%
July 5 2001,14.57%
July 3 2001,14.80%
July 2 2001,14.65%
June 29 2001,10.75%
June 28 2001,11.25%
June 27 2001,10.90%
June 26 2001,10.50%
June 25 2001,10.57%
June 22 2001,10.51%
June 21 2001,10.64%
June 20 2001,10.36%
June 19 2001,10.09%
June 18 2001,10.12%
June 15 2001,10.02%
June 14 2001,10.06%
June 13 2001,9.96%
June 12 2001,9.83%
June 11 2001,9.93%
June 8 2001,9.92%
June 7 2001,10.01%
June 6 2001,9.93%
June 5 2001,9.59%
June 4 2001,9.69%
June 1 2001,9.87%
May 31 2001,9.81%
May 30 2001,9.84%
May 29 2001,9.77%
May 25 2001,9.80%
May 24 2001,9.69%
May 23 2001,9.82%
May 22 2001,9.63%
May 21 2001,9.49%
May 18 2001,9.50%
May 17 2001,9.62%
May 16 2001,9.52%
May 15 2001,9.71%
May 14 2001,9.82%
May 11 2001,9.97%
May 10 2001,9.95%
May 9 2001,9.94%
May 8 2001,10.21%
May 7 2001,10.24%
May 4 2001,10.34%
May 3 2001,10.53%
May 2 2001,10.49%
May 1 2001,10.02%
April 30 2001,9.92%
April 27 2001,10.04%
April 26 2001,10.00%
April 25 2001,9.96%
April 24 2001,9.93%
April 23 2001,10.11%
April 20 2001,10.68%
April 19 2001,10.89%
April 18 2001,10.72%
April 17 2001,10.60%
April 16 2001,10.65%
April 12 2001,10.92%
April 11 2001,11.19%
April 10 2001,11.01%
April 9 2001,11.15%
April 6 2001,11.41%
April 5 2001,11.48%
April 4 2001,11.88%
April 3 2001,12.03%
April 2 2001,11.89%
March 30 2001,7.43%
March 29 2001,7.50%
March 28 2001,7.47%
March 27 2001,7.41%
March 26 2001,7.48%
March 23 2001,7.55%
March 22 2001,7.58%
March 21 2001,7.28%
March 20 2001,7.05%
March 19 2001,7.08%
March 16 2001,7.22%
March 15 2001,7.20%
March 14 2001,7.09%
March 13 2001,7.03%
March 12 2001,6.91%
March 9 2001,6.82%
March 8 2001,6.78%
March 7 2001,6.80%
March 6 2001,6.98%
March 5 2001,7.03%
March 2 2001,7.14%
March 1 2001,7.25%
Feb. 28 2001,7.25%
Feb. 27 2001,7.18%
Feb. 26 2001,7.16%
Feb. 23 2001,7.19%
Feb. 22 2001,7.17%
Feb. 21 2001,7.15%
Feb. 20 2001,7.07%
Feb. 16 2001,7.11%
Feb. 15 2001,7.02%
Feb. 14 2001,6.97%
Feb. 13 2001,7.02%
Feb. 12 2001,6.92%
Feb. 9 2001,6.97%
Feb. 8 2001,7.09%
Feb. 7 2001,7.08%
Feb. 6 2001,7.06%
Feb. 5 2001,7.16%
Feb. 2 2001,7.25%
Feb. 1 2001,7.41%
Jan. 31 2001,7.32%
Jan. 30 2001,7.41%
Jan. 29 2001,7.29%
Jan. 26 2001,7.36%
Jan. 25 2001,7.31%
Jan. 24 2001,7.33%
Jan. 23 2001,7.28%
Jan. 22 2001,7.41%
Jan. 19 2001,7.41%
Jan. 18 2001,7.47%
Jan. 17 2001,7.30%
Jan. 16 2001,7.15%
Jan. 12 2001,7.23%
Jan. 11 2001,7.30%
Jan. 10 2001,7.28%
Jan. 9 2001,7.26%
Jan. 8 2001,7.17%
Jan. 5 2001,7.09%
Jan. 4 2001,7.30%
Jan. 3 2001,7.33%
Jan. 2 2001,7.17%
Dec. 29 2000,13.70%
Dec. 28 2000,13.22%
Dec. 27 2000,13.37%
Dec. 26 2000,13.61%
Dec. 22 2000,14.05%
Dec. 21 2000,14.25%
Dec. 20 2000,14.55%
Dec. 19 2000,14.25%
Dec. 18 2000,14.45%
Dec. 15 2000,14.69%
Dec. 14 2000,14.95%
Dec. 13 2000,14.42%
Dec. 12 2000,14.42%
Dec. 11 2000,14.52%
Dec. 8 2000,14.38%
Dec. 7 2000,14.25%
Dec. 6 2000,14.25%
Dec. 5 2000,14.25%
Dec. 4 2000,14.15%
Dec. 1 2000,14.08%
Nov. 30 2000,14.42%
Nov. 29 2000,13.83%
Nov. 28 2000,13.37%
Nov. 27 2000,13.49%
Nov. 24 2000,13.61%
Nov. 22 2000,13.61%
Nov. 21 2000,13.64%
Nov. 20 2000,13.76%
Nov. 17 2000,13.70%
Nov. 16 2000,13.70%
Nov. 15 2000,13.83%
Nov. 14 2000,13.92%
Nov. 13 2000,14.05%
Nov. 10 2000,13.98%
Nov. 9 2000,14.31%
Nov. 8 2000,14.08%
Nov. 7 2000,13.92%
Nov. 6 2000,13.95%
Nov. 3 2000,13.83%
Nov. 2 2000,13.83%
Nov. 1 2000,13.52%
Oct. 31 2000,13.98%
Oct. 30 2000,14.02%
Oct. 27 2000,14.48%
Oct. 26 2000,14.28%
Oct. 25 2000,14.38%
Oct. 24 2000,13.98%
Oct. 23 2000,13.73%
Oct. 20 2000,13.37%
Oct. 19 2000,13.67%
Oct. 18 2000,13.83%
Oct. 17 2000,13.34%
Oct. 16 2000,13.31%
Oct. 13 2000,13.28%
Oct. 12 2000,12.75%
Oct. 11 2000,13.11%
Oct. 10 2000,13.05%
Oct. 9 2000,13.40%
Oct. 6 2000,13.92%
Oct. 5 2000,13.73%
Oct. 4 2000,13.58%
Oct. 3 2000,13.20%
Oct. 2 2000,13.03%
Sept. 29 2000,15.30%
Sept. 28 2000,15.37%
Sept. 27 2000,15.37%
Sept. 26 2000,15.82%
Sept. 25 2000,16.35%
Sept. 22 2000,16.01%
Sept. 21 2000,15.61%
Sept. 20 2000,15.30%
Sept. 19 2000,15.37%
Sept. 18 2000,14.94%
Sept. 15 2000,14.91%
Sept. 14 2000,15.47%
Sept. 13 2000,15.40%
Sept. 12 2000,15.00%
Sept. 11 2000,14.84%
Sept. 8 2000,15.30%
Sept. 7 2000,15.30%
Sept. 6 2000,15.14%
Sept. 5 2000,15.51%
Sept. 1 2000,15.75%
Aug. 31 2000,15.82%
Aug. 30 2000,15.90%
Aug. 29 2000,15.68%
Aug. 28 2000,16.16%
Aug. 25 2000,15.93%
Aug. 24 2000,16.27%
Aug. 23 2000,15.40%
Aug. 22 2000,15.79%
Aug. 21 2000,15.93%
Aug. 18 2000,16.08%
Aug. 17 2000,15.75%
Aug. 16 2000,16.04%
Aug. 15 2000,16.31%
Aug. 14 2000,16.35%
Aug. 11 2000,16.42%
Aug. 10 2000,16.27%
Aug. 9 2000,16.66%
Aug. 8 2000,17.03%
Aug. 7 2000,16.82%
Aug. 4 2000,16.82%
Aug. 3 2000,16.86%
Aug. 2 2000,17.28%
Aug. 1 2000,17.72%
July 31 2000,17.86%
July 28 2000,17.72%
July 27 2000,17.54%
July 26 2000,18.33%
July 25 2000,18.23%
July 24 2000,18.09%
July 21 2000,17.68%
July 20 2000,17.07%
July 19 2000,17.11%
July 18 2000,16.99%
July 17 2000,17.07%
July 14 2000,16.86%
July 13 2000,17.15%
July 12 2000,17.07%
July 11 2000,16.70%
July 10 2000,17.20%
July 7 2000,17.63%
July 6 2000,17.68%
July 5 2000,17.72%
July 3 2000,16.86%
June 30 2000,17.32%
June 29 2000,12.14%
June 28 2000,12.32%
June 27 2000,12.20%
June 26 2000,12.06%
June 23 2000,11.86%
June 22 2000,11.86%
June 21 2000,11.67%
June 20 2000,11.86%
June 19 2000,11.86%
June 16 2000,11.52%
June 15 2000,11.94%
June 14 2000,11.32%
June 13 2000,11.62%
June 12 2000,11.57%
June 9 2000,12.14%
June 8 2000,11.97%
June 7 2000,12.29%
June 6 2000,12.06%
June 5 2000,12.46%
June 2 2000,12.26%
June 1 2000,12.00%
May 31 2000,11.86%
May 30 2000,12.52%
May 26 2000,12.46%
May 25 2000,13.13%
May 24 2000,12.77%
May 23 2000,12.87%
May 22 2000,12.87%
May 19 2000,12.71%
May 18 2000,12.71%
May 17 2000,12.52%
May 16 2000,12.87%
May 15 2000,12.59%
May 12 2000,12.90%
May 11 2000,13.03%
May 10 2000,13.80%
May 9 2000,13.65%
May 8 2000,13.37%
May 5 2000,13.61%
May 4 2000,13.83%
May 3 2000,14.02%
May 2 2000,13.51%
May 1 2000,13.95%
April 28 2000,13.83%
April 27 2000,13.30%
April 26 2000,13.40%
April 25 2000,13.30%
April 24 2000,13.65%
April 20 2000,13.61%
April 19 2000,12.68%
April 18 2000,13.47%
April 17 2000,13.65%
April 14 2000,13.26%
April 13 2000,12.80%
April 12 2000,12.62%
April 11 2000,13.30%
April 10 2000,13.51%
April 7 2000,13.13%
April 6 2000,13.06%
April 5 2000,13.26%
April 4 2000,12.77%
April 3 2000,12.49%
March 31 2000,12.37%
March 30 2000,10.22%
March 29 2000,10.81%
March 28 2000,11.43%
March 27 2000,11.10%
March 24 2000,11.34%
March 23 2000,11.34%
March 22 2000,10.78%
March 21 2000,10.56%
March 20 2000,10.69%
March 17 2000,10.61%
March 16 2000,9.95%
March 15 2000,10.27%
March 14 2000,10.45%
March 13 2000,10.32%
March 10 2000,10.32%
March 9 2000,10.32%
March 8 2000,10.50%
March 7 2000,10.35%
March 6 2000,11.16%
March 3 2000,11.13%
March 2 2000,10.95%
March 1 2000,11.50%
Feb. 29 2000,11.93%
Feb. 28 2000,12.11%
Feb. 25 2000,12.14%
Feb. 24 2000,11.97%
Feb. 23 2000,11.76%
Feb. 22 2000,11.22%
Feb. 18 2000,11.10%
Feb. 17 2000,10.61%
Feb. 16 2000,10.56%
Feb. 15 2000,10.78%
Feb. 14 2000,11.04%
Feb. 11 2000,11.22%
Feb. 10 2000,10.78%
Feb. 9 2000,11.04%
Feb. 8 2000,10.56%
Feb. 7 2000,10.32%
Feb. 4 2000,10.61%
Feb. 3 2000,10.29%
Feb. 2 2000,10.09%
Feb. 1 2000,10.45%
Jan. 31 2000,10.04%
Jan. 28 2000,10.58%
Jan. 27 2000,10.58%
Jan. 26 2000,10.32%
Jan. 25 2000,10.40%
Jan. 24 2000,10.17%
Jan. 21 2000,9.69%
Jan. 20 2000,10.02%
Jan. 19 2000,9.67%
Jan. 18 2000,9.76%
Jan. 14 2000,9.92%
Jan. 13 2000,9.92%
Jan. 12 2000,9.95%
Jan. 11 2000,9.85%
Jan. 10 2000,9.95%
Jan. 7 2000,9.47%
Jan. 6 2000,9.83%
Jan. 5 2000,10.72%
Jan. 4 2000,11.01%
Jan. 3 2000,10.64%
Dec. 31 1999,10.45%
Dec. 30 1999,11.43%
Dec. 29 1999,11.12%
Dec. 28 1999,11.07%
Dec. 27 1999,11.04%
Dec. 23 1999,10.75%
Dec. 22 1999,11.26%
Dec. 21 1999,10.99%
Dec. 20 1999,10.96%
Dec. 17 1999,10.20%
Dec. 16 1999,10.51%
Dec. 15 1999,10.65%
Dec. 14 1999,10.91%
Dec. 13 1999,10.99%
Dec. 10 1999,10.99%
Dec. 9 1999,11.20%
Dec. 8 1999,11.66%
Dec. 7 1999,11.37%
Dec. 6 1999,11.20%
Dec. 3 1999,11.01%
Dec. 2 1999,10.88%
Dec. 1 1999,10.68%
Nov. 30 1999,10.78%
Nov. 29 1999,10.68%
Nov. 26 1999,10.46%
Nov. 24 1999,10.29%
Nov. 23 1999,10.46%
Nov. 22 1999,9.96%
Nov. 19 1999,9.64%
Nov. 18 1999,9.54%
Nov. 17 1999,9.56%
Nov. 16 1999,9.60%
Nov. 15 1999,9.70%
Nov. 12 1999,9.66%
Nov. 11 1999,9.76%
Nov. 10 1999,9.76%
Nov. 9 1999,10.09%
Nov. 8 1999,10.25%
Nov. 5 1999,10.41%
Nov. 4 1999,10.27%
Nov. 3 1999,10.27%
Nov. 2 1999,9.96%
Nov. 1 1999,9.72%
Oct. 29 1999,9.79%
Oct. 28 1999,9.96%
Oct. 27 1999,9.83%
Oct. 26 1999,10.27%
Oct. 25 1999,10.02%
Oct. 22 1999,9.68%
Oct. 21 1999,9.96%
Oct. 20 1999,10.27%
Oct. 19 1999,10.39%
Oct. 18 1999,10.43%
Oct. 15 1999,10.53%
Oct. 14 1999,10.25%
Oct. 13 1999,10.18%
Oct. 12 1999,10.56%
Oct. 11 1999,10.56%
Oct. 8 1999,10.65%
Oct. 7 1999,10.53%
Oct. 6 1999,10.22%
Oct. 5 1999,10.36%
Oct. 4 1999,10.13%
Oct. 1 1999,10.02%
Sept. 30 1999,9.74%
Sept. 29 1999,6.84%
Sept. 28 1999,6.84%
Sept. 27 1999,6.62%
Sept. 24 1999,6.79%
Sept. 23 1999,6.57%
Sept. 22 1999,6.50%
Sept. 21 1999,6.51%
Sept. 20 1999,6.36%
Sept. 17 1999,6.17%
Sept. 16 1999,6.25%
Sept. 15 1999,6.26%
Sept. 14 1999,6.23%
Sept. 13 1999,6.22%
Sept. 10 1999,6.19%
Sept. 9 1999,6.00%
Sept. 8 1999,6.19%
Sept. 7 1999,6.31%
Sept. 3 1999,6.46%
Sept. 2 1999,6.49%
Sept. 1 1999,6.27%
Aug. 31 1999,6.41%
Aug. 30 1999,6.55%
Aug. 27 1999,6.69%
Aug. 26 1999,6.61%
Aug. 25 1999,6.61%
Aug. 24 1999,6.45%
Aug. 23 1999,6.26%
Aug. 20 1999,6.35%
Aug. 19 1999,6.33%
Aug. 18 1999,6.33%
Aug. 17 1999,6.28%
Aug. 16 1999,6.28%
Aug. 13 1999,6.20%
Aug. 12 1999,6.16%
Aug. 11 1999,6.19%
Aug. 10 1999,6.23%
Aug. 9 1999,6.26%
Aug. 6 1999,6.42%
Aug. 5 1999,6.54%
Aug. 4 1999,6.64%
Aug. 3 1999,6.54%
Aug. 2 1999,6.55%
July 30 1999,6.57%
July 29 1999,6.60%
July 28 1999,6.45%
July 27 1999,6.42%
July 26 1999,6.41%
July 23 1999,6.47%
July 22 1999,6.49%
July 21 1999,6.32%
July 20 1999,6.40%
July 19 1999,6.17%
July 16 1999,6.07%
July 15 1999,6.05%
July 14 1999,6.08%
July 13 1999,6.20%
July 12 1999,6.00%
July 9 1999,6.21%
July 8 1999,6.11%
July 7 1999,6.06%
July 6 1999,6.06%
July 2 1999,6.19%
July 1 1999,6.16%
June 30 1999,6.13%
June 29 1999,6.90%
June 28 1999,6.91%
June 25 1999,6.94%
June 24 1999,6.88%
June 23 1999,6.75%
June 22 1999,6.86%
June 21 1999,6.87%
June 18 1999,6.76%
June 17 1999,6.83%
June 16 1999,6.82%
June 15 1999,6.78%
June 14 1999,6.83%
June 11 1999,6.92%
June 10 1999,6.92%
June 9 1999,7.05%
June 8 1999,7.30%
June 7 1999,7.08%
June 4 1999,7.12%
June 3 1999,7.14%
June 2 1999,7.36%
June 1 1999,7.49%
May 28 1999,7.32%
May 27 1999,7.39%
May 26 1999,7.18%
May 25 1999,7.62%
May 24 1999,7.42%
May 21 1999,7.02%
May 20 1999,7.30%
May 19 1999,7.36%
May 18 1999,7.58%
May 17 1999,7.57%
May 14 1999,7.36%
May 13 1999,7.39%
May 12 1999,7.57%
May 11 1999,7.25%
May 10 1999,7.25%
May 7 1999,7.21%
May 6 1999,7.09%
May 5 1999,7.12%
May 4 1999,7.17%
May 3 1999,7.21%
April 30 1999,7.01%
April 29 1999,7.09%
April 28 1999,7.41%
April 27 1999,8.11%
April 26 1999,8.36%
April 23 1999,8.13%
April 22 1999,7.89%
April 21 1999,7.72%
April 20 1999,7.62%
April 19 1999,7.49%
April 16 1999,7.74%
April 15 1999,8.00%
April 14 1999,8.07%
April 13 1999,7.75%
April 12 1999,7.86%
April 9 1999,7.77%
April 8 1999,7.91%
April 7 1999,7.96%
April 6 1999,7.91%
April 5 1999,7.72%
April 1 1999,7.86%
March 31 1999,7.96%
March 30 1999,9.18%
March 29 1999,9.06%
March 26 1999,9.37%
March 25 1999,9.41%
March 24 1999,9.41%
March 23 1999,9.77%
March 22 1999,9.54%
March 19 1999,10.26%
March 18 1999,10.11%
March 17 1999,10.36%
March 16 1999,10.74%
March 15 1999,11.06%
March 12 1999,10.63%
March 11 1999,10.94%
March 10 1999,10.97%
March 9 1999,11.90%
March 8 1999,11.90%
March 5 1999,12.82%
March 4 1999,12.78%
March 3 1999,12.87%
March 2 1999,12.82%
March 1 1999,12.71%
Feb. 26 1999,12.40%
Feb. 25 1999,12.59%
Feb. 24 1999,12.04%
Feb. 23 1999,11.73%
Feb. 22 1999,11.90%
Feb. 19 1999,12.14%
Feb. 18 1999,12.21%
Feb. 17 1999,12.04%
Feb. 16 1999,11.40%
Feb. 12 1999,11.24%
Feb. 11 1999,10.91%
Feb. 10 1999,10.60%
Feb. 9 1999,10.89%
Feb. 8 1999,10.42%
Feb. 5 1999,10.72%
Feb. 4 1999,11.15%
Feb. 3 1999,10.97%
Feb. 2 1999,11.12%
Feb. 1 1999,11.18%
Jan. 29 1999,11.27%
Jan. 28 1999,10.80%
Jan. 27 1999,10.44%
Jan. 26 1999,10.11%
Jan. 25 1999,9.87%
Jan. 22 1999,9.33%
Jan. 21 1999,9.10%
Jan. 20 1999,8.90%
Jan. 19 1999,9.02%
Jan. 15 1999,8.81%
Jan. 14 1999,9.20%
Jan. 13 1999,9.08%
Jan. 12 1999,8.62%
Jan. 11 1999,8.32%
Jan. 8 1999,8.31%
Jan. 7 1999,8.53%
Jan. 6 1999,8.60%
Jan. 5 1999,8.88%
Jan. 4 1999,8.73%
Dec. 31 1998,8.51%
Dec. 30 1998,12.20%
Dec. 29 1998,12.25%
Dec. 28 1998,12.41%
Dec. 24 1998,12.94%
Dec. 23 1998,12.77%
Dec. 22 1998,13.30%
Dec. 21 1998,13.18%
Dec. 18 1998,12.97%
Dec. 17 1998,13.09%
Dec. 16 1998,12.80%
Dec. 15 1998,13.03%
Dec. 14 1998,13.06%
Dec. 11 1998,13.03%
Dec. 10 1998,12.77%
Dec. 9 1998,12.49%
Dec. 8 1998,12.74%
Dec. 7 1998,12.71%
Dec. 4 1998,12.66%
Dec. 3 1998,13.06%
Dec. 2 1998,12.66%
Dec. 1 1998,12.39%
Nov. 30 1998,12.77%
Nov. 27 1998,12.13%
Nov. 25 1998,12.33%
Nov. 24 1998,12.05%
Nov. 23 1998,11.85%
Nov. 20 1998,11.98%
Nov. 19 1998,12.05%
Nov. 18 1998,11.85%
Nov. 17 1998,11.73%
Nov. 16 1998,11.50%
Nov. 13 1998,11.32%
Nov. 12 1998,11.32%
Nov. 11 1998,11.83%
Nov. 10 1998,11.71%
Nov. 9 1998,11.43%
Nov. 6 1998,11.30%
Nov. 5 1998,11.45%
Nov. 4 1998,11.00%
Nov. 3 1998,10.91%
Nov. 2 1998,11.08%
Oct. 30 1998,11.06%
Oct. 29 1998,11.14%
Oct. 28 1998,11.50%
Oct. 27 1998,11.00%
Oct. 26 1998,10.83%
Oct. 23 1998,11.02%
Oct. 22 1998,11.19%
Oct. 21 1998,11.14%
Oct. 20 1998,10.77%
Oct. 19 1998,10.69%
Oct. 16 1998,10.24%
Oct. 15 1998,10.24%
Oct. 14 1998,10.37%
Oct. 13 1998,10.26%
Oct. 12 1998,9.96%
Oct. 9 1998,10.15%
Oct. 8 1998,10.37%
Oct. 7 1998,10.04%
Oct. 6 1998,9.77%
Oct. 5 1998,9.56%
Oct. 2 1998,9.97%
Oct. 1 1998,10.33%
Sept. 30 1998,10.20%
Sept. 29 1998,11.98%
Sept. 28 1998,12.47%
Sept. 25 1998,12.38%
Sept. 24 1998,12.96%
Sept. 23 1998,12.68%
Sept. 22 1998,13.70%
Sept. 21 1998,13.21%
Sept. 18 1998,13.49%
Sept. 17 1998,13.49%
Sept. 16 1998,13.08%
Sept. 15 1998,13.13%
Sept. 14 1998,12.87%
Sept. 11 1998,12.56%
Sept. 10 1998,13.81%
Sept. 9 1998,14.44%
Sept. 8 1998,14.56%
Sept. 4 1998,14.87%
Sept. 3 1998,15.71%
Sept. 2 1998,15.78%
Sept. 1 1998,16.07%
Aug. 31 1998,16.73%
Aug. 28 1998,15.78%
Aug. 27 1998,15.96%
Aug. 26 1998,15.03%
Aug. 25 1998,15.10%
Aug. 24 1998,14.94%
Aug. 21 1998,14.71%
Aug. 20 1998,14.35%
Aug. 19 1998,14.50%
Aug. 18 1998,14.75%
Aug. 17 1998,14.94%
Aug. 14 1998,14.75%
Aug. 13 1998,14.53%
Aug. 12 1998,14.44%
Aug. 11 1998,14.15%
Aug. 10 1998,13.62%
Aug. 7 1998,13.75%
Aug. 6 1998,14.26%
Aug. 5 1998,14.09%
Aug. 4 1998,13.41%
Aug. 3 1998,13.11%
July 31 1998,12.75%
July 30 1998,12.41%
July 29 1998,12.47%
July 28 1998,12.70%
July 27 1998,12.50%
July 24 1998,12.36%
July 23 1998,12.59%
July 22 1998,12.43%
July 21 1998,12.56%
July 20 1998,12.70%
July 17 1998,12.45%
July 16 1998,12.45%
July 15 1998,12.41%
July 14 1998,12.52%
July 13 1998,12.87%
July 10 1998,12.30%
July 9 1998,12.23%
July 8 1998,12.21%
July 7 1998,12.30%
July 6 1998,12.08%
July 2 1998,12.10%
July 1 1998,12.00%
June 30 1998,12.68%
June 29 1998,12.04%
June 26 1998,12.04%
June 25 1998,11.98%
June 24 1998,11.96%
June 23 1998,11.98%
June 22 1998,12.04%
June 19 1998,12.29%
June 18 1998,12.36%
June 17 1998,12.00%
June 16 1998,12.48%
June 15 1998,12.82%
June 12 1998,12.41%
June 11 1998,12.36%
June 10 1998,12.34%
June 9 1998,12.15%
June 8 1998,11.91%
June 5 1998,11.74%
June 4 1998,12.04%
June 3 1998,12.36%
June 2 1998,12.38%
June 1 1998,12.20%
May 29 1998,11.79%
May 28 1998,11.79%
May 27 1998,12.22%
May 26 1998,12.22%
May 22 1998,11.89%
May 21 1998,11.70%
May 20 1998,11.60%
May 19 1998,11.66%
May 18 1998,11.66%
May 15 1998,11.34%
May 14 1998,11.24%
May 13 1998,11.46%
May 12 1998,11.54%
May 11 1998,11.46%
May 8 1998,11.48%
May 7 1998,11.42%
May 6 1998,11.21%
May 5 1998,11.54%
May 4 1998,11.42%
May 1 1998,11.11%
April 30 1998,11.48%
April 29 1998,11.36%
April 28 1998,11.66%
April 27 1998,11.62%
April 24 1998,11.58%
April 23 1998,11.30%
April 22 1998,11.11%
April 21 1998,10.84%
April 20 1998,10.91%
April 17 1998,10.75%
April 16 1998,10.93%
April 15 1998,11.00%
April 14 1998,11.22%
April 13 1998,11.21%
April 9 1998,11.11%
April 8 1998,11.09%
April 7 1998,10.82%
April 6 1998,10.82%
April 3 1998,10.82%
April 2 1998,10.71%
April 1 1998,10.86%
March 31 1998,10.96%
March 30 1998,10.03%
March 27 1998,10.01%
March 26 1998,9.78%
March 25 1998,10.06%
March 24 1998,9.76%
March 23 1998,9.69%
March 20 1998,9.93%
March 19 1998,10.16%
March 18 1998,10.23%
March 17 1998,10.41%
March 16 1998,10.27%
March 13 1998,10.48%
March 12 1998,10.34%
March 11 1998,10.43%
March 10 1998,10.43%
March 9 1998,10.94%
March 6 1998,10.54%
March 5 1998,10.65%
March 4 1998,10.48%
March 3 1998,10.27%
March 2 1998,10.48%
Feb. 27 1998,10.81%
Feb. 26 1998,11.07%
Feb. 25 1998,11.67%
Feb. 24 1998,11.65%
Feb. 23 1998,11.63%
Feb. 20 1998,11.51%
Feb. 19 1998,11.58%
Feb. 18 1998,11.21%
Feb. 17 1998,11.47%
Feb. 13 1998,11.38%
Feb. 12 1998,11.36%
Feb. 11 1998,11.25%
Feb. 10 1998,11.30%
Feb. 9 1998,11.03%
Feb. 6 1998,11.17%
Feb. 5 1998,11.32%
Feb. 4 1998,10.97%
Feb. 3 1998,11.40%
Feb. 2 1998,11.15%
