Feb. 1 2018,4.322
Jan. 31 2018,4.280
Jan. 30 2018,4.256
Jan. 29 2018,4.356
Jan. 26 2018,4.396
Jan. 25 2018,4.367
Jan. 24 2018,4.474
Jan. 23 2018,4.463
Jan. 22 2018,4.474
Jan. 19 2018,4.349
Jan. 18 2018,4.369
Jan. 17 2018,4.396
Jan. 16 2018,4.289
Jan. 12 2018,4.392
Jan. 11 2018,4.353
Jan. 10 2018,4.228
Jan. 9 2018,4.255
Jan. 8 2018,4.240
Jan. 5 2018,4.226
Jan. 4 2018,4.267
Jan. 3 2018,4.187
Jan. 2 2018,4.135
Dec. 29 2017,4.233
Dec. 28 2017,4.259
Dec. 27 2017,4.248
Dec. 26 2017,4.295
Dec. 22 2017,4.227
Dec. 21 2017,4.256
Dec. 20 2017,4.118
Dec. 19 2017,4.061
Dec. 18 2017,3.950
Dec. 15 2017,3.871
Dec. 14 2017,3.892
Dec. 13 2017,3.907
Dec. 12 2017,3.903
Dec. 11 2017,3.897
Dec. 8 2017,3.897
Dec. 7 2017,3.820
Dec. 6 2017,3.765
Dec. 5 2017,3.846
Dec. 4 2017,3.850
Dec. 1 2017,3.884
Nov. 30 2017,3.839
Nov. 29 2017,3.822
Nov. 28 2017,3.786
Nov. 27 2017,3.771
Nov. 24 2017,3.894
Nov. 22 2017,3.846
Nov. 21 2017,3.779
Nov. 20 2017,3.769
Nov. 17 2017,3.878
Nov. 16 2017,3.779
Nov. 15 2017,3.830
Nov. 14 2017,3.839
Nov. 13 2017,3.973
Nov. 10 2017,3.986
Nov. 9 2017,4.016
Nov. 8 2017,4.010
Nov. 7 2017,4.088
Nov. 6 2017,4.120
Nov. 3 2017,3.978
Nov. 2 2017,3.952
Nov. 1 2017,3.845
Oct. 31 2017,3.722
Oct. 30 2017,3.712
Oct. 27 2017,3.646
Oct. 26 2017,3.599
Oct. 25 2017,3.584
Oct. 24 2017,3.627
Oct. 23 2017,3.612
Oct. 20 2017,3.668
Oct. 19 2017,3.633
Oct. 18 2017,3.638
Oct. 17 2017,3.674
Oct. 16 2017,3.653
Oct. 13 2017,3.634
Oct. 12 2017,3.610
Oct. 11 2017,3.621
Oct. 10 2017,3.610
Oct. 9 2017,3.602
Oct. 6 2017,3.597
Oct. 5 2017,3.659
Oct. 4 2017,3.663
Oct. 3 2017,3.636
Oct. 2 2017,3.604
Sept. 29 2017,3.810
Sept. 28 2017,3.804
Sept. 27 2017,3.844
Sept. 26 2017,3.778
Sept. 25 2017,3.736
Sept. 22 2017,3.656
Sept. 21 2017,3.644
Sept. 20 2017,3.582
Sept. 19 2017,3.498
Sept. 18 2017,3.502
Sept. 15 2017,3.498
Sept. 14 2017,3.484
Sept. 13 2017,3.480
Sept. 12 2017,3.415
Sept. 11 2017,3.395
Sept. 8 2017,3.359
Sept. 7 2017,3.454
Sept. 6 2017,3.444
Sept. 5 2017,3.355
Sept. 1 2017,3.351
Aug. 31 2017,3.321
Aug. 30 2017,3.277
Aug. 29 2017,3.273
Aug. 28 2017,3.281
Aug. 25 2017,3.307
Aug. 24 2017,3.295
Aug. 23 2017,3.301
Aug. 22 2017,3.275
Aug. 21 2017,3.251
Aug. 18 2017,3.271
Aug. 17 2017,3.261
Aug. 16 2017,3.335
Aug. 15 2017,3.403
Aug. 14 2017,3.424
Aug. 11 2017,3.522
Aug. 10 2017,3.508
Aug. 9 2017,3.538
Aug. 8 2017,3.572
Aug. 7 2017,3.568
Aug. 4 2017,3.678
Aug. 3 2017,3.600
Aug. 2 2017,3.506
Aug. 1 2017,3.480
July 31 2017,3.544
July 28 2017,3.570
July 27 2017,3.544
July 26 2017,3.534
July 25 2017,3.566
July 24 2017,3.474
July 21 2017,3.468
July 20 2017,3.518
July 19 2017,3.548
July 18 2017,3.434
July 17 2017,3.416
July 14 2017,3.428
July 13 2017,3.388
July 12 2017,3.384
July 11 2017,3.416
July 10 2017,3.402
July 7 2017,3.392
July 6 2017,3.416
July 5 2017,3.446
July 3 2017,3.526
June 30 2017,3.468
June 29 2017,3.434
June 28 2017,3.382
June 27 2017,3.362
June 26 2017,3.398
June 23 2017,3.398
June 22 2017,3.41
June 21 2017,3.414
June 20 2017,3.503
June 19 2017,3.588
June 16 2017,3.594
June 15 2017,3.565
June 14 2017,3.618
June 13 2017,3.691
June 12 2017,3.614
June 9 2017,3.598
June 8 2017,3.509
June 7 2017,3.533
June 6 2017,3.666
June 5 2017,3.646
June 2 2017,3.634
June 1 2017,3.709
May 31 2017,3.693
May 30 2017,3.713
May 26 2017,3.792
May 25 2017,3.788
May 24 2017,3.993
May 23 2017,3.999
May 22 2017,3.975
May 19 2017,3.993
May 18 2017,3.911
May 17 2017,3.957
May 16 2017,3.973
May 15 2017,3.995
May 12 2017,3.953
May 11 2017,3.983
May 10 2017,4.026
May 9 2017,3.967
May 8 2017,4.004
May 5 2017,3.945
May 4 2017,3.921
May 3 2017,4.056
May 2 2017,4.014
May 1 2017,4.050
April 28 2017,4.061
April 27 2017,4.063
April 26 2017,4.148
April 25 2017,4.207
April 24 2017,4.116
April 21 2017,4.118
April 20 2017,4.104
April 19 2017,4.098
April 18 2017,4.233
April 17 2017,4.289
April 13 2017,4.267
April 12 2017,4.366
April 11 2017,4.404
April 10 2017,4.396
April 7 2017,4.336
April 6 2017,4.346
April 5 2017,4.281
April 4 2017,4.312
April 3 2017,4.249
March 31 2017,4.244
March 30 2017,4.808
March 29 2017,4.808
March 28 2017,4.669
March 27 2017,4.562
March 24 2017,4.530
March 23 2017,4.546
March 22 2017,4.622
March 21 2017,4.629
March 20 2017,4.725
March 17 2017,4.721
March 16 2017,4.741
March 15 2017,4.743
March 14 2017,4.689
March 13 2017,4.806
March 10 2017,4.877
March 9 2017,4.857
March 8 2017,4.589
March 7 2017,4.904
March 6 2017,4.946
March 3 2017,4.882
March 2 2017,4.873
March 1 2017,4.942
Feb. 28 2017,4.841
Feb. 27 2017,4.808
Feb. 24 2017,4.781
Feb. 23 2017,4.837
Feb. 22 2017,4.788
Feb. 21 2017,4.926
Feb. 17 2017,4.893
Feb. 16 2017,4.879
Feb. 15 2017,4.908
Feb. 14 2017,4.932
Feb. 13 2017,4.854
Feb. 10 2017,4.883
Feb. 9 2017,4.852
Feb. 8 2017,4.814
Feb. 7 2017,4.847
Feb. 6 2017,4.957
Feb. 3 2017,5.116
Feb. 2 2017,4.993
Feb. 1 2017,4.972
Jan. 31 2017,5.008
Jan. 30 2017,4.959
Jan. 27 2017,5.156
Jan. 26 2017,5.232
Jan. 25 2017,5.232
Jan. 24 2017,5.221
Jan. 23 2017,5.158
Jan. 20 2017,5.201
Jan. 19 2017,5.125
Jan. 18 2017,5.138
Jan. 17 2017,5.163
Jan. 13 2017,5.165
Jan. 12 2017,5.163
Jan. 11 2017,5.218
Jan. 10 2017,5.172
Jan. 9 2017,5.154
Jan. 6 2017,5.261
Jan. 5 2017,5.328
Jan. 4 2017,5.299
Jan. 3 2017,5.234
Dec. 30 2016,6.189
Dec. 29 2016,6.257
Dec. 28 2016,6.331
Dec. 27 2016,6.407
Dec. 23 2016,6.386
Dec. 22 2016,6.380
Dec. 21 2016,6.391
Dec. 20 2016,6.451
Dec. 19 2016,6.504
Dec. 16 2016,6.525
Dec. 15 2016,6.433
Dec. 14 2016,6.422
Dec. 13 2016,6.580
Dec. 12 2016,6.498
Dec. 9 2016,6.436
Dec. 8 2016,6.470
Dec. 7 2016,6.480
Dec. 6 2016,6.462
Dec. 5 2016,6.472
Dec. 2 2016,6.422
Dec. 1 2016,6.341
Nov. 30 2016,6.386
Nov. 29 2016,5.570
Nov. 28 2016,5.725
Nov. 25 2016,5.919
Nov. 23 2016,6.050
Nov. 22 2016,5.990
Nov. 21 2016,5.971
Nov. 18 2016,5.746
Nov. 17 2016,5.704
Nov. 16 2016,5.730
Nov. 15 2016,5.767
Nov. 14 2016,5.565
Nov. 11 2016,5.554
Nov. 10 2016,5.620
Nov. 9 2016,5.552
Nov. 8 2016,5.386
Nov. 7 2016,5.360
Nov. 4 2016,5.239
Nov. 3 2016,5.360
Nov. 2 2016,5.001
Nov. 1 2016,5.129
Oct. 31 2016,5.106
Oct. 28 2016,5.246
Oct. 27 2016,5.307
Oct. 26 2016,5.385
Oct. 25 2016,5.367
Oct. 24 2016,5.474
Oct. 21 2016,5.488
Oct. 20 2016,5.503
Oct. 19 2016,5.490
Oct. 18 2016,5.372
Oct. 17 2016,5.367
Oct. 14 2016,5.472
Oct. 13 2016,5.524
Oct. 12 2016,5.566
Oct. 11 2016,5.603
Oct. 10 2016,5.771
Oct. 7 2016,5.729
Oct. 6 2016,5.865
Oct. 5 2016,5.876
Oct. 4 2016,5.747
Oct. 3 2016,5.839
Sept. 30 2016,5.794
Sept. 29 2016,5.099
Sept. 28 2016,4.928
Sept. 27 2016,4.662
Sept. 26 2016,4.745
Sept. 23 2016,4.764
Sept. 22 2016,4.854
Sept. 21 2016,4.802
Sept. 20 2016,4.616
Sept. 19 2016,4.669
Sept. 16 2016,4.704
Sept. 15 2016,4.709
Sept. 14 2016,4.650
Sept. 13 2016,4.728
Sept. 12 2016,4.997
Sept. 9 2016,5.044
Sept. 8 2016,5.299
Sept. 7 2016,5.049
Sept. 6 2016,5.037
Sept. 2 2016,5.002
Sept. 1 2016,4.911
Aug. 31 2016,4.890
Aug. 30 2016,5.016
Aug. 29 2016,5.121
Aug. 26 2016,5.111
Aug. 25 2016,5.125
Aug. 24 2016,5.137
Aug. 23 2016,5.225
Aug. 22 2016,5.037
Aug. 19 2016,5.313
Aug. 18 2016,5.285
Aug. 17 2016,5.052
Aug. 16 2016,4.926
Aug. 15 2016,4.861
Aug. 12 2016,4.819
Aug. 11 2016,4.754
Aug. 10 2016,4.643
Aug. 9 2016,4.747
Aug. 8 2016,4.707
Aug. 5 2016,4.616
Aug. 4 2016,4.507
Aug. 3 2016,4.510
Aug. 2 2016,4.386
Aug. 1 2016,4.391
July 29 2016,4.565
July 28 2016,4.496
July 27 2016,4.443
July 26 2016,4.598
July 25 2016,4.550
July 22 2016,4.676
July 21 2016,4.750
July 20 2016,4.850
July 19 2016,4.829
July 18 2016,4.931
July 15 2016,4.938
July 14 2016,4.953
July 13 2016,4.957
July 12 2016,5.031
July 11 2016,4.814
July 8 2016,4.869
July 7 2016,4.826
July 6 2016,4.850
July 5 2016,4.822
July 1 2016,5.050
June 30 2016,4.891
June 29 2016,4.521
June 28 2016,4.444
June 27 2016,4.206
June 24 2016,4.404
June 23 2016,4.548
June 22 2016,4.438
June 21 2016,4.510
June 20 2016,4.381
June 17 2016,4.100
June 16 2016,3.996
June 15 2016,4.079
June 14 2016,4.115
June 13 2016,4.126
June 10 2016,4.156
June 9 2016,4.334
June 8 2016,4.391
June 7 2016,4.410
June 6 2016,4.270
June 3 2016,4.134
June 2 2016,4.147
June 1 2016,4.115
May 31 2016,4.081
May 27 2016,4.045
May 26 2016,4.102
May 25 2016,4.181
May 24 2016,4.070
May 23 2016,4.107
May 20 2016,4.090
May 19 2016,4.011
May 18 2016,3.994
May 17 2016,4.036
May 16 2016,4.020
May 13 2016,3.918
May 12 2016,3.924
May 11 2016,3.952
May 10 2016,3.841
May 9 2016,3.735
May 6 2016,3.860
May 5 2016,3.869
May 4 2016,3.89
May 3 2016,4.022
May 2 2016,4.183
April 29 2016,4.298
April 28 2016,4.354
April 27 2016,4.458
April 26 2016,4.373
April 25 2016,4.244
April 22 2016,4.352
April 21 2016,4.250
April 20 2016,4.293
April 19 2016,4.269
April 18 2016,4.144
April 15 2016,4.070
April 14 2016,4.091
April 13 2016,4.050
April 12 2016,4.093
April 11 2016,3.785
April 8 2016,3.808
April 7 2016,3.689
April 6 2016,3.647
April 5 2016,3.564
April 4 2016,3.543
April 1 2016,3.549
March 31 2016,3.672
March 30 2016,3.025
March 29 2016,3.003
March 28 2016,2.962
March 24 2016,2.629
March 23 2016,2.615
March 22 2016,2.768
March 21 2016,2.785
March 18 2016,2.812
March 17 2016,2.788
March 16 2016,2.797
March 15 2016,2.768
March 14 2016,2.738
March 11 2016,2.748
March 10 2016,2.670
March 9 2016,2.655
March 8 2016,2.606
March 7 2016,2.730
March 4 2016,2.726
March 3 2016,2.585
March 2 2016,2.466
March 1 2016,2.310
Feb. 29 2016,2.345
Feb. 26 2016,2.320
Feb. 25 2016,2.233
Feb. 24 2016,2.209
Feb. 23 2016,2.183
Feb. 22 2016,2.246
Feb. 19 2016,2.142
Feb. 18 2016,2.170
Feb. 17 2016,2.235
Feb. 16 2016,2.234
Feb. 12 2016,2.246
Feb. 11 2016,2.188
Feb. 10 2016,2.197
Feb. 9 2016,2.219
Feb. 8 2016,2.292
Feb. 5 2016,2.379
Feb. 4 2016,2.479
Feb. 3 2016,2.510
Feb. 2 2016,2.417
Feb. 1 2016,2.554
Jan. 29 2016,2.553
Jan. 28 2016,2.476
Jan. 27 2016,2.419
Jan. 26 2016,2.378
Jan. 25 2016,2.335
Jan. 22 2016,2.456
Jan. 21 2016,2.424
Jan. 20 2016,2.297
Jan. 19 2016,2.272
Jan. 15 2016,2.335
Jan. 14 2016,2.462
Jan. 13 2016,2.39
Jan. 12 2016,2.479
Jan. 11 2016,2.538
Jan. 8 2016,2.637
Jan. 7 2016,2.681
Jan. 6 2016,2.764
Jan. 5 2016,2.967
Jan. 4 2016,2.975
Dec. 31 2015,2.944
Dec. 30 2015,2.087
Dec. 29 2015,2.151
Dec. 28 2015,2.146
Dec. 24 2015,2.239
Dec. 23 2015,2.242
Dec. 22 2015,2.117
Dec. 21 2015,2.100
Dec. 18 2015,2.096
Dec. 17 2015,2.126
Dec. 16 2015,2.224
Dec. 15 2015,2.291
Dec. 14 2015,2.242
Dec. 11 2015,2.280
Dec. 10 2015,2.319
Dec. 9 2015,2.295
Dec. 8 2015,2.337
Dec. 7 2015,2.323
Dec. 4 2015,2.455
Dec. 3 2015,2.497
Dec. 2 2015,2.509
Dec. 1 2015,2.603
Nov. 30 2015,2.591
Nov. 27 2015,2.584
Nov. 25 2015,2.650
Nov. 24 2015,2.689
Nov. 23 2015,2.593
Nov. 20 2015,2.583
Nov. 19 2015,2.604
Nov. 18 2015,2.630
Nov. 17 2015,2.611
Nov. 16 2015,2.627
Nov. 13 2015,2.555
Nov. 12 2015,2.561
Nov. 11 2015,2.571
Nov. 10 2015,2.716
Nov. 9 2015,2.675
Nov. 6 2015,2.668
Nov. 5 2015,2.738
Nov. 4 2015,2.777
Nov. 3 2015,2.803
Nov. 2 2015,2.739
Oct. 30 2015,2.676
Oct. 29 2015,2.595
Oct. 28 2015,2.608
Oct. 27 2015,2.551
Oct. 26 2015,2.599
Oct. 23 2015,2.668
Oct. 22 2015,2.686
Oct. 21 2015,2.641
Oct. 20 2015,2.694
Oct. 19 2015,2.666
Oct. 16 2015,2.765
Oct. 15 2015,2.780
Oct. 14 2015,2.728
Oct. 13 2015,2.697
Oct. 12 2015,2.733
Oct. 9 2015,2.795
Oct. 8 2015,2.853
Oct. 7 2015,2.754
Oct. 6 2015,2.754
Oct. 5 2015,2.644
Oct. 2 2015,2.507
Oct. 1 2015,2.374
Sept. 30 2015,2.383
Sept. 29 2015,1.875
Sept. 28 2015,1.858
Sept. 25 2015,1.937
Sept. 24 2015,1.913
Sept. 23 2015,1.901
Sept. 22 2015,1.930
Sept. 21 2015,1.966
Sept. 18 2015,1.944
Sept. 17 2015,1.991
Sept. 16 2015,1.974
Sept. 15 2015,1.913
Sept. 14 2015,1.91
Sept. 11 2015,1.885
Sept. 10 2015,1.876
Sept. 9 2015,1.870
Sept. 8 2015,1.982
Sept. 4 2015,1.985
Sept. 3 2015,2.026
Sept. 2 2015,2.026
Sept. 1 2015,2.024
Aug. 31 2015,2.059
Aug. 28 2015,2.008
Aug. 27 2015,1.954
Aug. 26 2015,1.850
Aug. 25 2015,1.801
Aug. 24 2015,1.829
Aug. 21 2015,1.935
Aug. 20 2015,1.967
Aug. 19 2015,1.975
Aug. 18 2015,2.074
Aug. 17 2015,2.065
Aug. 14 2015,2.068
Aug. 13 2015,2.117
Aug. 12 2015,2.200
Aug. 11 2015,2.186
Aug. 10 2015,2.193
Aug. 7 2015,2.147
Aug. 6 2015,2.231
Aug. 5 2015,2.258
Aug. 4 2015,2.315
Aug. 3 2015,2.320
July 31 2015,2.354
July 30 2015,2.422
July 29 2015,2.414
July 28 2015,2.369
July 27 2015,2.329
July 24 2015,2.386
July 23 2015,2.441
July 22 2015,2.460
July 21 2015,2.526
July 20 2015,2.531
July 17 2015,2.557
July 16 2015,2.613
July 15 2015,2.623
July 14 2015,2.677
July 13 2015,2.649
July 10 2015,2.628
July 9 2015,2.653
July 8 2015,2.649
July 7 2015,2.727
July 6 2015,2.680
July 2 2015,2.729
July 1 2015,2.733
June 30 2015,2.793
June 29 2015,2.342
June 26 2015,2.414
June 25 2015,2.350
June 24 2015,2.337
June 23 2015,2.337
June 22 2015,2.303
June 19 2015,2.290
June 18 2015,2.331
June 17 2015,2.332
June 16 2015,2.344
June 15 2015,2.325
June 12 2015,2.328
June 11 2015,2.358
June 10 2015,2.367
June 9 2015,2.345
June 8 2015,2.335
June 5 2015,2.360
June 4 2015,2.339
June 3 2015,2.369
June 2 2015,2.369
June 1 2015,2.369
May 29 2015,2.376
May 28 2015,2.378
May 27 2015,2.402
May 26 2015,2.409
May 22 2015,2.437
May 21 2015,2.443
May 20 2015,2.394
May 19 2015,2.386
May 18 2015,2.411
May 15 2015,2.409
May 14 2015,2.405
May 13 2015,2.441
May 12 2015,2.458
May 11 2015,2.458
May 8 2015,2.52
May 7 2015,2.494
May 6 2015,2.554
May 5 2015,2.565
May 4 2015,2.640
May 1 2015,2.619
April 30 2015,2.642
April 29 2015,2.648
April 28 2015,2.616
April 27 2015,2.595
April 24 2015,2.589
April 23 2015,2.604
April 22 2015,2.591
April 21 2015,2.576
April 20 2015,2.633
April 17 2015,2.602
April 16 2015,2.614
April 15 2015,2.614
April 14 2015,2.526
April 13 2015,2.492
April 10 2015,2.511
April 9 2015,2.483
April 8 2015,2.428
April 7 2015,2.442
April 6 2015,2.424
April 2 2015,2.368
April 1 2015,2.339
March 31 2015,2.303
March 30 2015,1.937
March 27 2015,1.906
March 26 2015,1.934
March 25 2015,1.936
March 24 2015,1.906
March 23 2015,1.906
March 20 2015,1.922
March 19 2015,1.893
March 18 2015,1.932
March 17 2015,1.885
March 16 2015,1.912
March 13 2015,1.898
March 12 2015,1.888
March 11 2015,1.899
March 10 2015,1.901
March 9 2015,1.930
March 6 2015,1.958
March 5 2015,1.992
March 4 2015,2.008
March 3 2015,2.016
March 2 2015,2.012
Feb. 27 2015,2.022
Feb. 26 2015,2.031
Feb. 25 2015,2.094
Feb. 24 2015,2.081
Feb. 23 2015,2.063
Feb. 20 2015,2.059
Feb. 19 2015,2.092
Feb. 18 2015,2.092
Feb. 17 2015,2.129
Feb. 13 2015,2.120
Feb. 12 2015,2.078
Feb. 11 2015,2.036
Feb. 10 2015,2.054
Feb. 9 2015,2.050
Feb. 6 2015,2.029
Feb. 5 2015,2.054
Feb. 4 2015,2.030
Feb. 3 2015,2.078
Feb. 2 2015,2.025
Jan. 30 2015,1.947
Jan. 29 2015,1.885
Jan. 28 2015,1.884
Jan. 27 2015,1.969
Jan. 26 2015,1.987
Jan. 23 2015,1.942
Jan. 22 2015,1.961
Jan. 21 2015,1.946
Jan. 20 2015,1.908
Jan. 16 2015,1.947
Jan. 15 2015,1.879
Jan. 14 2015,1.909
Jan. 13 2015,1.904
Jan. 12 2015,1.926
Jan. 9 2015,2.01
Jan. 8 2015,2.015
Jan. 7 2015,1.982
Jan. 6 2015,1.963
Jan. 5 2015,1.987
Jan. 2 2015,2.067
Dec. 31 2014,2.048
Dec. 30 2014,2.196
Dec. 29 2014,2.206
Dec. 26 2014,2.187
Dec. 24 2014,2.193
Dec. 23 2014,2.213
Dec. 22 2014,2.187
Dec. 19 2014,2.185
Dec. 18 2014,2.145
Dec. 17 2014,2.092
Dec. 16 2014,2.011
Dec. 15 2014,1.980
Dec. 12 2014,2.019
Dec. 11 2014,2.067
Dec. 10 2014,2.078
Dec. 9 2014,2.158
Dec. 8 2014,2.126
Dec. 5 2014,2.245
Dec. 4 2014,2.281
Dec. 3 2014,2.322
Dec. 2 2014,2.274
Dec. 1 2014,2.230
Nov. 28 2014,2.226
Nov. 26 2014,2.440
Nov. 25 2014,2.476
Nov. 24 2014,2.504
Nov. 21 2014,2.519
Nov. 20 2014,2.486
Nov. 19 2014,2.456
Nov. 18 2014,2.414
Nov. 17 2014,2.399
Nov. 14 2014,2.431
Nov. 13 2014,2.407
Nov. 12 2014,2.449
Nov. 11 2014,2.477
Nov. 10 2014,2.484
Nov. 7 2014,2.552
Nov. 6 2014,2.550
Nov. 5 2014,2.504
Nov. 4 2014,2.491
Nov. 3 2014,2.563
Oct. 31 2014,2.613
Oct. 30 2014,2.536
Oct. 29 2014,2.552
Oct. 28 2014,2.546
Oct. 27 2014,2.470
Oct. 24 2014,2.559
Oct. 23 2014,2.573
Oct. 22 2014,2.531
Oct. 21 2014,2.582
Oct. 20 2014,2.545
Oct. 17 2014,2.525
Oct. 16 2014,2.500
Oct. 15 2014,2.454
Oct. 14 2014,2.443
Oct. 13 2014,2.465
Oct. 10 2014,2.543
Oct. 9 2014,2.572
Oct. 8 2014,2.658
Oct. 7 2014,2.639
Oct. 6 2014,2.686
Oct. 3 2014,2.688
Oct. 2 2014,2.703
Oct. 1 2014,2.716
Sept. 30 2014,2.744
Sept. 29 2014,2.729
Sept. 26 2014,2.726
Sept. 25 2014,2.702
Sept. 24 2014,2.734
Sept. 23 2014,2.718
Sept. 22 2014,2.736
Sept. 19 2014,2.766
Sept. 18 2014,2.772
Sept. 17 2014,2.831
Sept. 16 2014,2.819
Sept. 15 2014,2.802
Sept. 12 2014,2.787
Sept. 11 2014,2.813
Sept. 10 2014,2.813
Sept. 9 2014,2.815
Sept. 8 2014,2.824
Sept. 5 2014,2.865
Sept. 4 2014,2.843
Sept. 3 2014,2.887
Sept. 2 2014,2.872
Aug. 29 2014,2.911
Aug. 28 2014,2.865
Aug. 27 2014,2.864
Aug. 26 2014,2.851
Aug. 25 2014,2.833
Aug. 22 2014,2.812
Aug. 21 2014,2.829
Aug. 20 2014,2.807
Aug. 19 2014,2.796
Aug. 18 2014,2.749
Aug. 15 2014,2.754
Aug. 14 2014,2.753
Aug. 13 2014,2.762
Aug. 12 2014,2.755
Aug. 11 2014,2.759
Aug. 8 2014,2.758
Aug. 7 2014,2.699
Aug. 6 2014,2.749
Aug. 5 2014,2.721
Aug. 4 2014,2.766
Aug. 1 2014,2.730
July 31 2014,2.738
July 30 2014,2.786
July 29 2014,2.803
July 28 2014,2.820
July 25 2014,2.836
July 24 2014,2.848
July 23 2014,2.835
July 22 2014,2.818
July 21 2014,2.793
July 18 2014,2.795
July 17 2014,2.778
July 16 2014,2.822
July 15 2014,2.766
July 14 2014,2.788
July 11 2014,2.756
July 10 2014,2.771
July 9 2014,2.781
July 8 2014,2.774
July 7 2014,2.781
July 3 2014,2.825
July 2 2014,2.784
July 1 2014,2.792
June 30 2014,2.802
June 27 2014,2.706
June 26 2014,2.717
June 25 2014,2.722
June 24 2014,2.682
June 23 2014,2.748
June 20 2014,2.722
June 19 2014,2.698
June 18 2014,2.676
June 17 2014,2.673
June 16 2014,2.681
June 13 2014,2.685
June 12 2014,2.689
June 11 2014,2.650
June 10 2014,2.631
June 9 2014,2.612
June 6 2014,2.581
June 5 2014,2.567
June 4 2014,2.543
June 3 2014,2.551
June 2 2014,2.530
May 30 2014,2.543
May 29 2014,2.543
May 28 2014,2.536
May 27 2014,2.521
May 23 2014,2.520
May 22 2014,2.514
May 21 2014,2.501
May 20 2014,2.469
May 19 2014,2.482
May 16 2014,2.495
May 15 2014,2.517
May 14 2014,2.538
May 13 2014,2.532
May 12 2014,2.522
May 9 2014,2.499
May 8 2014,2.486
May 7 2014,2.476
May 6 2014,2.515
May 5 2014,2.530
May 2 2014,2.536
May 1 2014,2.523
April 30 2014,2.513
April 29 2014,2.572
April 28 2014,2.532
April 25 2014,2.524
April 24 2014,2.542
April 23 2014,2.547
April 22 2014,2.541
April 21 2014,2.553
April 17 2014,2.562
April 16 2014,2.547
April 15 2014,2.513
April 14 2014,2.492
April 11 2014,2.464
April 10 2014,2.484
April 9 2014,2.488
April 8 2014,2.476
April 7 2014,2.454
April 4 2014,2.495
April 3 2014,2.502
April 2 2014,2.483
April 1 2014,2.485
March 31 2014,2.491
March 28 2014,2.420
March 27 2014,2.380
March 26 2014,2.380
March 25 2014,2.384
March 24 2014,2.366
March 21 2014,2.374
March 20 2014,2.343
March 19 2014,2.314
March 18 2014,2.334
March 17 2014,2.308
March 14 2014,2.303
March 13 2014,2.292
March 12 2014,2.324
March 11 2014,2.349
March 10 2014,2.370
March 7 2014,2.366
March 6 2014,2.343
March 5 2014,2.332
March 4 2014,2.346
March 3 2014,2.328
Feb. 28 2014,2.340
Feb. 27 2014,2.330
Feb. 26 2014,2.354
Feb. 25 2014,2.369
Feb. 24 2014,2.361
Feb. 21 2014,2.326
Feb. 20 2014,2.338
Feb. 19 2014,2.331
Feb. 18 2014,2.342
Feb. 14 2014,2.324
Feb. 13 2014,2.327
Feb. 12 2014,2.328
Feb. 11 2014,2.296
Feb. 10 2014,2.272
Feb. 7 2014,2.29
Feb. 6 2014,2.247
Feb. 5 2014,2.262
Feb. 4 2014,2.276
Feb. 3 2014,2.260
Jan. 31 2014,2.300
Jan. 30 2014,2.314
Jan. 29 2014,2.314
Jan. 28 2014,2.332
Jan. 27 2014,2.308
Jan. 24 2014,2.312
Jan. 23 2014,2.351
Jan. 22 2014,2.389
Jan. 21 2014,2.382
Jan. 17 2014,2.365
Jan. 16 2014,2.376
Jan. 15 2014,2.368
Jan. 14 2014,2.398
Jan. 13 2014,2.373
Jan. 10 2014,2.402
Jan. 9 2014,2.394
Jan. 8 2014,2.389
Jan. 7 2014,2.415
Jan. 6 2014,2.391
Jan. 3 2014,2.396
Jan. 2 2014,2.417
Dec. 31 2013,2.438
Dec. 30 2013,2.902
Dec. 27 2013,2.930
Dec. 26 2013,2.907
Dec. 24 2013,2.905
Dec. 23 2013,2.900
Dec. 20 2013,2.899
Dec. 19 2013,2.883
Dec. 18 2013,2.870
Dec. 17 2013,2.879
Dec. 16 2013,2.927
Dec. 13 2013,2.941
Dec. 12 2013,2.966
Dec. 11 2013,2.934
Dec. 10 2013,2.961
Dec. 9 2013,2.981
Dec. 6 2013,2.991
Dec. 5 2013,2.974
Dec. 4 2013,3.003
Dec. 3 2013,2.968
Dec. 2 2013,2.984
Nov. 29 2013,2.957
Nov. 27 2013,2.969
Nov. 26 2013,3.005
Nov. 25 2013,3.016
Nov. 22 2013,3.060
Nov. 21 2013,3.080
Nov. 20 2013,3.037
Nov. 19 2013,3.015
Nov. 18 2013,2.988
Nov. 15 2013,3.002
Nov. 14 2013,2.982
Nov. 13 2013,2.964
Nov. 12 2013,2.942
Nov. 11 2013,2.973
Nov. 8 2013,2.980
Nov. 7 2013,2.936
Nov. 6 2013,2.984
Nov. 5 2013,2.932
Nov. 4 2013,2.921
Nov. 1 2013,2.906
Oct. 31 2013,2.906
Oct. 30 2013,2.936
Oct. 29 2013,2.951
Oct. 28 2013,2.956
Oct. 25 2013,2.925
Oct. 24 2013,2.926
Oct. 23 2013,2.877
Oct. 22 2013,2.908
Oct. 21 2013,2.887
Oct. 18 2013,2.905
Oct. 17 2013,2.88
Oct. 16 2013,2.878
Oct. 15 2013,2.868
Oct. 14 2013,2.875
Oct. 11 2013,2.877
Oct. 10 2013,2.890
Oct. 9 2013,2.835
Oct. 8 2013,2.832
Oct. 7 2013,2.868
Oct. 4 2013,2.873
Oct. 3 2013,2.825
Oct. 2 2013,2.860
Oct. 1 2013,2.889
Sept. 30 2013,2.879
Sept. 27 2013,2.657
Sept. 26 2013,2.680
Sept. 25 2013,2.692
Sept. 24 2013,2.698
Sept. 23 2013,2.697
Sept. 20 2013,2.718
Sept. 19 2013,2.750
Sept. 18 2013,2.749
Sept. 17 2013,2.720
Sept. 16 2013,2.692
Sept. 13 2013,2.698
Sept. 12 2013,2.723
Sept. 11 2013,2.754
Sept. 10 2013,2.710
Sept. 9 2013,2.739
Sept. 6 2013,2.706
Sept. 5 2013,2.718
Sept. 4 2013,2.694
Sept. 3 2013,2.674
Aug. 30 2013,2.629
Aug. 29 2013,2.636
Aug. 28 2013,2.639
Aug. 27 2013,2.565
Aug. 26 2013,2.561
Aug. 23 2013,2.565
Aug. 22 2013,2.570
Aug. 21 2013,2.530
Aug. 20 2013,2.557
Aug. 19 2013,2.518
Aug. 16 2013,2.618
Aug. 15 2013,2.642
Aug. 14 2013,2.639
Aug. 13 2013,2.625
Aug. 12 2013,2.642
Aug. 9 2013,2.636
Aug. 8 2013,2.643
Aug. 7 2013,2.671
Aug. 6 2013,2.778
Aug. 5 2013,2.836
Aug. 2 2013,2.819
Aug. 1 2013,2.817
July 31 2013,2.746
July 30 2013,2.739
July 29 2013,2.733
July 26 2013,2.747
July 25 2013,2.771
July 24 2013,2.771
July 23 2013,2.827
July 22 2013,2.797
July 19 2013,2.812
July 18 2013,2.768
July 17 2013,2.756
July 16 2013,2.734
July 15 2013,2.757
July 12 2013,2.773
July 11 2013,2.760
July 10 2013,2.737
July 9 2013,2.745
July 8 2013,2.712
July 5 2013,2.699
July 3 2013,2.672
July 2 2013,2.637
July 1 2013,2.651
June 28 2013,2.430
June 27 2013,2.460
June 26 2013,2.474
June 25 2013,2.454
June 24 2013,2.380
June 21 2013,2.412
June 20 2013,2.413
June 19 2013,2.492
June 18 2013,2.513
June 17 2013,2.453
June 14 2013,2.418
June 13 2013,2.418
June 12 2013,2.362
June 11 2013,2.398
June 10 2013,2.437
June 7 2013,2.438
June 6 2013,2.432
June 5 2013,2.399
June 4 2013,2.45
June 3 2013,2.480
May 31 2013,2.419
May 30 2013,2.462
May 29 2013,2.480
May 28 2013,2.481
May 24 2013,2.462
May 23 2013,2.466
May 22 2013,2.476
May 21 2013,2.515
May 20 2013,2.532
May 17 2013,2.519
May 16 2013,2.462
May 15 2013,2.453
May 14 2013,2.475
May 13 2013,2.423
May 10 2013,2.416
May 9 2013,2.441
May 8 2013,2.438
May 7 2013,2.415
May 6 2013,2.373
May 3 2013,2.370
May 2 2013,2.309
May 1 2013,2.277
April 30 2013,2.321
April 29 2013,2.315
April 26 2013,2.265
April 25 2013,2.273
April 24 2013,2.245
April 23 2013,2.206
April 22 2013,2.190
April 19 2013,2.159
April 18 2013,2.173
April 17 2013,2.167
April 16 2013,2.227
April 15 2013,2.202
April 12 2013,2.311
April 11 2013,2.383
April 10 2013,2.389
April 9 2013,2.364
April 8 2013,2.328
April 5 2013,2.308
April 4 2013,2.32
April 3 2013,2.348
April 2 2013,2.370
April 1 2013,2.372
March 28 2013,2.410
March 27 2013,2.426
March 26 2013,2.430
March 25 2013,2.410
March 22 2013,2.435
March 21 2013,2.434
March 20 2013,2.460
March 19 2013,2.423
March 18 2013,2.481
March 15 2013,2.486
March 14 2013,2.469
March 13 2013,2.446
March 12 2013,2.430
March 11 2013,2.410
March 8 2013,2.398
March 7 2013,2.388
March 6 2013,2.355
March 5 2013,2.343
March 4 2013,2.333
March 1 2013,2.363
Feb. 28 2013,2.397
Feb. 27 2013,2.393
Feb. 26 2013,2.361
Feb. 25 2013,2.365
Feb. 22 2013,2.465
Feb. 21 2013,2.446
Feb. 20 2013,2.457
Feb. 19 2013,2.522
Feb. 15 2013,2.462
Feb. 14 2013,2.501
Feb. 13 2013,2.479
Feb. 12 2013,2.459
Feb. 11 2013,2.442
Feb. 8 2013,2.455
Feb. 7 2013,2.425
Feb. 6 2013,2.447
Feb. 5 2013,2.466
Feb. 4 2013,2.434
Feb. 1 2013,2.436
Jan. 31 2013,2.402
Jan. 30 2013,2.397
Jan. 29 2013,2.419
Jan. 28 2013,2.396
Jan. 25 2013,2.410
Jan. 24 2013,2.410
Jan. 23 2013,2.404
Jan. 22 2013,2.397
Jan. 18 2013,2.371
Jan. 17 2013,2.375
Jan. 16 2013,2.328
Jan. 15 2013,2.306
Jan. 14 2013,2.313
Jan. 11 2013,2.318
Jan. 10 2013,2.325
Jan. 9 2013,2.290
Jan. 8 2013,2.306
Jan. 7 2013,2.301
Jan. 4 2013,2.31
Jan. 3 2013,2.286
Jan. 2 2013,2.290
Dec. 31 2012,2.234
Dec. 28 2012,1.705
Dec. 27 2012,1.728
Dec. 26 2012,1.734
Dec. 24 2012,1.744
Dec. 21 2012,1.760
Dec. 20 2012,1.779
Dec. 19 2012,1.768
Dec. 18 2012,1.771
Dec. 17 2012,1.745
Dec. 14 2012,1.750
Dec. 13 2012,1.722
Dec. 12 2012,1.736
Dec. 11 2012,1.723
Dec. 10 2012,1.730
Dec. 7 2012,1.755
Dec. 6 2012,1.746
Dec. 5 2012,1.734
Dec. 4 2012,1.715
Dec. 3 2012,1.749
Nov. 30 2012,1.751
Nov. 29 2012,1.744
Nov. 28 2012,1.761
Nov. 27 2012,1.760
Nov. 26 2012,1.758
Nov. 23 2012,1.800
Nov. 21 2012,1.780
Nov. 20 2012,1.780
Nov. 19 2012,1.764
Nov. 16 2012,1.752
Nov. 15 2012,1.737
Nov. 14 2012,1.716
Nov. 13 2012,1.721
Nov. 12 2012,1.724
Nov. 9 2012,1.733
Nov. 8 2012,1.707
Nov. 7 2012,1.712
Nov. 6 2012,1.768
Nov. 5 2012,1.736
Nov. 2 2012,1.711
Nov. 1 2012,1.73
Oct. 31 2012,1.716
Oct. 26 2012,1.709
Oct. 25 2012,1.722
Oct. 24 2012,1.706
Oct. 23 2012,1.693
Oct. 22 2012,1.717
Oct. 19 2012,1.739
Oct. 18 2012,1.768
Oct. 17 2012,1.772
Oct. 16 2012,1.741
Oct. 15 2012,1.707
Oct. 12 2012,1.685
Oct. 11 2012,1.681
Oct. 10 2012,1.693
Oct. 9 2012,1.695
Oct. 8 2012,1.695
Oct. 5 2012,1.692
Oct. 4 2012,1.706
Oct. 3 2012,1.686
Oct. 2 2012,1.707
Oct. 1 2012,1.706
Sept. 28 2012,1.662
Sept. 27 2012,1.682
Sept. 26 2012,1.662
Sept. 25 2012,1.683
Sept. 24 2012,1.697
Sept. 21 2012,1.717
Sept. 20 2012,1.699
Sept. 19 2012,1.700
Sept. 18 2012,1.696
Sept. 17 2012,1.718
Sept. 14 2012,1.731
Sept. 13 2012,1.675
Sept. 12 2012,1.638
Sept. 11 2012,1.646
Sept. 10 2012,1.612
Sept. 7 2012,1.618
Sept. 6 2012,1.603
Sept. 5 2012,1.553
Sept. 4 2012,1.565
Aug. 31 2012,1.582
Aug. 30 2012,1.556
Aug. 29 2012,1.575
Aug. 28 2012,1.588
Aug. 27 2012,1.573
Aug. 24 2012,1.583
Aug. 23 2012,1.576
Aug. 22 2012,1.576
Aug. 21 2012,1.545
Aug. 20 2012,1.552
Aug. 17 2012,1.549
Aug. 16 2012,1.561
Aug. 15 2012,1.566
Aug. 14 2012,1.562
Aug. 13 2012,1.570
Aug. 10 2012,1.586
Aug. 9 2012,1.571
Aug. 8 2012,1.571
Aug. 7 2012,1.563
Aug. 6 2012,1.531
Aug. 3 2012,1.532
Aug. 2 2012,1.486
Aug. 1 2012,1.522
July 31 2012,1.520
July 30 2012,1.540
July 27 2012,1.546
July 26 2012,1.512
July 25 2012,1.469
July 24 2012,1.472
July 23 2012,1.496
July 20 2012,1.523
July 19 2012,1.533
July 18 2012,1.525
July 17 2012,1.499
July 16 2012,1.480
July 13 2012,1.447
July 12 2012,1.420
July 11 2012,1.437
July 10 2012,1.411
July 9 2012,1.432
July 6 2012,1.451
July 5 2012,1.474
July 3 2012,1.499
July 2 2012,1.467
June 29 2012,1.437
June 28 2012,1.395
June 27 2012,1.383
June 26 2012,1.365
June 25 2012,1.351
June 22 2012,1.353
June 21 2012,1.334
June 20 2012,1.396
June 19 2012,1.402
June 18 2012,1.375
June 15 2012,1.405
June 14 2012,1.393
June 13 2012,1.386
June 12 2012,1.400
June 11 2012,1.384
June 8 2012,1.412
June 7 2012,1.411
June 6 2012,1.409
June 5 2012,1.365
June 4 2012,1.358
June 1 2012,1.360
May 31 2012,1.406
May 30 2012,1.404
May 29 2012,1.434
May 25 2012,1.424
May 24 2012,1.405
May 23 2012,1.380
May 22 2012,1.380
May 21 2012,1.389
May 18 2012,1.371
May 17 2012,1.372
May 16 2012,1.388
May 15 2012,1.402
May 14 2012,1.431
May 11 2012,1.464
May 10 2012,1.501
May 9 2012,1.476
May 8 2012,1.464
May 7 2012,1.471
May 4 2012,1.492
May 3 2012,1.531
May 2 2012,1.587
May 1 2012,1.647
April 30 2012,1.608
April 27 2012,1.625
April 26 2012,1.633
April 25 2012,1.606
April 24 2012,1.610
April 23 2012,1.610
April 20 2012,1.614
April 19 2012,1.611
April 18 2012,1.616
April 17 2012,1.617
April 16 2012,1.614
April 13 2012,1.624
April 12 2012,1.653
April 11 2012,1.603
April 10 2012,1.604
April 9 2012,1.644
April 5 2012,1.662
April 4 2012,1.681
April 3 2012,1.713
April 2 2012,1.739
March 30 2012,1.744
March 29 2012,1.746
March 28 2012,1.743
March 27 2012,1.760
March 26 2012,1.781
March 23 2012,1.779
March 22 2012,1.768
March 21 2012,1.815
March 20 2012,1.842
March 19 2012,1.873
March 16 2012,1.878
March 15 2012,1.834
March 14 2012,1.835
March 13 2012,1.850
March 12 2012,1.835
March 9 2012,1.820
March 8 2012,1.828
March 7 2012,1.803
March 6 2012,1.777
March 5 2012,1.825
March 2 2012,1.828
March 1 2012,1.862
Feb. 29 2012,1.845
Feb. 28 2012,1.899
Feb. 27 2012,1.898
Feb. 24 2012,1.896
Feb. 23 2012,1.888
Feb. 22 2012,1.867
Feb. 21 2012,1.875
Feb. 17 2012,1.839
Feb. 16 2012,1.830
Feb. 15 2012,1.787
Feb. 14 2012,1.802
Feb. 13 2012,1.814
Feb. 10 2012,1.810
Feb. 9 2012,1.785
Feb. 8 2012,1.789
Feb. 7 2012,1.811
Feb. 6 2012,1.799
Feb. 3 2012,1.771
Feb. 2 2012,1.731
Feb. 1 2012,1.738
Jan. 31 2012,1.729
Jan. 30 2012,1.709
Jan. 27 2012,1.722
Jan. 26 2012,1.736
Jan. 25 2012,1.783
Jan. 24 2012,1.766
Jan. 23 2012,1.768
Jan. 20 2012,1.759
Jan. 19 2012,1.756
Jan. 18 2012,1.752
Jan. 17 2012,1.708
Jan. 13 2012,1.686
Jan. 12 2012,1.695
Jan. 11 2012,1.692
Jan. 10 2012,1.715
Jan. 9 2012,1.694
Jan. 6 2012,1.697
Jan. 5 2012,1.723
Jan. 4 2012,1.712
Jan. 3 2012,1.709
Dec. 30 2011,1.411
Dec. 29 2011,1.412
Dec. 28 2011,1.390
Dec. 27 2011,1.414
Dec. 23 2011,1.408
Dec. 22 2011,1.392
Dec. 21 2011,1.357
Dec. 20 2011,1.327
Dec. 19 2011,1.277
Dec. 16 2011,1.321
Dec. 15 2011,1.307
Dec. 14 2011,1.303
Dec. 13 2011,1.334
Dec. 12 2011,1.318
Dec. 9 2011,1.366
Dec. 8 2011,1.320
Dec. 7 2011,1.370
Dec. 6 2011,1.373
Dec. 5 2011,1.376
Dec. 2 2011,1.340
Dec. 1 2011,1.337
Nov. 30 2011,1.349
Nov. 29 2011,1.281
Nov. 28 2011,1.255
Nov. 25 2011,1.193
Nov. 23 2011,1.201
Nov. 22 2011,1.257
Nov. 21 2011,1.270
Nov. 18 2011,1.262
Nov. 17 2011,1.278
Nov. 16 2011,1.333
Nov. 15 2011,1.339
Nov. 14 2011,1.335
Nov. 11 2011,1.366
Nov. 10 2011,1.319
Nov. 9 2011,1.297
Nov. 8 2011,1.363
Nov. 7 2011,1.328
Nov. 4 2011,1.305
Nov. 3 2011,1.291
Nov. 2 2011,1.257
Nov. 1 2011,1.227
Oct. 31 2011,1.258
Oct. 28 2011,1.350
Oct. 27 2011,1.340
Oct. 26 2011,1.273
Oct. 25 2011,1.244
Oct. 24 2011,1.269
Oct. 21 2011,1.248
Oct. 20 2011,1.202
Oct. 19 2011,1.193
Oct. 18 2011,1.202
Oct. 17 2011,1.154
Oct. 14 2011,1.188
Oct. 13 2011,1.146
Oct. 12 2011,1.138
Oct. 11 2011,1.141
Oct. 10 2011,1.157
Oct. 7 2011,1.093
Oct. 6 2011,1.124
Oct. 5 2011,1.098
Oct. 4 2011,1.025
Oct. 3 2011,0.9858
Sept. 30 2011,1.048
Sept. 29 2011,1.156
Sept. 28 2011,1.147
Sept. 27 2011,1.199
Sept. 26 2011,1.202
Sept. 23 2011,1.143
Sept. 22 2011,1.142
Sept. 21 2011,1.228
Sept. 20 2011,1.280
Sept. 19 2011,1.301
Sept. 16 2011,1.309
Sept. 15 2011,1.327
Sept. 14 2011,1.273
Sept. 13 2011,1.271
Sept. 12 2011,1.261
Sept. 9 2011,1.283
Sept. 8 2011,1.333
Sept. 7 2011,1.369
Sept. 6 2011,1.295
Sept. 2 2011,1.332
Sept. 1 2011,1.383
Aug. 31 2011,1.390
Aug. 30 2011,1.368
Aug. 29 2011,1.364
Aug. 26 2011,1.337
Aug. 25 2011,1.302
Aug. 24 2011,1.328
Aug. 23 2011,1.342
Aug. 22 2011,1.307
Aug. 19 2011,1.301
Aug. 18 2011,1.322
Aug. 17 2011,1.416
Aug. 16 2011,1.399
Aug. 15 2011,1.421
Aug. 12 2011,1.376
Aug. 11 2011,1.365
Aug. 10 2011,1.307
Aug. 9 2011,1.316
Aug. 8 2011,1.209
Aug. 5 2011,1.349
Aug. 4 2011,1.297
Aug. 3 2011,1.426
Aug. 2 2011,1.502
Aug. 1 2011,1.579
July 29 2011,1.595
July 28 2011,1.602
July 27 2011,1.622
July 26 2011,1.664
July 25 2011,1.672
July 22 2011,1.648
July 21 2011,1.647
July 20 2011,1.598
July 19 2011,1.609
July 18 2011,1.617
July 15 2011,1.632
July 14 2011,1.612
July 13 2011,1.633
July 12 2011,1.623
July 11 2011,1.648
July 8 2011,1.682
July 7 2011,1.704
July 6 2011,1.689
July 5 2011,1.753
July 1 2011,1.696
June 30 2011,1.806
June 29 2011,2.072
June 28 2011,2.063
June 27 2011,1.979
June 24 2011,1.997
June 23 2011,2.072
June 22 2011,2.114
June 21 2011,2.091
June 20 2011,2.053
June 17 2011,2.035
June 16 2011,2.056
June 15 2011,2.041
June 14 2011,2.086
June 13 2011,2.006
June 10 2011,2.022
June 9 2011,2.055
June 8 2011,2.045
June 7 2011,2.057
June 6 2011,2.035
June 3 2011,2.079
June 2 2011,2.104
June 1 2011,2.110
May 31 2011,2.165
May 27 2011,2.136
May 26 2011,2.143
May 25 2011,2.114
May 24 2011,2.082
May 23 2011,2.031
May 20 2011,2.057
May 19 2011,2.083
May 18 2011,2.069
May 17 2011,2.014
May 16 2011,2.024
May 13 2011,2.053
May 12 2011,2.056
May 11 2011,2.044
May 10 2011,2.102
May 9 2011,2.093
May 6 2011,1.998
May 5 2011,1.997
May 4 2011,2.070
May 3 2011,2.106
May 2 2011,2.137
April 29 2011,2.160
April 28 2011,2.108
April 27 2011,2.109
April 26 2011,2.110
April 25 2011,2.107
April 21 2011,2.152
April 20 2011,2.134
April 19 2011,2.060
April 18 2011,2.053
April 15 2011,2.061
April 14 2011,2.056
April 13 2011,2.025
April 12 2011,2.020
April 11 2011,2.077
April 8 2011,2.113
April 7 2011,2.122
April 6 2011,2.118
April 5 2011,2.138
April 4 2011,2.125
April 1 2011,2.142
March 31 2011,2.133
March 30 2011,1.119
March 29 2011,1.106
March 28 2011,1.086
March 25 2011,1.096
March 24 2011,1.079
March 23 2011,1.076
March 22 2011,1.087
March 21 2011,1.099
March 18 2011,1.059
March 17 2011,1.057
March 16 2011,1.042
March 15 2011,1.046
March 14 2011,1.059
March 11 2011,1.068
March 10 2011,1.040
March 9 2011,1.058
March 8 2011,1.068
March 7 2011,1.091
March 4 2011,1.096
March 3 2011,1.114
March 2 2011,1.082
March 1 2011,1.079
Feb. 28 2011,1.058
Feb. 25 2011,1.039
Feb. 24 2011,1.030
Feb. 23 2011,1.050
Feb. 22 2011,1.023
Feb. 18 2011,1.056
Feb. 17 2011,1.066
Feb. 16 2011,1.052
Feb. 15 2011,1.029
Feb. 14 2011,1.047
Feb. 11 2011,1.000
Feb. 10 2011,0.9993
Feb. 9 2011,0.9976
Feb. 8 2011,0.9966
Feb. 7 2011,0.9987
Feb. 4 2011,0.9889
Feb. 3 2011,0.9905
Feb. 2 2011,0.9894
Feb. 1 2011,1.002
Jan. 31 2011,0.986
Jan. 28 2011,0.9685
Jan. 27 2011,0.9667
Jan. 26 2011,0.9798
Jan. 25 2011,0.9464
Jan. 24 2011,0.9209
Jan. 21 2011,0.9189
Jan. 20 2011,0.9154
Jan. 19 2011,0.9191
Jan. 18 2011,0.9267
Jan. 14 2011,0.9289
Jan. 13 2011,0.936
Jan. 12 2011,0.8913
Jan. 11 2011,0.8766
Jan. 10 2011,0.8662
Jan. 7 2011,0.8567
Jan. 6 2011,0.8379
Jan. 5 2011,0.8331
Jan. 4 2011,0.8339
Jan. 3 2011,0.8377
Dec. 31 2010,0.8275
Dec. 30 2010,0.618
Dec. 29 2010,0.619
Dec. 28 2010,0.6137
Dec. 27 2010,0.6139
Dec. 23 2010,0.6127
Dec. 22 2010,0.6142
Dec. 21 2010,0.61
Dec. 20 2010,0.6065
Dec. 17 2010,0.5979
Dec. 16 2010,0.5974
Dec. 15 2010,0.5936
Dec. 14 2010,0.5949
Dec. 13 2010,0.5949
Dec. 10 2010,0.5972
Dec. 9 2010,0.5932
Dec. 8 2010,0.5974
Dec. 7 2010,0.5953
Dec. 6 2010,0.5926
Dec. 3 2010,0.5967
Dec. 2 2010,0.5958
Dec. 1 2010,0.5848
Nov. 30 2010,0.5765
Nov. 29 2010,0.5792
Nov. 26 2010,0.5766
Nov. 24 2010,0.5804
Nov. 23 2010,0.5746
Nov. 22 2010,0.5867
Nov. 19 2010,0.5863
Nov. 18 2010,0.585
Nov. 17 2010,0.5735
Nov. 16 2010,0.5745
Nov. 15 2010,0.5789
Nov. 12 2010,0.5798
Nov. 11 2010,0.5847
Nov. 10 2010,0.5834
Nov. 9 2010,0.5782
Nov. 8 2010,0.5821
Nov. 5 2010,0.582
Nov. 4 2010,0.5809
Nov. 3 2010,0.5715
Nov. 2 2010,0.5782
Nov. 1 2010,0.6014
Oct. 29 2010,0.6023
Oct. 28 2010,0.5987
Oct. 27 2010,0.5989
Oct. 26 2010,0.6028
Oct. 25 2010,0.6063
Oct. 22 2010,0.6029
Oct. 21 2010,0.6021
Oct. 20 2010,0.6037
Oct. 19 2010,0.5966
Oct. 18 2010,0.6061
Oct. 15 2010,0.6046
Oct. 14 2010,0.6017
Oct. 13 2010,0.6039
Oct. 12 2010,0.5988
Oct. 11 2010,0.5986
Oct. 8 2010,0.6013
Oct. 7 2010,0.5935
Oct. 6 2010,0.5935
Oct. 5 2010,0.587
Oct. 4 2010,0.5753
Oct. 1 2010,0.5807
Sept. 30 2010,0.572
Sept. 29 2010,0.4303
Sept. 28 2010,0.4254
Sept. 27 2010,0.4226
Sept. 24 2010,0.4228
Sept. 23 2010,0.4156
Sept. 22 2010,0.4207
Sept. 21 2010,0.4232
Sept. 20 2010,0.424
Sept. 17 2010,0.4171
Sept. 16 2010,0.4208
Sept. 15 2010,0.4218
Sept. 14 2010,0.4211
Sept. 13 2010,0.4231
Sept. 10 2010,0.4238
Sept. 9 2010,0.4186
Sept. 8 2010,0.4183
Sept. 7 2010,0.4183
Sept. 3 2010,0.4223
Sept. 2 2010,0.4195
Sept. 1 2010,0.4165
Aug. 31 2010,0.4065
Aug. 30 2010,0.407
Aug. 27 2010,0.4107
Aug. 26 2010,0.4038
Aug. 25 2010,0.4091
Aug. 24 2010,0.4135
Aug. 23 2010,0.4175
Aug. 20 2010,0.4162
Aug. 19 2010,0.4208
Aug. 18 2010,0.4259
Aug. 17 2010,0.4267
Aug. 16 2010,0.4258
Aug. 13 2010,0.428
Aug. 12 2010,0.43
Aug. 11 2010,0.4326
Aug. 10 2010,0.4414
Aug. 9 2010,0.4443
Aug. 6 2010,0.4434
Aug. 5 2010,0.449
Aug. 4 2010,0.4463
Aug. 3 2010,0.4411
Aug. 2 2010,0.4424
July 30 2010,0.4345
July 29 2010,0.4333
July 28 2010,0.4316
July 27 2010,0.4321
July 26 2010,0.4334
July 23 2010,0.4288
July 22 2010,0.4271
July 21 2010,0.4226
July 20 2010,0.4269
July 19 2010,0.4185
July 16 2010,0.4176
July 15 2010,0.4254
July 14 2010,0.4256
July 13 2010,0.4297
July 12 2010,0.4214
July 9 2010,0.4212
July 8 2010,0.4212
July 7 2010,0.4209
July 6 2010,0.4111
July 2 2010,0.4094
July 1 2010,0.4096
June 30 2010,0.4119
June 29 2010,0.3424
June 28 2010,0.3496
June 25 2010,0.3532
June 24 2010,0.354
June 23 2010,0.3571
June 22 2010,0.356
June 21 2010,0.3638
June 18 2010,0.3613
June 17 2010,0.3582
June 16 2010,0.3569
June 15 2010,0.3583
June 14 2010,0.3517
June 11 2010,0.3502
June 10 2010,0.3488
June 9 2010,0.3388
June 8 2010,0.3434
June 7 2010,0.3398
June 4 2010,0.3371
June 3 2010,0.3452
June 2 2010,0.342
June 1 2010,0.3331
May 28 2010,0.3402
May 27 2010,0.3445
May 26 2010,0.3345
May 25 2010,0.3365
May 24 2010,0.3442
May 21 2010,0.3427
May 20 2010,0.3427
May 19 2010,0.3514
May 18 2010,0.3492
May 17 2010,0.3442
May 14 2010,0.3417
May 13 2010,0.3448
May 12 2010,0.345
May 11 2010,0.34
May 10 2010,0.344
May 7 2010,0.3351
May 6 2010,0.3368
May 5 2010,0.3455
May 4 2010,0.3485
May 3 2010,0.3494
April 30 2010,0.3485
April 29 2010,0.3499
April 28 2010,0.3484
April 27 2010,0.3466
April 26 2010,0.3549
April 23 2010,0.3552
April 22 2010,0.3505
April 21 2010,0.351
April 20 2010,0.3514
April 19 2010,0.3471
April 16 2010,0.3469
April 15 2010,0.3522
April 14 2010,0.3532
April 13 2010,0.3484
April 12 2010,0.3483
April 9 2010,0.3482
April 8 2010,0.3457
April 7 2010,0.3464
April 6 2010,0.3513
April 5 2010,0.35
April 1 2010,0.3475
March 31 2010,0.3439
March 30 2010,0.3948
March 29 2010,0.3954
March 26 2010,0.3899
March 25 2010,0.3922
March 24 2010,0.3947
March 23 2010,0.3978
March 22 2010,0.3971
March 19 2010,0.3999
March 18 2010,0.401
March 17 2010,0.403
March 16 2010,0.3976
March 15 2010,0.3934
March 12 2010,0.3955
March 11 2010,0.3972
March 10 2010,0.3956
March 9 2010,0.3903
March 8 2010,0.3896
March 5 2010,0.3879
March 4 2010,0.3789
March 3 2010,0.3779
March 2 2010,0.377
March 1 2010,0.3752
Feb. 26 2010,0.3732
Feb. 25 2010,0.3731
Feb. 24 2010,0.3752
Feb. 23 2010,0.3725
Feb. 22 2010,0.3781
Feb. 19 2010,0.3822
Feb. 18 2010,0.382
Feb. 17 2010,0.3792
Feb. 16 2010,0.3797
Feb. 12 2010,0.3703
Feb. 11 2010,0.3722
Feb. 10 2010,0.3683
Feb. 9 2010,0.3703
Feb. 8 2010,0.3653
Feb. 5 2010,0.3689
Feb. 4 2010,0.3724
Feb. 3 2010,0.3857
Feb. 2 2010,0.3903
Feb. 1 2010,0.3881
Jan. 29 2010,0.3808
Jan. 28 2010,0.3839
Jan. 27 2010,0.3857
Jan. 26 2010,0.3859
Jan. 25 2010,0.3887
Jan. 22 2010,0.3875
Jan. 21 2010,0.3956
Jan. 20 2010,0.4016
Jan. 19 2010,0.4011
Jan. 15 2010,0.3968
Jan. 14 2010,0.3997
Jan. 13 2010,0.4012
Jan. 12 2010,0.4021
Jan. 11 2010,0.4061
Jan. 8 2010,0.4061
Jan. 7 2010,0.4056
Jan. 6 2010,0.4074
Jan. 5 2010,0.4012
Jan. 4 2010,0.4009
Dec. 31 2009,0.3931
Dec. 30 2009,0.42
Dec. 29 2009,0.4186
Dec. 28 2009,0.4199
Dec. 24 2009,0.4216
Dec. 23 2009,0.4204
Dec. 22 2009,0.4207
Dec. 21 2009,0.4184
Dec. 18 2009,0.415
Dec. 17 2009,0.415
Dec. 16 2009,0.42
Dec. 15 2009,0.4181
Dec. 14 2009,0.4198
Dec. 11 2009,0.4185
Dec. 10 2009,0.4171
Dec. 9 2009,0.4163
Dec. 8 2009,0.4153
Dec. 7 2009,0.4233
Dec. 4 2009,0.4215
Dec. 3 2009,0.4261
Dec. 2 2009,0.4282
Dec. 1 2009,0.4325
Nov. 30 2009,0.4303
Nov. 27 2009,0.4304
Nov. 25 2009,0.4384
Nov. 24 2009,0.4337
Nov. 23 2009,0.4345
Nov. 20 2009,0.4339
Nov. 19 2009,0.4367
Nov. 18 2009,0.4489
Nov. 17 2009,0.4507
Nov. 16 2009,0.4531
Nov. 13 2009,0.4485
Nov. 12 2009,0.446
Nov. 11 2009,0.4512
Nov. 10 2009,0.4511
Nov. 9 2009,0.4479
Nov. 6 2009,0.4398
Nov. 5 2009,0.4393
Nov. 4 2009,0.4315
Nov. 3 2009,0.4283
Nov. 2 2009,0.4245
Oct. 30 2009,0.4245
Oct. 29 2009,0.4374
Oct. 28 2009,0.4286
Oct. 27 2009,0.4393
Oct. 26 2009,0.4381
Oct. 23 2009,0.4428
Oct. 22 2009,0.4479
Oct. 21 2009,0.4492
Oct. 20 2009,0.4509
Oct. 19 2009,0.4541
Oct. 16 2009,0.4506
Oct. 15 2009,0.4521
Oct. 14 2009,0.4417
Oct. 13 2009,0.4347
Oct. 12 2009,0.4312
Oct. 9 2009,0.4277
Oct. 8 2009,0.4298
Oct. 7 2009,0.4246
Oct. 6 2009,0.4241
Oct. 5 2009,0.4153
Oct. 2 2009,0.4112
Oct. 1 2009,0.4157
Sept. 30 2009,0.4239
Sept. 29 2009,0.3615
Sept. 28 2009,0.364
Sept. 25 2009,0.358
Sept. 24 2009,0.361
Sept. 23 2009,0.366
Sept. 22 2009,0.3722
Sept. 21 2009,0.3696
Sept. 18 2009,0.3725
Sept. 17 2009,0.3752
Sept. 16 2009,0.3749
Sept. 15 2009,0.368
Sept. 14 2009,0.3661
Sept. 11 2009,0.3627
Sept. 10 2009,0.363
Sept. 9 2009,0.3584
Sept. 8 2009,0.357
Sept. 4 2009,0.3511
Sept. 3 2009,0.3485
Sept. 2 2009,0.3477
Sept. 1 2009,0.348
Aug. 31 2009,0.3521
Aug. 28 2009,0.357
Aug. 27 2009,0.3578
Aug. 26 2009,0.3592
Aug. 25 2009,0.3568
Aug. 24 2009,0.3601
Aug. 21 2009,0.3596
Aug. 20 2009,0.3523
Aug. 19 2009,0.3504
Aug. 18 2009,0.3461
Aug. 17 2009,0.3429
Aug. 14 2009,0.3533
Aug. 13 2009,0.3572
Aug. 12 2009,0.3499
Aug. 11 2009,0.3449
Aug. 10 2009,0.3504
Aug. 7 2009,0.3504
Aug. 6 2009,0.3532
Aug. 5 2009,0.3571
Aug. 4 2009,0.3644
Aug. 3 2009,0.3657
July 31 2009,0.3627
July 30 2009,0.3604
July 29 2009,0.3549
July 28 2009,0.3633
July 27 2009,0.3648
July 24 2009,0.362
July 23 2009,0.3593
July 22 2009,0.3511
July 21 2009,0.3536
July 20 2009,0.3518
July 17 2009,0.3475
July 16 2009,0.3466
July 15 2009,0.3475
July 14 2009,0.3411
July 13 2009,0.3377
July 10 2009,0.3328
July 9 2009,0.3354
July 8 2009,0.3305
July 7 2009,0.332
July 6 2009,0.336
July 2 2009,0.3379
July 1 2009,0.3478
June 30 2009,0.3465
June 29 2009,0.2964
June 26 2009,0.2944
June 25 2009,0.2939
June 24 2009,0.2921
June 23 2009,0.2901
June 22 2009,0.2894
June 19 2009,0.3019
June 18 2009,0.3034
June 17 2009,0.3036
June 16 2009,0.307
June 15 2009,0.3082
June 12 2009,0.3138
June 11 2009,0.3166
June 10 2009,0.3156
June 9 2009,0.3159
June 8 2009,0.314
June 5 2009,0.309
June 4 2009,0.3082
June 3 2009,0.3043
June 2 2009,0.3205
June 1 2009,0.3199
May 29 2009,0.3102
May 28 2009,0.3044
May 27 2009,0.2925
May 26 2009,0.2974
May 22 2009,0.2938
May 21 2009,0.2937
May 20 2009,0.3002
May 19 2009,0.2956
May 18 2009,0.2962
May 15 2009,0.2885
May 14 2009,0.2915
May 13 2009,0.2912
May 12 2009,0.3037
May 11 2009,0.3041
May 8 2009,0.3148
May 7 2009,0.3087
May 6 2009,0.316
May 5 2009,0.3045
May 4 2009,0.3065
May 1 2009,0.3032
April 30 2009,0.2956
April 29 2009,0.301
April 28 2009,0.2929
April 27 2009,0.2951
April 24 2009,0.3048
April 23 2009,0.2945
April 22 2009,0.2901
April 21 2009,0.2929
April 20 2009,0.2878
April 17 2009,0.2977
April 16 2009,0.2942
April 15 2009,0.2872
April 14 2009,0.2868
April 13 2009,0.2899
April 9 2009,0.2927
April 8 2009,0.2867
April 7 2009,0.2824
April 6 2009,0.2872
April 3 2009,0.2913
April 2 2009,0.2893
April 1 2009,0.278
March 31 2009,0.2727
March 30 2009,0.2287
March 27 2009,0.2399
March 26 2009,0.2417
March 25 2009,0.2373
March 24 2009,0.2368
March 23 2009,0.2362
March 20 2009,0.2216
March 19 2009,0.229
March 18 2009,0.2255
March 17 2009,0.2256
March 16 2009,0.2226
March 13 2009,0.2177
March 12 2009,0.2173
March 11 2009,0.2114
March 10 2009,0.2118
March 9 2009,0.2032
March 6 2009,0.2014
March 5 2009,0.2034
March 4 2009,0.2076
March 3 2009,0.2018
March 2 2009,0.2014
Feb. 27 2009,0.2155
Feb. 26 2009,0.2208
Feb. 25 2009,0.2188
Feb. 24 2009,0.2209
Feb. 23 2009,0.2111
Feb. 20 2009,0.2184
Feb. 19 2009,0.2245
Feb. 18 2009,0.2227
Feb. 17 2009,0.2246
Feb. 13 2009,0.238
Feb. 12 2009,0.2368
Feb. 11 2009,0.2347
Feb. 10 2009,0.234
Feb. 9 2009,0.2438
Feb. 6 2009,0.2389
Feb. 5 2009,0.2363
Feb. 4 2009,0.237
Feb. 3 2009,0.237
Feb. 2 2009,0.2373
Jan. 30 2009,0.2389
Jan. 29 2009,0.2455
Jan. 28 2009,0.2525
Jan. 27 2009,0.2472
Jan. 26 2009,0.2532
Jan. 23 2009,0.2497
Jan. 22 2009,0.2448
Jan. 21 2009,0.2469
Jan. 20 2009,0.2345
Jan. 16 2009,0.2463
Jan. 15 2009,0.2415
Jan. 14 2009,0.2402
Jan. 13 2009,0.2474
Jan. 12 2009,0.2421
Jan. 9 2009,0.2487
Jan. 8 2009,0.2538
Jan. 7 2009,0.2478
Jan. 6 2009,0.2548
Jan. 5 2009,0.2516
Jan. 2 2009,0.2494
Dec. 31 2008,0.2397
Dec. 30 2008,0.2261
Dec. 29 2008,0.2221
Dec. 26 2008,0.2158
Dec. 24 2008,0.2141
Dec. 23 2008,0.2158
Dec. 22 2008,0.2165
Dec. 19 2008,0.2222
Dec. 18 2008,0.2202
Dec. 17 2008,0.2274
Dec. 16 2008,0.225
Dec. 15 2008,0.2155
Dec. 12 2008,0.2166
Dec. 11 2008,0.2171
Dec. 10 2008,0.2195
Dec. 9 2008,0.2123
Dec. 8 2008,0.2106
Dec. 5 2008,0.2024
Dec. 4 2008,0.1984
Dec. 3 2008,0.208
Dec. 2 2008,0.2117
Dec. 1 2008,0.2073
Nov. 28 2008,0.2235
Nov. 26 2008,0.2249
Nov. 25 2008,0.2182
Nov. 24 2008,0.2144
Nov. 21 2008,0.2035
Nov. 20 2008,0.1875
Nov. 19 2008,0.2122
Nov. 18 2008,0.2187
Nov. 17 2008,0.2161
Nov. 14 2008,0.2263
Nov. 13 2008,0.2329
Nov. 12 2008,0.2124
Nov. 11 2008,0.2266
Nov. 10 2008,0.2362
Nov. 7 2008,0.2367
Nov. 6 2008,0.2335
Nov. 5 2008,0.2441
Nov. 4 2008,0.2492
Nov. 3 2008,0.2329
Oct. 31 2008,0.2394
Oct. 30 2008,0.232
Oct. 29 2008,0.2206
Oct. 28 2008,0.2169
Oct. 27 2008,0.2018
Oct. 24 2008,0.2093
Oct. 23 2008,0.2182
Oct. 22 2008,0.2035
Oct. 21 2008,0.2246
Oct. 20 2008,0.2301
Oct. 17 2008,0.2223
Oct. 16 2008,0.2248
Oct. 15 2008,0.2117
Oct. 14 2008,0.2436
Oct. 13 2008,0.2528
Oct. 10 2008,0.2202
Oct. 9 2008,0.2274
Oct. 8 2008,0.2406
Oct. 7 2008,0.2475
Oct. 6 2008,0.2633
Oct. 3 2008,0.2749
Oct. 2 2008,0.2768
Oct. 1 2008,0.2925
Sept. 30 2008,0.2982
Sept. 29 2008,0.3123
Sept. 26 2008,0.3324
Sept. 25 2008,0.3368
Sept. 24 2008,0.3288
Sept. 23 2008,0.3211
Sept. 22 2008,0.3353
Sept. 19 2008,0.3474
Sept. 18 2008,0.3266
Sept. 17 2008,0.3275
Sept. 16 2008,0.3403
Sept. 15 2008,0.3323
Sept. 12 2008,0.3636
Sept. 11 2008,0.3496
Sept. 10 2008,0.3395
Sept. 9 2008,0.326
Sept. 8 2008,0.3508
Sept. 5 2008,0.3491
Sept. 4 2008,0.35
Sept. 3 2008,0.3521
Sept. 2 2008,0.3456
Aug. 29 2008,0.3578
Aug. 28 2008,0.3603
Aug. 27 2008,0.3618
Aug. 26 2008,0.3544
Aug. 25 2008,0.3534
Aug. 22 2008,0.3572
Aug. 21 2008,0.3635
Aug. 20 2008,0.3608
Aug. 19 2008,0.355
Aug. 18 2008,0.3529
Aug. 15 2008,0.3565
Aug. 14 2008,0.3629
Aug. 13 2008,0.3711
Aug. 12 2008,0.3608
Aug. 11 2008,0.3678
Aug. 8 2008,0.3633
Aug. 7 2008,0.3575
Aug. 6 2008,0.3636
Aug. 5 2008,0.3537
Aug. 4 2008,0.3587
Aug. 1 2008,0.3743
July 31 2008,0.3842
July 30 2008,0.3587
July 29 2008,0.3416
July 28 2008,0.3421
July 25 2008,0.3433
July 24 2008,0.3363
July 23 2008,0.3441
July 22 2008,0.3506
July 21 2008,0.353
July 18 2008,0.3482
July 17 2008,0.3491
July 16 2008,0.3491
July 15 2008,0.3504
July 14 2008,0.3619
July 11 2008,0.3675
July 10 2008,0.3699
July 9 2008,0.375
July 8 2008,0.3813
July 7 2008,0.3871
July 3 2008,0.3955
July 2 2008,0.3974
July 1 2008,0.4047
June 30 2008,0.3993
June 27 2008,0.4274
June 26 2008,0.4253
June 25 2008,0.4358
June 24 2008,0.4386
June 23 2008,0.4359
June 20 2008,0.4243
June 19 2008,0.4334
June 18 2008,0.4412
June 17 2008,0.4394
June 16 2008,0.4292
June 13 2008,0.4285
June 12 2008,0.4273
June 11 2008,0.4258
June 10 2008,0.4249
June 9 2008,0.4236
June 6 2008,0.4164
June 5 2008,0.426
June 4 2008,0.4191
June 3 2008,0.4311
June 2 2008,0.43
May 30 2008,0.4285
May 29 2008,0.4239
May 28 2008,0.4271
May 27 2008,0.4257
May 23 2008,0.4311
May 22 2008,0.4381
May 21 2008,0.4461
May 20 2008,0.44
May 19 2008,0.4418
May 16 2008,0.4522
May 15 2008,0.4403
May 14 2008,0.4341
May 13 2008,0.4422
May 12 2008,0.4412
May 9 2008,0.4361
May 8 2008,0.4384
May 7 2008,0.4329
May 6 2008,0.4377
May 5 2008,0.4303
May 2 2008,0.4247
May 1 2008,0.406
April 30 2008,0.3909
April 29 2008,0.3933
April 28 2008,0.3968
April 25 2008,0.3967
April 24 2008,0.3972
April 23 2008,0.4073
April 22 2008,0.4097
April 21 2008,0.4149
April 18 2008,0.4122
April 17 2008,0.4113
April 16 2008,0.4049
April 15 2008,0.3933
April 14 2008,0.3961
April 11 2008,0.3871
April 10 2008,0.3924
April 9 2008,0.4018
April 8 2008,0.409
April 7 2008,0.4108
April 4 2008,0.4123
April 3 2008,0.4058
April 2 2008,0.4036
April 1 2008,0.3968
March 31 2008,0.3915
March 28 2008,0.4132
March 27 2008,0.4169
March 26 2008,0.4217
March 25 2008,0.4176
March 24 2008,0.4186
March 20 2008,0.4136
March 19 2008,0.4046
March 18 2008,0.4277
March 17 2008,0.4148
March 14 2008,0.4425
March 13 2008,0.4545
March 12 2008,0.4508
March 11 2008,0.4682
March 10 2008,0.4512
March 7 2008,0.4481
March 6 2008,0.4515
March 5 2008,0.4633
March 4 2008,0.4578
March 3 2008,0.4645
Feb. 29 2008,0.4599
Feb. 28 2008,0.4668
Feb. 27 2008,0.4683
Feb. 26 2008,0.4618
Feb. 25 2008,0.4548
Feb. 22 2008,0.4487
Feb. 21 2008,0.4435
Feb. 20 2008,0.4571
Feb. 19 2008,0.4555
Feb. 15 2008,0.4438
Feb. 14 2008,0.4429
Feb. 13 2008,0.4421
Feb. 12 2008,0.4333
Feb. 11 2008,0.4323
Feb. 8 2008,0.4335
Feb. 7 2008,0.4119
Feb. 6 2008,0.4091
Feb. 5 2008,0.4168
Feb. 4 2008,0.4304
Feb. 1 2008,0.4315
Jan. 31 2008,0.4174
Jan. 30 2008,0.4447
Jan. 29 2008,0.4533
Jan. 28 2008,0.4389
Jan. 25 2008,0.4315
Jan. 24 2008,0.4383
Jan. 23 2008,0.419
Jan. 22 2008,0.4152
Jan. 18 2008,0.4208
Jan. 17 2008,0.4225
Jan. 16 2008,0.4415
Jan. 15 2008,0.4535
Jan. 14 2008,0.4725
Jan. 11 2008,0.4698
Jan. 10 2008,0.4801
Jan. 9 2008,0.4889
Jan. 8 2008,0.4983
Jan. 7 2008,0.5009
Jan. 4 2008,0.5053
Jan. 3 2008,0.5214
Jan. 2 2008,0.5181
Dec. 31 2007,0.5143
Dec. 28 2007,0.5452
Dec. 27 2007,0.5417
Dec. 26 2007,0.5469
Dec. 24 2007,0.5412
Dec. 21 2007,0.5374
Dec. 20 2007,0.5249
Dec. 19 2007,0.5147
Dec. 18 2007,0.5146
Dec. 17 2007,0.5028
Dec. 14 2007,0.5128
Dec. 13 2007,0.5235
Dec. 12 2007,0.5216
Dec. 11 2007,0.5142
Dec. 10 2007,0.5184
Dec. 7 2007,0.5201
Dec. 6 2007,0.5142
Dec. 5 2007,0.4994
Dec. 4 2007,0.4934
Dec. 3 2007,0.5005
Nov. 30 2007,0.4935
Nov. 29 2007,0.4888
Nov. 28 2007,0.485
Nov. 27 2007,0.4731
Nov. 26 2007,0.4767
Nov. 23 2007,0.4973
Nov. 21 2007,0.4965
Nov. 20 2007,0.5062
Nov. 19 2007,0.4969
Nov. 16 2007,0.5063
Nov. 15 2007,0.4815
Nov. 14 2007,0.4938
Nov. 13 2007,0.5067
Nov. 12 2007,0.5055
Nov. 9 2007,0.5237
Nov. 8 2007,0.5343
Nov. 7 2007,0.5271
Nov. 6 2007,0.5368
Nov. 5 2007,0.5162
Nov. 2 2007,0.5236
Nov. 1 2007,0.5076
Oct. 31 2007,0.5193
Oct. 30 2007,0.5052
Oct. 29 2007,0.5302
Oct. 26 2007,0.5321
Oct. 25 2007,0.5233
Oct. 24 2007,0.5164
Oct. 23 2007,0.5081
Oct. 22 2007,0.511
Oct. 19 2007,0.5111
Oct. 18 2007,0.5217
Oct. 17 2007,0.5095
Oct. 16 2007,0.5217
Oct. 15 2007,0.5211
Oct. 12 2007,0.513
Oct. 11 2007,0.5085
Oct. 10 2007,0.5186
Oct. 9 2007,0.5133
Oct. 8 2007,0.5149
Oct. 5 2007,0.5139
Oct. 4 2007,0.5079
Oct. 3 2007,0.5009
Oct. 2 2007,0.5055
Oct. 1 2007,0.5066
Sept. 28 2007,0.4667
Sept. 27 2007,0.4688
Sept. 26 2007,0.4706
Sept. 25 2007,0.4662
Sept. 24 2007,0.4724
Sept. 21 2007,0.476
Sept. 20 2007,0.4767
Sept. 19 2007,0.477
Sept. 18 2007,0.472
Sept. 17 2007,0.4623
Sept. 14 2007,0.4583
Sept. 13 2007,0.4506
Sept. 12 2007,0.4438
Sept. 11 2007,0.4357
Sept. 10 2007,0.4381
Sept. 7 2007,0.4479
Sept. 6 2007,0.4634
Sept. 5 2007,0.4595
Sept. 4 2007,0.4568
Aug. 31 2007,0.4432
Aug. 30 2007,0.4384
Aug. 29 2007,0.4418
Aug. 28 2007,0.4187
Aug. 27 2007,0.4354
Aug. 24 2007,0.442
Aug. 23 2007,0.4227
Aug. 22 2007,0.4286
Aug. 21 2007,0.423
Aug. 20 2007,0.4283
Aug. 17 2007,0.4399
Aug. 16 2007,0.4159
Aug. 15 2007,0.414
Aug. 14 2007,0.4308
Aug. 13 2007,0.4423
Aug. 10 2007,0.428
Aug. 9 2007,0.4083
Aug. 8 2007,0.4295
Aug. 7 2007,0.432
Aug. 6 2007,0.4083
Aug. 3 2007,0.4126
Aug. 2 2007,0.4271
Aug. 1 2007,0.4457
July 31 2007,0.4531
July 30 2007,0.4666
July 27 2007,0.4527
July 26 2007,0.4662
July 25 2007,0.4848
July 24 2007,0.4746
July 23 2007,0.4984
July 20 2007,0.4986
July 19 2007,0.5124
July 18 2007,0.5153
July 17 2007,0.5051
July 16 2007,0.5132
July 13 2007,0.527
July 12 2007,0.5174
July 11 2007,0.5107
July 10 2007,0.5196
July 9 2007,0.5184
July 6 2007,0.5161
July 5 2007,0.5098
July 3 2007,0.5114
July 2 2007,0.4981
June 29 2007,0.4808
June 28 2007,0.4791
June 27 2007,0.4802
June 26 2007,0.4849
June 25 2007,0.4969
June 22 2007,0.4971
June 21 2007,0.5056
June 20 2007,0.4945
June 19 2007,0.5165
June 18 2007,0.524
June 15 2007,0.5283
June 14 2007,0.515
June 13 2007,0.504
June 12 2007,0.4923
June 11 2007,0.4996
June 8 2007,0.5016
June 7 2007,0.4942
June 6 2007,0.4999
June 5 2007,0.5085
June 4 2007,0.5126
June 1 2007,0.5066
May 31 2007,0.4954
May 30 2007,0.489
May 29 2007,0.4769
May 25 2007,0.4796
May 24 2007,0.4698
May 23 2007,0.4729
May 22 2007,0.4672
May 21 2007,0.4663
May 18 2007,0.4604
May 17 2007,0.4564
May 16 2007,0.45
May 15 2007,0.4489
May 14 2007,0.4393
May 11 2007,0.4335
May 10 2007,0.4266
May 9 2007,0.4302
May 8 2007,0.4261
May 7 2007,0.4222
May 4 2007,0.4223
May 3 2007,0.4191
May 2 2007,0.4145
May 1 2007,0.4104
April 30 2007,0.4115
April 27 2007,0.4162
April 26 2007,0.4177
April 25 2007,0.4153
April 24 2007,0.4048
April 23 2007,0.4071
April 20 2007,0.4077
April 19 2007,0.4076
April 18 2007,0.4106
April 17 2007,0.4054
April 16 2007,0.4139
April 13 2007,0.4131
April 12 2007,0.4149
April 11 2007,0.4107
April 10 2007,0.4108
April 9 2007,0.4129
April 5 2007,0.4162
April 4 2007,0.4132
April 3 2007,0.4084
April 2 2007,0.4074
March 30 2007,0.3779
March 29 2007,0.3888
March 28 2007,0.3904
March 27 2007,0.3908
March 26 2007,0.3913
March 23 2007,0.3862
March 22 2007,0.3874
March 21 2007,0.3794
March 20 2007,0.375
March 19 2007,0.366
March 16 2007,0.358
March 15 2007,0.3602
March 14 2007,0.3585
March 13 2007,0.3528
March 12 2007,0.3589
March 9 2007,0.3632
March 8 2007,0.3611
March 7 2007,0.3571
March 6 2007,0.35
March 5 2007,0.3432
March 2 2007,0.3435
March 1 2007,0.3503
Feb. 28 2007,0.3488
Feb. 27 2007,0.3454
Feb. 26 2007,0.3561
Feb. 23 2007,0.3555
Feb. 22 2007,0.3538
Feb. 21 2007,0.3527
Feb. 20 2007,0.3477
Feb. 16 2007,0.3499
Feb. 15 2007,0.3508
Feb. 14 2007,0.3563
Feb. 13 2007,0.3548
Feb. 12 2007,0.3463
Feb. 9 2007,0.3503
Feb. 8 2007,0.354
Feb. 7 2007,0.3435
Feb. 6 2007,0.3445
Feb. 5 2007,0.3469
Feb. 2 2007,0.3448
Feb. 1 2007,0.3495
Jan. 31 2007,0.3474
Jan. 30 2007,0.3455
Jan. 29 2007,0.3379
Jan. 26 2007,0.3437
Jan. 25 2007,0.3439
Jan. 24 2007,0.3507
Jan. 23 2007,0.3488
Jan. 22 2007,0.3389
Jan. 19 2007,0.3378
Jan. 18 2007,0.3306
Jan. 17 2007,0.3336
Jan. 16 2007,0.3305
Jan. 12 2007,0.3363
Jan. 11 2007,0.3243
Jan. 10 2007,0.3296
Jan. 9 2007,0.3329
Jan. 8 2007,0.3362
Jan. 5 2007,0.3332
Jan. 4 2007,0.3272
Jan. 3 2007,0.3384
Dec. 29 2006,0.3276
Dec. 28 2006,0.3297
Dec. 27 2006,0.3283
Dec. 26 2006,0.3227
Dec. 22 2006,0.3219
Dec. 21 2006,0.3253
Dec. 20 2006,0.3311
Dec. 19 2006,0.3363
Dec. 18 2006,0.3275
Dec. 15 2006,0.3376
Dec. 14 2006,0.3445
Dec. 13 2006,0.336
Dec. 12 2006,0.331
Dec. 11 2006,0.3326
Dec. 8 2006,0.3317
Dec. 7 2006,0.332
Dec. 6 2006,0.3387
Dec. 5 2006,0.3363
Dec. 4 2006,0.3374
Dec. 1 2006,0.3381
Nov. 30 2006,0.3339
Nov. 29 2006,0.3346
Nov. 28 2006,0.3258
Nov. 27 2006,0.3252
Nov. 24 2006,0.3236
Nov. 22 2006,0.3218
Nov. 21 2006,0.3235
Nov. 20 2006,0.3163
Nov. 17 2006,0.316
Nov. 16 2006,0.3089
Nov. 15 2006,0.3188
Nov. 14 2006,0.3173
Nov. 13 2006,0.317
Nov. 10 2006,0.3143
Nov. 9 2006,0.3176
Nov. 8 2006,0.3139
Nov. 7 2006,0.3131
Nov. 6 2006,0.3185
Nov. 3 2006,0.3144
Nov. 2 2006,0.306
Nov. 1 2006,0.3059
Oct. 31 2006,0.3073
Oct. 30 2006,0.3055
Oct. 27 2006,0.309
Oct. 26 2006,0.3106
Oct. 25 2006,0.3132
Oct. 24 2006,0.3118
Oct. 23 2006,0.3122
Oct. 20 2006,0.31
Oct. 19 2006,0.3088
Oct. 18 2006,0.303
Oct. 17 2006,0.3036
Oct. 16 2006,0.3049
Oct. 13 2006,0.2983
Oct. 12 2006,0.2887
Oct. 11 2006,0.2847
Oct. 10 2006,0.2861
Oct. 9 2006,0.2759
Oct. 6 2006,0.2772
Oct. 5 2006,0.2725
Oct. 4 2006,0.2675
Oct. 3 2006,0.2608
Oct. 2 2006,0.2732
Sept. 29 2006,0.2794
Sept. 28 2006,0.2763
Sept. 27 2006,0.2774
Sept. 26 2006,0.2694
Sept. 25 2006,0.2603
Sept. 22 2006,0.2599
Sept. 21 2006,0.2616
Sept. 20 2006,0.2583
Sept. 19 2006,0.2675
Sept. 18 2006,0.2747
Sept. 15 2006,0.2668
Sept. 14 2006,0.268
Sept. 13 2006,0.2747
Sept. 12 2006,0.2715
Sept. 11 2006,0.2725
Sept. 8 2006,0.2806
Sept. 7 2006,0.2881
Sept. 6 2006,0.2884
Sept. 5 2006,0.3006
Sept. 1 2006,0.3071
Aug. 31 2006,0.302
Aug. 30 2006,0.3068
Aug. 29 2006,0.317
Aug. 28 2006,0.3231
Aug. 25 2006,0.3315
Aug. 24 2006,0.3295
Aug. 23 2006,0.3251
Aug. 22 2006,0.3287
Aug. 21 2006,0.324
Aug. 18 2006,0.3147
Aug. 17 2006,0.3117
Aug. 16 2006,0.3191
Aug. 15 2006,0.3169
Aug. 14 2006,0.3116
Aug. 11 2006,0.322
Aug. 10 2006,0.328
Aug. 9 2006,0.3317
Aug. 8 2006,0.3259
Aug. 7 2006,0.3199
Aug. 4 2006,0.3146
Aug. 3 2006,0.3127
Aug. 2 2006,0.3195
Aug. 1 2006,0.3261
July 31 2006,0.3264
July 28 2006,0.3236
July 27 2006,0.3241
July 26 2006,0.3288
July 25 2006,0.3224
July 24 2006,0.3182
July 21 2006,0.3057
July 20 2006,0.3098
July 19 2006,0.3147
July 18 2006,0.3128
July 17 2006,0.3085
July 14 2006,0.3185
July 13 2006,0.3152
July 12 2006,0.314
July 11 2006,0.3211
July 10 2006,0.3116
July 7 2006,0.3112
July 6 2006,0.3118
July 5 2006,0.3083
July 3 2006,0.3027
June 30 2006,0.3028
June 29 2006,0.3415
June 28 2006,0.3353
June 27 2006,0.3282
June 26 2006,0.3177
June 23 2006,0.3171
June 22 2006,0.3106
June 21 2006,0.308
June 20 2006,0.2997
June 19 2006,0.2996
June 16 2006,0.3094
June 15 2006,0.3104
June 14 2006,0.2994
June 13 2006,0.2925
June 12 2006,0.3013
June 9 2006,0.3052
June 8 2006,0.3088
June 7 2006,0.3079
June 6 2006,0.3182
June 5 2006,0.3181
June 2 2006,0.3231
June 1 2006,0.3175
May 31 2006,0.3112
May 30 2006,0.3091
May 26 2006,0.3146
May 25 2006,0.3135
May 24 2006,0.3051
May 23 2006,0.308
May 22 2006,0.3018
May 19 2006,0.3128
May 18 2006,0.31
May 17 2006,0.3104
May 16 2006,0.3171
May 15 2006,0.3119
May 12 2006,0.323
May 11 2006,0.3311
May 10 2006,0.3359
May 9 2006,0.3319
May 8 2006,0.3318
May 5 2006,0.3333
May 4 2006,0.3306
May 3 2006,0.3323
May 2 2006,0.3366
May 1 2006,0.3329
April 28 2006,0.3277
April 27 2006,0.3249
April 26 2006,0.3367
April 25 2006,0.34
April 24 2006,0.3438
April 21 2006,0.3516
April 20 2006,0.3467
April 19 2006,0.3462
April 18 2006,0.3462
April 17 2006,0.3385
April 13 2006,0.3288
April 12 2006,0.3274
April 11 2006,0.3273
April 10 2006,0.3269
April 7 2006,0.3231
April 6 2006,0.3273
April 5 2006,0.3287
April 4 2006,0.3232
April 3 2006,0.3181
March 31 2006,0.3162
March 30 2006,0.3222
March 29 2006,0.322
March 28 2006,0.326
March 27 2006,0.3266
March 24 2006,0.3233
March 23 2006,0.3226
March 22 2006,0.3193
March 21 2006,0.3172
March 20 2006,0.3135
March 17 2006,0.3198
March 16 2006,0.3242
March 15 2006,0.3135
March 14 2006,0.3074
March 13 2006,0.2996
March 10 2006,0.2936
March 9 2006,0.291
March 8 2006,0.2937
March 7 2006,0.2914
March 6 2006,0.2947
March 3 2006,0.3044
March 2 2006,0.3056
March 1 2006,0.305
Feb. 28 2006,0.2978
Feb. 27 2006,0.3012
Feb. 24 2006,0.3039
Feb. 23 2006,0.30
Feb. 22 2006,0.2991
Feb. 21 2006,0.2993
Feb. 17 2006,0.2998
Feb. 16 2006,0.2935
Feb. 15 2006,0.2861
Feb. 14 2006,0.2823
Feb. 13 2006,0.2857
Feb. 10 2006,0.2819
Feb. 9 2006,0.2875
Feb. 8 2006,0.293
Feb. 7 2006,0.2949
Feb. 6 2006,0.3076
Feb. 3 2006,0.3016
Feb. 2 2006,0.3074
Feb. 1 2006,0.3181
Jan. 31 2006,0.3217
Jan. 30 2006,0.3204
Jan. 27 2006,0.3147
Jan. 26 2006,0.305
Jan. 25 2006,0.3029
Jan. 24 2006,0.3063
Jan. 23 2006,0.3052
Jan. 20 2006,0.3054
Jan. 19 2006,0.3044
Jan. 18 2006,0.2997
Jan. 17 2006,0.3015
Jan. 13 2006,0.3005
Jan. 12 2006,0.2928
Jan. 11 2006,0.295
Jan. 10 2006,0.2936
Jan. 9 2006,0.2877
Jan. 6 2006,0.2828
Jan. 5 2006,0.2798
Jan. 4 2006,0.2806
Jan. 3 2006,0.2773
Dec. 30 2005,0.3485
Dec. 29 2005,0.3473
Dec. 28 2005,0.35
Dec. 27 2005,0.3439
Dec. 23 2005,0.354
Dec. 22 2005,0.3556
Dec. 21 2005,0.353
Dec. 20 2005,0.3506
Dec. 19 2005,0.3506
Dec. 16 2005,0.3523
Dec. 15 2005,0.3573
Dec. 14 2005,0.3635
Dec. 13 2005,0.3529
Dec. 12 2005,0.3526
Dec. 9 2005,0.3519
Dec. 8 2005,0.3552
Dec. 7 2005,0.3509
Dec. 6 2005,0.3511
Dec. 5 2005,0.3519
Dec. 2 2005,0.3477
Dec. 1 2005,0.3492
Nov. 30 2005,0.3408
Nov. 29 2005,0.3377
Nov. 28 2005,0.3343
Nov. 25 2005,0.3487
Nov. 23 2005,0.3474
Nov. 22 2005,0.3493
Nov. 21 2005,0.343
Nov. 18 2005,0.3396
Nov. 17 2005,0.3379
Nov. 16 2005,0.3367
Nov. 15 2005,0.3309
Nov. 14 2005,0.3363
Nov. 11 2005,0.3315
Nov. 10 2005,0.3273
Nov. 9 2005,0.3404
Nov. 8 2005,0.3425
Nov. 7 2005,0.3394
Nov. 4 2005,0.3483
Nov. 3 2005,0.3584
Nov. 2 2005,0.3511
Nov. 1 2005,0.3426
Oct. 31 2005,0.3448
Oct. 28 2005,0.3438
Oct. 27 2005,0.3316
Oct. 26 2005,0.349
Oct. 25 2005,0.3476
Oct. 24 2005,0.3422
Oct. 21 2005,0.3318
Oct. 20 2005,0.327
Oct. 19 2005,0.3442
Oct. 18 2005,0.3389
Oct. 17 2005,0.3507
Oct. 14 2005,0.3429
Oct. 13 2005,0.3436
Oct. 12 2005,0.3541
Oct. 11 2005,0.3605
Oct. 10 2005,0.3535
Oct. 7 2005,0.3548
Oct. 6 2005,0.3438
Oct. 5 2005,0.349
Oct. 4 2005,0.3663
Oct. 3 2005,0.3862
Sept. 30 2005,0.385
Sept. 29 2005,0.4095
Sept. 28 2005,0.4111
Sept. 27 2005,0.4094
Sept. 26 2005,0.4079
Sept. 23 2005,0.4029
Sept. 22 2005,0.4122
Sept. 21 2005,0.4139
Sept. 20 2005,0.4022
Sept. 19 2005,0.4059
Sept. 16 2005,0.4001
Sept. 15 2005,0.3973
Sept. 14 2005,0.3959
Sept. 13 2005,0.3924
Sept. 12 2005,0.3949
Sept. 9 2005,0.3988
Sept. 8 2005,0.3885
Sept. 7 2005,0.3903
Sept. 6 2005,0.3888
Sept. 2 2005,0.3857
Sept. 1 2005,0.3943
Aug. 31 2005,0.382
Aug. 30 2005,0.3706
Aug. 29 2005,0.3613
Aug. 26 2005,0.357
Aug. 25 2005,0.3587
Aug. 24 2005,0.3616
Aug. 23 2005,0.359
Aug. 22 2005,0.3621
Aug. 19 2005,0.3619
Aug. 18 2005,0.3557
Aug. 17 2005,0.3564
Aug. 16 2005,0.3654
Aug. 15 2005,0.372
Aug. 12 2005,0.3776
Aug. 11 2005,0.3789
Aug. 10 2005,0.3747
Aug. 9 2005,0.3689
Aug. 8 2005,0.3678
Aug. 5 2005,0.3607
Aug. 4 2005,0.3623
Aug. 3 2005,0.362
Aug. 2 2005,0.364
Aug. 1 2005,0.3593
July 29 2005,0.3529
July 28 2005,0.3559
July 27 2005,0.3505
July 26 2005,0.3495
July 25 2005,0.351
July 22 2005,0.3482
July 21 2005,0.3409
July 20 2005,0.3409
July 19 2005,0.3395
July 18 2005,0.3349
July 15 2005,0.3375
July 14 2005,0.3397
July 13 2005,0.3495
July 12 2005,0.3496
July 11 2005,0.3434
July 8 2005,0.3419
July 7 2005,0.3423
July 6 2005,0.3371
July 5 2005,0.3453
July 1 2005,0.339
June 30 2005,0.3284
June 29 2005,0.345
June 28 2005,0.3475
June 27 2005,0.3556
June 24 2005,0.3516
June 23 2005,0.3499
June 22 2005,0.348
June 21 2005,0.342
June 20 2005,0.3509
June 17 2005,0.3524
June 16 2005,0.3464
June 15 2005,0.3415
June 14 2005,0.338
June 13 2005,0.3366
June 10 2005,0.3374
June 9 2005,0.3373
June 8 2005,0.3308
June 7 2005,0.3267
June 6 2005,0.3273
June 3 2005,0.3277
June 2 2005,0.3256
June 1 2005,0.3258
May 31 2005,0.3203
May 27 2005,0.3223
May 26 2005,0.3197
May 25 2005,0.3173
May 24 2005,0.3155
May 23 2005,0.3133
May 20 2005,0.3089
May 19 2005,0.3114
May 18 2005,0.3068
May 17 2005,0.3051
May 16 2005,0.3014
May 13 2005,0.3046
May 12 2005,0.3079
May 11 2005,0.3202
May 10 2005,0.3211
May 9 2005,0.3242
May 6 2005,0.3194
May 5 2005,0.3183
May 4 2005,0.3153
May 3 2005,0.3114
May 2 2005,0.3171
April 29 2005,0.3106
April 28 2005,0.3071
April 27 2005,0.314
April 26 2005,0.3171
April 25 2005,0.3202
April 22 2005,0.3174
April 21 2005,0.3138
April 20 2005,0.3083
April 19 2005,0.3085
April 18 2005,0.3023
April 15 2005,0.2978
April 14 2005,0.307
April 13 2005,0.3059
April 12 2005,0.3135
April 11 2005,0.3202
April 8 2005,0.3165
April 7 2005,0.3198
April 6 2005,0.3197
April 5 2005,0.3164
April 4 2005,0.319
April 1 2005,0.319
March 31 2005,0.3123
March 30 2005,0.3235
March 29 2005,0.3193
March 28 2005,0.3213
March 24 2005,0.3226
March 23 2005,0.3217
March 22 2005,0.3235
March 21 2005,0.3305
March 18 2005,0.3295
March 17 2005,0.3293
March 16 2005,0.3237
March 15 2005,0.3226
March 14 2005,0.3259
March 11 2005,0.3241
March 10 2005,0.3229
March 9 2005,0.3287
March 8 2005,0.3374
March 7 2005,0.339
March 4 2005,0.3393
March 3 2005,0.3352
March 2 2005,0.3293
March 1 2005,0.3288
Feb. 28 2005,0.3317
Feb. 25 2005,0.3276
Feb. 24 2005,0.3199
Feb. 23 2005,0.3151
Feb. 22 2005,0.3139
Feb. 18 2005,0.3164
Feb. 17 2005,0.3108
Feb. 16 2005,0.3129
Feb. 15 2005,0.3082
Feb. 14 2005,0.3044
Feb. 11 2005,0.3066
Feb. 10 2005,0.3042
Feb. 9 2005,0.2982
Feb. 8 2005,0.296
Feb. 7 2005,0.2941
Feb. 4 2005,0.2949
Feb. 3 2005,0.2954
Feb. 2 2005,0.2922
Feb. 1 2005,0.2878
Jan. 31 2005,0.2854
Jan. 28 2005,0.2834
Jan. 27 2005,0.2863
Jan. 26 2005,0.289
Jan. 25 2005,0.2878
Jan. 24 2005,0.2846
Jan. 21 2005,0.2818
Jan. 20 2005,0.2801
Jan. 19 2005,0.2839
Jan. 18 2005,0.2856
Jan. 14 2005,0.2831
Jan. 13 2005,0.2831
Jan. 12 2005,0.281
Jan. 11 2005,0.2791
Jan. 10 2005,0.2776
Jan. 7 2005,0.2752
Jan. 6 2005,0.2723
Jan. 5 2005,0.2694
Jan. 4 2005,0.2717
Jan. 3 2005,0.2739
Dec. 31 2004,0.2794
Dec. 30 2004,0.2932
Dec. 29 2004,0.2918
Dec. 28 2004,0.2899
Dec. 27 2004,0.29
Dec. 23 2004,0.2924
Dec. 22 2004,0.2914
Dec. 21 2004,0.293
Dec. 20 2004,0.2915
Dec. 17 2004,0.2926
Dec. 16 2004,0.2924
Dec. 15 2004,0.2938
Dec. 14 2004,0.291
Dec. 13 2004,0.2904
Dec. 10 2004,0.2891
Dec. 9 2004,0.2907
Dec. 8 2004,0.2903
Dec. 7 2004,0.2895
Dec. 6 2004,0.2926
Dec. 3 2004,0.2936
Dec. 2 2004,0.2927
Dec. 1 2004,0.2972
Nov. 30 2004,0.3038
Nov. 29 2004,0.3049
Nov. 26 2004,0.306
Nov. 24 2004,0.3046
Nov. 23 2004,0.3027
Nov. 22 2004,0.3018
Nov. 19 2004,0.2981
Nov. 18 2004,0.2937
Nov. 17 2004,0.2929
Nov. 16 2004,0.2905
Nov. 15 2004,0.29
Nov. 12 2004,0.2973
Nov. 11 2004,0.2931
Nov. 10 2004,0.2927
Nov. 9 2004,0.2932
Nov. 8 2004,0.2947
Nov. 5 2004,0.2984
Nov. 4 2004,0.2963
Nov. 3 2004,0.2938
Nov. 2 2004,0.2911
Nov. 1 2004,0.2942
Oct. 29 2004,0.2968
Oct. 28 2004,0.2943
Oct. 27 2004,0.2964
Oct. 26 2004,0.3032
Oct. 25 2004,0.3075
Oct. 22 2004,0.3083
Oct. 21 2004,0.3074
Oct. 20 2004,0.3087
Oct. 19 2004,0.3037
Oct. 18 2004,0.3055
Oct. 15 2004,0.3078
Oct. 14 2004,0.3081
Oct. 13 2004,0.3031
Oct. 12 2004,0.3103
Oct. 11 2004,0.3122
Oct. 8 2004,0.3133
Oct. 7 2004,0.3134
Oct. 6 2004,0.3181
Oct. 5 2004,0.3153
Oct. 4 2004,0.3157
Oct. 1 2004,0.3172
Sept. 30 2004,0.3136
Sept. 29 2004,0.3375
Sept. 28 2004,0.3414
Sept. 27 2004,0.3354
Sept. 24 2004,0.3357
Sept. 23 2004,0.3304
Sept. 22 2004,0.3328
Sept. 21 2004,0.3335
Sept. 20 2004,0.3264
Sept. 17 2004,0.3253
Sept. 16 2004,0.322
Sept. 15 2004,0.3213
Sept. 14 2004,0.3218
Sept. 13 2004,0.3196
Sept. 10 2004,0.3181
Sept. 9 2004,0.3189
Sept. 8 2004,0.3156
Sept. 7 2004,0.3156
Sept. 3 2004,0.315
Sept. 2 2004,0.3161
Sept. 1 2004,0.3135
Aug. 31 2004,0.3114
Aug. 30 2004,0.3066
Aug. 27 2004,0.3075
Aug. 26 2004,0.3062
Aug. 25 2004,0.3036
Aug. 24 2004,0.3002
Aug. 23 2004,0.2983
Aug. 20 2004,0.3006
Aug. 19 2004,0.301
Aug. 18 2004,0.3018
Aug. 17 2004,0.3012
Aug. 16 2004,0.3077
Aug. 13 2004,0.3046
Aug. 12 2004,0.3032
Aug. 11 2004,0.3038
Aug. 10 2004,0.3071
Aug. 9 2004,0.3096
Aug. 6 2004,0.3051
Aug. 5 2004,0.3087
Aug. 4 2004,0.3131
Aug. 3 2004,0.3194
Aug. 2 2004,0.3184
July 30 2004,0.3188
July 29 2004,0.318
July 28 2004,0.3151
July 27 2004,0.3144
July 26 2004,0.3129
July 23 2004,0.3141
July 22 2004,0.316
July 21 2004,0.3153
July 20 2004,0.3188
July 19 2004,0.3179
July 16 2004,0.3187
July 15 2004,0.3164
July 14 2004,0.315
July 13 2004,0.3127
July 12 2004,0.3138
July 9 2004,0.3163
July 8 2004,0.3175
July 7 2004,0.3161
July 6 2004,0.3216
July 2 2004,0.3205
July 1 2004,0.3182
June 30 2004,0.3189
June 29 2004,0.338
June 28 2004,0.3378
June 25 2004,0.34
June 24 2004,0.3392
June 23 2004,0.3407
June 22 2004,0.335
June 21 2004,0.3358
June 18 2004,0.3353
June 17 2004,0.3337
June 16 2004,0.3288
June 15 2004,0.3246
June 14 2004,0.3202
June 10 2004,0.3225
June 9 2004,0.3189
June 8 2004,0.3226
June 7 2004,0.3209
June 4 2004,0.3149
June 3 2004,0.3175
June 2 2004,0.3213
June 1 2004,0.321
May 28 2004,0.3154
May 27 2004,0.3131
May 26 2004,0.3175
May 25 2004,0.3163
May 24 2004,0.3119
May 21 2004,0.3101
May 20 2004,0.3102
May 19 2004,0.3103
May 18 2004,0.312
May 17 2004,0.3139
May 14 2004,0.317
May 13 2004,0.315
May 12 2004,0.3188
May 11 2004,0.3159
May 10 2004,0.3113
May 7 2004,0.3191
May 6 2004,0.3226
May 5 2004,0.3223
May 4 2004,0.3214
May 3 2004,0.3184
April 30 2004,0.3168
April 29 2004,0.3191
April 28 2004,0.3207
April 27 2004,0.3265
April 26 2004,0.3219
April 23 2004,0.32
April 22 2004,0.3192
April 21 2004,0.316
April 20 2004,0.3152
April 19 2004,0.3213
April 16 2004,0.322
April 15 2004,0.3194
April 14 2004,0.3156
April 13 2004,0.3174
April 12 2004,0.3198
April 8 2004,0.317
April 7 2004,0.3127
April 6 2004,0.3143
April 5 2004,0.3143
April 2 2004,0.3119
April 1 2004,0.3125
March 31 2004,0.3174
March 30 2004,0.3177
March 29 2004,0.3111
March 26 2004,0.3111
March 25 2004,0.3071
March 24 2004,0.3155
March 23 2004,0.3203
March 22 2004,0.322
March 19 2004,0.325
March 18 2004,0.333
March 17 2004,0.3318
March 16 2004,0.3278
March 15 2004,0.3281
March 12 2004,0.328
March 11 2004,0.3258
March 10 2004,0.33
March 9 2004,0.3328
March 8 2004,0.3335
March 5 2004,0.3325
March 4 2004,0.3306
March 3 2004,0.3317
March 2 2004,0.331
March 1 2004,0.3367
Feb. 27 2004,0.3315
Feb. 26 2004,0.3276
Feb. 25 2004,0.3258
Feb. 24 2004,0.325
Feb. 23 2004,0.3253
Feb. 20 2004,0.3245
Feb. 19 2004,0.3251
Feb. 18 2004,0.3246
Feb. 17 2004,0.3238
Feb. 13 2004,0.3223
Feb. 12 2004,0.3217
Feb. 11 2004,0.3223
Feb. 10 2004,0.3187
Feb. 9 2004,0.317
Feb. 6 2004,0.3154
Feb. 5 2004,0.312
Feb. 4 2004,0.3133
Feb. 3 2004,0.3186
Feb. 2 2004,0.3176
Jan. 30 2004,0.3165
Jan. 29 2004,0.3191
Jan. 28 2004,0.3219
Jan. 27 2004,0.3275
Jan. 26 2004,0.3281
Jan. 23 2004,0.3263
Jan. 22 2004,0.3256
Jan. 21 2004,0.3277
Jan. 20 2004,0.3257
Jan. 16 2004,0.3217
Jan. 15 2004,0.3222
Jan. 14 2004,0.3248
Jan. 13 2004,0.3263
Jan. 12 2004,0.3249
Jan. 9 2004,0.325
Jan. 8 2004,0.3256
Jan. 7 2004,0.3247
Jan. 6 2004,0.3255
Jan. 5 2004,0.3254
Jan. 2 2004,0.3208
Dec. 31 2003,0.3199
Dec. 30 2003,0.377
Dec. 29 2003,0.376
Dec. 26 2003,0.3728
Dec. 24 2003,0.3721
Dec. 23 2003,0.3698
Dec. 22 2003,0.3702
Dec. 19 2003,0.3697
Dec. 18 2003,0.3696
Dec. 17 2003,0.3631
Dec. 16 2003,0.3612
Dec. 15 2003,0.3597
Dec. 12 2003,0.3621
Dec. 11 2003,0.362
Dec. 10 2003,0.3595
Dec. 9 2003,0.3586
Dec. 8 2003,0.3581
Dec. 5 2003,0.3581
Dec. 4 2003,0.3577
Dec. 3 2003,0.3556
Dec. 2 2003,0.3579
Dec. 1 2003,0.3571
Nov. 28 2003,0.3544
Nov. 26 2003,0.3548
Nov. 25 2003,0.3547
Nov. 24 2003,0.3525
Nov. 21 2003,0.3522
Nov. 20 2003,0.3514
Nov. 19 2003,0.3519
Nov. 18 2003,0.3505
Nov. 17 2003,0.3529
Nov. 14 2003,0.3558
Nov. 13 2003,0.3544
Nov. 12 2003,0.352
Nov. 11 2003,0.3514
Nov. 10 2003,0.3525
Nov. 7 2003,0.3553
Nov. 6 2003,0.3533
Nov. 5 2003,0.353
Nov. 4 2003,0.3529
Nov. 3 2003,0.3549
Oct. 31 2003,0.3542
Oct. 30 2003,0.3517
Oct. 29 2003,0.3519
Oct. 28 2003,0.3526
Oct. 27 2003,0.3539
Oct. 24 2003,0.3523
Oct. 23 2003,0.354
Oct. 22 2003,0.3545
Oct. 21 2003,0.356
Oct. 20 2003,0.3565
Oct. 17 2003,0.3572
Oct. 16 2003,0.3579
Oct. 15 2003,0.3574
Oct. 14 2003,0.3582
Oct. 13 2003,0.3588
Oct. 10 2003,0.358
Oct. 9 2003,0.3542
Oct. 8 2003,0.3537
Oct. 7 2003,0.3534
Oct. 6 2003,0.3509
Oct. 3 2003,0.3505
Oct. 2 2003,0.3502
Oct. 1 2003,0.3514
Sept. 30 2003,0.3477
Sept. 29 2003,0.3668
Sept. 26 2003,0.3668
Sept. 25 2003,0.366
Sept. 24 2003,0.3679
Sept. 23 2003,0.367
Sept. 22 2003,0.367
Sept. 19 2003,0.3679
Sept. 18 2003,0.3672
Sept. 17 2003,0.3663
Sept. 16 2003,0.3683
Sept. 15 2003,0.3698
Sept. 12 2003,0.3698
Sept. 11 2003,0.3685
Sept. 10 2003,0.3698
Sept. 9 2003,0.3716
Sept. 8 2003,0.3747
Sept. 5 2003,0.3704
Sept. 4 2003,0.3708
Sept. 3 2003,0.3698
Sept. 2 2003,0.3679
Aug. 29 2003,0.365
Aug. 28 2003,0.3637
Aug. 27 2003,0.3621
Aug. 26 2003,0.359
Aug. 25 2003,0.3601
Aug. 22 2003,0.3582
Aug. 21 2003,0.3606
Aug. 20 2003,0.3587
Aug. 19 2003,0.3594
Aug. 18 2003,0.3598
Aug. 15 2003,0.3617
Aug. 14 2003,0.3614
Aug. 13 2003,0.3609
Aug. 12 2003,0.3578
Aug. 11 2003,0.3571
Aug. 8 2003,0.3527
Aug. 7 2003,0.3498
Aug. 6 2003,0.3491
Aug. 5 2003,0.3467
Aug. 4 2003,0.3482
Aug. 1 2003,0.3495
July 31 2003,0.3514
July 30 2003,0.3513
July 29 2003,0.351
July 28 2003,0.3531
July 25 2003,0.3549
July 24 2003,0.3536
July 23 2003,0.3531
July 22 2003,0.3538
July 21 2003,0.3534
July 18 2003,0.3565
July 17 2003,0.3529
July 16 2003,0.3509
July 15 2003,0.3511
July 14 2003,0.354
July 11 2003,0.3547
July 10 2003,0.354
July 9 2003,0.3574
July 8 2003,0.3575
July 7 2003,0.3559
July 3 2003,0.3563
July 2 2003,0.3568
July 1 2003,0.3562
June 30 2003,0.3552
June 27 2003,0.3644
June 26 2003,0.3639
June 25 2003,0.3641
June 24 2003,0.3637
June 23 2003,0.3661
June 20 2003,0.3684
June 19 2003,0.366
June 18 2003,0.3667
June 17 2003,0.3674
June 16 2003,0.3695
June 13 2003,0.3667
June 12 2003,0.3672
June 11 2003,0.3695
June 10 2003,0.3653
June 9 2003,0.3645
June 6 2003,0.3661
June 5 2003,0.3659
June 4 2003,0.3648
June 3 2003,0.3637
June 2 2003,0.362
May 30 2003,0.3611
May 29 2003,0.3586
May 28 2003,0.3588
May 27 2003,0.3603
May 23 2003,0.3565
May 22 2003,0.3529
May 21 2003,0.3519
May 20 2003,0.3491
May 19 2003,0.349
May 16 2003,0.3541
May 15 2003,0.3534
May 14 2003,0.3515
May 13 2003,0.3497
May 12 2003,0.3467
May 9 2003,0.3462
May 8 2003,0.3471
May 7 2003,0.3485
May 6 2003,0.3457
May 5 2003,0.3442
May 2 2003,0.3441
May 1 2003,0.3417
April 30 2003,0.3413
April 29 2003,0.3399
April 28 2003,0.3425
April 25 2003,0.3407
April 24 2003,0.3419
April 23 2003,0.3425
April 22 2003,0.3443
April 21 2003,0.3437
April 17 2003,0.3443
April 16 2003,0.3437
April 15 2003,0.3462
April 14 2003,0.3442
April 11 2003,0.3431
April 10 2003,0.3437
April 9 2003,0.3449
April 8 2003,0.3453
April 7 2003,0.3475
April 4 2003,0.3495
April 3 2003,0.348
April 2 2003,0.3505
April 1 2003,0.3521
March 31 2003,0.3493
March 28 2003,0.4025
March 27 2003,0.4013
March 26 2003,0.3987
March 25 2003,0.3981
March 24 2003,0.3965
March 21 2003,0.396
March 20 2003,0.3986
March 19 2003,0.3971
March 18 2003,0.3955
March 17 2003,0.3938
March 14 2003,0.389
March 13 2003,0.3909
March 12 2003,0.3907
March 11 2003,0.3958
March 10 2003,0.3977
March 7 2003,0.398
March 6 2003,0.3971
March 5 2003,0.3975
March 4 2003,0.3939
March 3 2003,0.3949
Feb. 28 2003,0.3953
Feb. 27 2003,0.3922
Feb. 26 2003,0.3921
Feb. 25 2003,0.391
Feb. 24 2003,0.3912
Feb. 21 2003,0.3904
Feb. 20 2003,0.3875
Feb. 19 2003,0.3877
Feb. 18 2003,0.3903
Feb. 14 2003,0.3829
Feb. 13 2003,0.3839
Feb. 12 2003,0.3848
Feb. 11 2003,0.3891
Feb. 10 2003,0.3879
Feb. 7 2003,0.3853
Feb. 6 2003,0.3868
Feb. 5 2003,0.3872
Feb. 4 2003,0.3859
Feb. 3 2003,0.3826
Jan. 31 2003,0.3788
Jan. 30 2003,0.3796
Jan. 29 2003,0.3817
Jan. 28 2003,0.3743
Jan. 27 2003,0.3735
Jan. 24 2003,0.3771
Jan. 23 2003,0.3803
Jan. 22 2003,0.3791
Jan. 21 2003,0.3809
Jan. 17 2003,0.3842
Jan. 16 2003,0.386
Jan. 15 2003,0.3849
Jan. 14 2003,0.3845
Jan. 13 2003,0.3831
Jan. 10 2003,0.3822
Jan. 9 2003,0.3822
Jan. 8 2003,0.3813
Jan. 7 2003,0.3825
Jan. 6 2003,0.3896
Jan. 3 2003,0.3835
Jan. 2 2003,0.3851
Dec. 31 2002,0.3817
Dec. 30 2002,0.4232
Dec. 27 2002,0.4221
Dec. 26 2002,0.4254
Dec. 24 2002,0.4254
Dec. 23 2002,0.4267
Dec. 20 2002,0.4251
Dec. 19 2002,0.4218
Dec. 18 2002,0.4227
Dec. 17 2002,0.425
Dec. 16 2002,0.4271
Dec. 13 2002,0.4236
Dec. 12 2002,0.4236
Dec. 11 2002,0.4218
Dec. 10 2002,0.4223
Dec. 9 2002,0.4213
Dec. 6 2002,0.4191
Dec. 5 2002,0.4163
Dec. 4 2002,0.4134
Dec. 3 2002,0.4163
Dec. 2 2002,0.4152
Nov. 29 2002,0.4125
Nov. 27 2002,0.4107
Nov. 26 2002,0.4087
Nov. 25 2002,0.4129
Nov. 22 2002,0.4132
Nov. 21 2002,0.4136
Nov. 20 2002,0.4105
Nov. 19 2002,0.4053
Nov. 18 2002,0.4058
Nov. 15 2002,0.4044
Nov. 14 2002,0.409
Nov. 13 2002,0.4158
Nov. 12 2002,0.4185
Nov. 11 2002,0.4174
Nov. 8 2002,0.4184
Nov. 7 2002,0.4178
Nov. 6 2002,0.4204
Nov. 5 2002,0.4171
Nov. 4 2002,0.4161
Nov. 1 2002,0.4194
Oct. 31 2002,0.4198
Oct. 30 2002,0.4189
Oct. 29 2002,0.4126
Oct. 28 2002,0.4161
Oct. 25 2002,0.4169
Oct. 24 2002,0.4193
Oct. 23 2002,0.4238
Oct. 22 2002,0.4221
Oct. 21 2002,0.4271
Oct. 18 2002,0.4309
Oct. 17 2002,0.4316
Oct. 16 2002,0.4271
Oct. 15 2002,0.4307
Oct. 14 2002,0.4262
Oct. 11 2002,0.4216
Oct. 10 2002,0.4185
Oct. 9 2002,0.416
Oct. 8 2002,0.4224
Oct. 7 2002,0.4255
Oct. 4 2002,0.4295
Oct. 3 2002,0.4341
Oct. 2 2002,0.4337
Oct. 1 2002,0.4373
Sept. 30 2002,0.4343
Sept. 27 2002,0.4435
Sept. 26 2002,0.4449
Sept. 25 2002,0.438
Sept. 24 2002,0.4379
Sept. 23 2002,0.4437
Sept. 20 2002,0.4464
Sept. 19 2002,0.4453
Sept. 18 2002,0.4497
Sept. 17 2002,0.4508
Sept. 16 2002,0.4582
Sept. 13 2002,0.4575
Sept. 12 2002,0.4563
Sept. 11 2002,0.4635
Sept. 10 2002,0.4631
Sept. 9 2002,0.4602
Sept. 6 2002,0.4576
Sept. 5 2002,0.455
Sept. 4 2002,0.4546
Sept. 3 2002,0.4523
Aug. 30 2002,0.4584
Aug. 29 2002,0.4564
Aug. 28 2002,0.4582
Aug. 27 2002,0.4609
Aug. 26 2002,0.458
Aug. 23 2002,0.456
Aug. 22 2002,0.4592
Aug. 21 2002,0.4547
Aug. 20 2002,0.4526
Aug. 19 2002,0.4601
Aug. 16 2002,0.4637
Aug. 15 2002,0.4644
Aug. 14 2002,0.46
Aug. 13 2002,0.4536
Aug. 12 2002,0.4554
Aug. 9 2002,0.4571
Aug. 8 2002,0.4516
Aug. 7 2002,0.4459
Aug. 6 2002,0.4398
Aug. 5 2002,0.4325
Aug. 2 2002,0.4387
Aug. 1 2002,0.4427
July 31 2002,0.4543
July 30 2002,0.4469
July 29 2002,0.447
July 26 2002,0.4375
July 25 2002,0.434
July 24 2002,0.4385
July 23 2002,0.4306
July 22 2002,0.4328
July 19 2002,0.4427
July 18 2002,0.4533
July 17 2002,0.453
July 16 2002,0.4516
July 15 2002,0.4515
July 12 2002,0.4576
July 11 2002,0.4592
July 10 2002,0.4652
July 9 2002,0.468
July 8 2002,0.4724
July 5 2002,0.4687
July 3 2002,0.4687
July 2 2002,0.4694
July 1 2002,0.4738
June 28 2002,0.4484
June 27 2002,0.4443
June 26 2002,0.4426
June 25 2002,0.445
June 24 2002,0.4434
June 21 2002,0.4422
June 20 2002,0.4439
June 19 2002,0.446
June 18 2002,0.4464
June 17 2002,0.4481
June 14 2002,0.4429
June 13 2002,0.4413
June 12 2002,0.4389
June 11 2002,0.4374
June 10 2002,0.4392
June 7 2002,0.4428
June 6 2002,0.4414
June 5 2002,0.4443
June 4 2002,0.4454
June 3 2002,0.447
May 31 2002,0.4507
May 30 2002,0.4491
May 29 2002,0.4552
May 28 2002,0.4562
May 24 2002,0.4581
May 23 2002,0.4604
May 22 2002,0.4595
May 21 2002,0.4581
May 20 2002,0.4568
May 17 2002,0.4579
May 16 2002,0.4597
May 15 2002,0.4568
May 14 2002,0.4624
May 13 2002,0.4617
May 10 2002,0.4578
May 9 2002,0.4589
May 8 2002,0.4603
May 7 2002,0.4562
May 6 2002,0.4568
May 3 2002,0.4645
May 2 2002,0.4634
May 1 2002,0.4657
April 30 2002,0.4634
April 29 2002,0.4623
April 26 2002,0.4624
April 25 2002,0.4647
April 24 2002,0.4632
April 23 2002,0.4662
April 22 2002,0.4664
April 19 2002,0.4693
April 18 2002,0.467
April 17 2002,0.4633
April 16 2002,0.4602
April 15 2002,0.4581
April 12 2002,0.4536
April 11 2002,0.4616
April 10 2002,0.461
April 9 2002,0.4571
April 8 2002,0.4605
April 5 2002,0.4557
April 4 2002,0.457
April 3 2002,0.4609
April 2 2002,0.4625
April 1 2002,0.4626
March 28 2002,0.3784
March 27 2002,0.3783
March 26 2002,0.3763
March 25 2002,0.3756
March 22 2002,0.3756
March 21 2002,0.3795
March 20 2002,0.3798
March 19 2002,0.3837
March 18 2002,0.3854
March 15 2002,0.3839
March 14 2002,0.3812
March 13 2002,0.3826
March 12 2002,0.3832
March 11 2002,0.3781
March 8 2002,0.3741
March 7 2002,0.3758
March 6 2002,0.3768
March 5 2002,0.3726
March 4 2002,0.3761
March 1 2002,0.3741
Feb. 28 2002,0.369
Feb. 27 2002,0.3693
Feb. 26 2002,0.3705
Feb. 25 2002,0.3738
Feb. 22 2002,0.3709
Feb. 21 2002,0.3681
Feb. 20 2002,0.366
Feb. 19 2002,0.3674
Feb. 15 2002,0.3714
Feb. 14 2002,0.3697
Feb. 13 2002,0.368
Feb. 12 2002,0.369
Feb. 11 2002,0.3696
Feb. 8 2002,0.3689
Feb. 7 2002,0.3701
Feb. 6 2002,0.3729
Feb. 5 2002,0.3709
Feb. 4 2002,0.3701
Feb. 1 2002,0.3753
Jan. 31 2002,0.373
Jan. 30 2002,0.3705
Jan. 29 2002,0.3682
Jan. 28 2002,0.3725
Jan. 25 2002,0.3758
Jan. 24 2002,0.3768
Jan. 23 2002,0.3725
Jan. 22 2002,0.3681
Jan. 18 2002,0.3687
Jan. 17 2002,0.3722
Jan. 16 2002,0.3729
Jan. 15 2002,0.3783
Jan. 14 2002,0.3747
Jan. 11 2002,0.3781
Jan. 10 2002,0.3811
Jan. 9 2002,0.3868
Jan. 8 2002,0.3864
Jan. 7 2002,0.387
Jan. 4 2002,0.3851
Jan. 3 2002,0.3823
Jan. 2 2002,0.3851
Dec. 31 2001,0.3869
Dec. 28 2001,0.3641
Dec. 27 2001,0.3622
Dec. 26 2001,0.3597
Dec. 24 2001,0.3546
Dec. 21 2001,0.3531
Dec. 20 2001,0.3482
Dec. 19 2001,0.3477
Dec. 18 2001,0.3447
Dec. 17 2001,0.342
Dec. 14 2001,0.3444
Dec. 13 2001,0.3403
Dec. 12 2001,0.3436
Dec. 11 2001,0.3411
Dec. 10 2001,0.3416
Dec. 7 2001,0.3462
Dec. 6 2001,0.3422
Dec. 5 2001,0.3495
Dec. 4 2001,0.3462
Dec. 3 2001,0.3429
Nov. 30 2001,0.3399
Nov. 29 2001,0.3388
Nov. 28 2001,0.3369
Nov. 27 2001,0.341
Nov. 26 2001,0.3394
Nov. 23 2001,0.3429
Nov. 21 2001,0.3373
Nov. 20 2001,0.3392
Nov. 19 2001,0.3283
Nov. 16 2001,0.3292
Nov. 15 2001,0.3246
Nov. 14 2001,0.3335
Nov. 13 2001,0.3435
Nov. 12 2001,0.3436
Nov. 9 2001,0.3467
Nov. 8 2001,0.3413
Nov. 7 2001,0.3379
Nov. 6 2001,0.3355
Nov. 5 2001,0.3402
Nov. 2 2001,0.34
Nov. 1 2001,0.3489
Oct. 31 2001,0.3422
Oct. 30 2001,0.3391
Oct. 29 2001,0.3478
Oct. 26 2001,0.3501
Oct. 25 2001,0.3457
Oct. 24 2001,0.3443
Oct. 23 2001,0.347
Oct. 22 2001,0.3472
Oct. 19 2001,0.347
Oct. 18 2001,0.3449
Oct. 17 2001,0.3541
Oct. 16 2001,0.3572
Oct. 15 2001,0.354
Oct. 12 2001,0.3602
Oct. 11 2001,0.3618
Oct. 10 2001,0.3628
Oct. 9 2001,0.3559
Oct. 8 2001,0.3528
Oct. 5 2001,0.3544
Oct. 4 2001,0.351
Oct. 3 2001,0.3459
Oct. 2 2001,0.3427
Oct. 1 2001,0.3315
Sept. 28 2001,0.3375
Sept. 27 2001,0.3307
Sept. 26 2001,0.325
Sept. 25 2001,0.3269
Sept. 24 2001,0.3269
Sept. 21 2001,0.3375
Sept. 20 2001,0.3464
Sept. 19 2001,0.3473
Sept. 18 2001,0.3629
Sept. 17 2001,0.3718
Sept. 10 2001,0.3811
Sept. 7 2001,0.3854
Sept. 6 2001,0.3829
Sept. 5 2001,0.3798
Sept. 4 2001,0.3779
Aug. 31 2001,0.3779
Aug. 30 2001,0.3779
Aug. 29 2001,0.3773
Aug. 28 2001,0.3739
Aug. 27 2001,0.3723
Aug. 24 2001,0.3727
Aug. 23 2001,0.3701
Aug. 22 2001,0.3703
Aug. 21 2001,0.369
Aug. 20 2001,0.3689
Aug. 17 2001,0.3699
Aug. 16 2001,0.3734
Aug. 15 2001,0.3738
Aug. 14 2001,0.3667
Aug. 13 2001,0.3658
Aug. 10 2001,0.3651
Aug. 9 2001,0.3622
Aug. 8 2001,0.3609
Aug. 7 2001,0.3634
Aug. 6 2001,0.361
Aug. 3 2001,0.3617
Aug. 2 2001,0.3642
Aug. 1 2001,0.3617
July 31 2001,0.3623
July 30 2001,0.3626
July 27 2001,0.3633
July 26 2001,0.3619
July 25 2001,0.3549
July 24 2001,0.3447
July 23 2001,0.3498
July 20 2001,0.3495
July 19 2001,0.3477
July 18 2001,0.3422
July 17 2001,0.349
July 16 2001,0.3486
July 13 2001,0.3525
July 12 2001,0.3491
July 11 2001,0.3497
July 10 2001,0.3531
July 9 2001,0.3538
July 6 2001,0.3603
July 5 2001,0.3565
July 3 2001,0.3527
July 2 2001,0.3552
June 29 2001,0.381
June 28 2001,0.3698
June 27 2001,0.3775
June 26 2001,0.3869
June 25 2001,0.3852
June 22 2001,0.3868
June 21 2001,0.3835
June 20 2001,0.3905
June 19 2001,0.3974
June 18 2001,0.3967
June 15 2001,0.3994
June 14 2001,0.3983
June 13 2001,0.401
June 12 2001,0.4045
June 11 2001,0.4019
June 8 2001,0.402
June 7 2001,0.3996
June 6 2001,0.4018
June 5 2001,0.4115
June 4 2001,0.4084
June 1 2001,0.4036
May 31 2001,0.4053
May 30 2001,0.4044
May 29 2001,0.4062
May 25 2001,0.4055
May 24 2001,0.4085
May 23 2001,0.4049
May 22 2001,0.4102
May 21 2001,0.4146
May 18 2001,0.4141
May 17 2001,0.4106
May 16 2001,0.4135
May 15 2001,0.408
May 14 2001,0.4049
May 11 2001,0.4007
May 10 2001,0.4012
May 9 2001,0.4015
May 8 2001,0.3944
May 7 2001,0.3936
May 4 2001,0.3911
May 3 2001,0.3863
May 2 2001,0.3874
May 1 2001,0.3993
April 30 2001,0.402
April 27 2001,0.3986
April 26 2001,0.3997
April 25 2001,0.4008
April 24 2001,0.4015
April 23 2001,0.3967
April 20 2001,0.3824
April 19 2001,0.3776
April 18 2001,0.3815
April 17 2001,0.3843
April 16 2001,0.3831
April 12 2001,0.377
April 11 2001,0.3709
April 10 2001,0.3747
April 9 2001,0.3717
April 6 2001,0.3661
April 5 2001,0.3648
April 4 2001,0.3569
April 3 2001,0.3539
April 2 2001,0.3567
March 30 2001,0.3555
March 29 2001,0.3531
March 28 2001,0.3542
March 27 2001,0.3559
March 26 2001,0.354
March 23 2001,0.3516
March 22 2001,0.3508
March 21 2001,0.3603
March 20 2001,0.3682
March 19 2001,0.367
March 16 2001,0.3622
March 15 2001,0.3629
March 14 2001,0.3667
March 13 2001,0.3688
March 12 2001,0.3732
March 9 2001,0.3766
March 8 2001,0.3782
March 7 2001,0.3773
March 6 2001,0.3706
March 5 2001,0.3688
March 2 2001,0.3651
March 1 2001,0.3612
Feb. 28 2001,0.3614
Feb. 27 2001,0.3638
Feb. 26 2001,0.3644
Feb. 23 2001,0.3634
Feb. 22 2001,0.364
Feb. 21 2001,0.3647
Feb. 20 2001,0.3674
Feb. 16 2001,0.3662
Feb. 15 2001,0.3691
Feb. 14 2001,0.371
Feb. 13 2001,0.3691
Feb. 12 2001,0.3731
Feb. 9 2001,0.3712
Feb. 8 2001,0.3668
Feb. 7 2001,0.367
Feb. 6 2001,0.368
Feb. 5 2001,0.3645
Feb. 2 2001,0.3612
Feb. 1 2001,0.3559
Jan. 31 2001,0.3591
Jan. 30 2001,0.3574
Jan. 29 2001,0.3613
Jan. 26 2001,0.3589
Jan. 25 2001,0.3606
Jan. 24 2001,0.36
Jan. 23 2001,0.3617
Jan. 22 2001,0.3572
Jan. 19 2001,0.3572
Jan. 18 2001,0.3556
Jan. 17 2001,0.3611
Jan. 16 2001,0.3661
Jan. 12 2001,0.3633
Jan. 11 2001,0.3611
Jan. 10 2001,0.3617
Jan. 9 2001,0.3622
Jan. 8 2001,0.3655
Jan. 5 2001,0.3683
Jan. 4 2001,0.3611
Jan. 3 2001,0.36
Jan. 2 2001,0.3655
Dec. 29 2000,0.4101
Dec. 28 2000,0.4193
Dec. 27 2000,0.4164
Dec. 26 2000,0.4118
Dec. 22 2000,0.4038
Dec. 21 2000,0.4004
Dec. 20 2000,0.3953
Dec. 19 2000,0.4004
Dec. 18 2000,0.397
Dec. 15 2000,0.393
Dec. 14 2000,0.389
Dec. 13 2000,0.3975
Dec. 12 2000,0.3975
Dec. 11 2000,0.3958
Dec. 8 2000,0.3981
Dec. 7 2000,0.4004
Dec. 6 2000,0.4004
Dec. 5 2000,0.4004
Dec. 4 2000,0.4021
Dec. 1 2000,0.4033
Nov. 30 2000,0.3975
Nov. 29 2000,0.4078
Nov. 28 2000,0.4164
Nov. 27 2000,0.4141
Nov. 24 2000,0.4118
Nov. 22 2000,0.4118
Nov. 21 2000,0.4113
Nov. 20 2000,0.409
Nov. 17 2000,0.4101
Nov. 16 2000,0.4101
Nov. 15 2000,0.4078
Nov. 14 2000,0.4061
Nov. 13 2000,0.4038
Nov. 10 2000,0.405
Nov. 9 2000,0.3993
Nov. 8 2000,0.4033
Nov. 7 2000,0.4061
Nov. 6 2000,0.4056
Nov. 3 2000,0.4078
Nov. 2 2000,0.4078
Nov. 1 2000,0.4136
Oct. 31 2000,0.405
Oct. 30 2000,0.4054
Oct. 27 2000,0.3973
Oct. 26 2000,0.4008
Oct. 25 2000,0.399
Oct. 24 2000,0.4059
Oct. 23 2000,0.4105
Oct. 20 2000,0.4174
Oct. 19 2000,0.4117
Oct. 18 2000,0.4088
Oct. 17 2000,0.418
Oct. 16 2000,0.4186
Oct. 13 2000,0.4191
Oct. 12 2000,0.4301
Oct. 11 2000,0.4226
Oct. 10 2000,0.4237
Oct. 9 2000,0.4168
Oct. 6 2000,0.4071
Oct. 5 2000,0.4105
Oct. 4 2000,0.4134
Oct. 3 2000,0.4209
Oct. 2 2000,0.4243
Sept. 29 2000,0.4694
Sept. 28 2000,0.4682
Sept. 27 2000,0.4682
Sept. 26 2000,0.46
Sept. 25 2000,0.4511
Sept. 22 2000,0.4568
Sept. 21 2000,0.4637
Sept. 20 2000,0.4694
Sept. 19 2000,0.4682
Sept. 18 2000,0.4764
Sept. 15 2000,0.477
Sept. 14 2000,0.4663
Sept. 13 2000,0.4675
Sept. 12 2000,0.4751
Sept. 11 2000,0.4783
Sept. 8 2000,0.4694
Sept. 7 2000,0.4694
Sept. 6 2000,0.4726
Sept. 5 2000,0.4656
Sept. 1 2000,0.4612
Aug. 31 2000,0.4599
Aug. 30 2000,0.4587
Aug. 29 2000,0.4625
Aug. 28 2000,0.4543
Aug. 25 2000,0.4581
Aug. 24 2000,0.4524
Aug. 23 2000,0.4675
Aug. 22 2000,0.4606
Aug. 21 2000,0.4581
Aug. 18 2000,0.4555
Aug. 17 2000,0.4612
Aug. 16 2000,0.4562
Aug. 15 2000,0.4517
Aug. 14 2000,0.4511
Aug. 11 2000,0.4498
Aug. 10 2000,0.4524
Aug. 9 2000,0.446
Aug. 8 2000,0.4404
Aug. 7 2000,0.4435
Aug. 4 2000,0.4435
Aug. 3 2000,0.4429
Aug. 2 2000,0.4366
Aug. 1 2000,0.4303
July 31 2000,0.4284
July 28 2000,0.4299
July 27 2000,0.4324
July 26 2000,0.4217
July 25 2000,0.423
July 24 2000,0.4248
July 21 2000,0.4305
July 20 2000,0.4394
July 19 2000,0.4387
July 18 2000,0.4406
July 17 2000,0.4394
July 14 2000,0.4425
July 13 2000,0.4381
July 12 2000,0.4394
July 11 2000,0.445
July 10 2000,0.4375
July 7 2000,0.4312
July 6 2000,0.4305
July 5 2000,0.4299
July 3 2000,0.4425
June 30 2000,0.4356
June 29 2000,0.523
June 28 2000,0.5186
June 27 2000,0.5215
June 26 2000,0.5251
June 23 2000,0.5302
June 22 2000,0.5302
June 21 2000,0.5352
June 20 2000,0.5302
June 19 2000,0.5302
June 16 2000,0.5396
June 15 2000,0.528
June 14 2000,0.5453
June 13 2000,0.5367
June 12 2000,0.5381
June 9 2000,0.523
June 8 2000,0.5273
June 7 2000,0.5194
June 6 2000,0.5251
June 5 2000,0.515
June 2 2000,0.5201
June 1 2000,0.5266
May 31 2000,0.5302
May 30 2000,0.5136
May 26 2000,0.515
May 25 2000,0.4999
May 24 2000,0.5078
May 23 2000,0.5057
May 22 2000,0.5057
May 19 2000,0.5093
May 18 2000,0.5093
May 17 2000,0.5136
May 16 2000,0.5057
May 15 2000,0.5121
May 12 2000,0.5049
May 11 2000,0.502
May 10 2000,0.4862
May 9 2000,0.4891
May 8 2000,0.4948
May 5 2000,0.4898
May 4 2000,0.4855
May 3 2000,0.4819
May 2 2000,0.492
May 1 2000,0.4833
April 28 2000,0.4855
April 27 2000,0.4963
April 26 2000,0.4941
April 25 2000,0.4963
April 24 2000,0.4891
April 20 2000,0.4898
April 19 2000,0.51
April 18 2000,0.4927
April 17 2000,0.4891
April 14 2000,0.497
April 13 2000,0.5071
April 12 2000,0.5114
April 11 2000,0.4963
April 10 2000,0.4919
April 7 2000,0.4999
April 6 2000,0.5013
April 5 2000,0.497
April 4 2000,0.5078
April 3 2000,0.5143
March 31 2000,0.5172
March 30 2000,0.5804
March 29 2000,0.5622
March 28 2000,0.5449
March 27 2000,0.554
March 24 2000,0.5474
March 23 2000,0.5474
March 22 2000,0.5631
March 21 2000,0.5697
March 20 2000,0.5655
March 17 2000,0.568
March 16 2000,0.5894
March 15 2000,0.5787
March 14 2000,0.573
March 13 2000,0.5771
March 10 2000,0.5771
March 9 2000,0.5771
March 8 2000,0.5713
March 7 2000,0.5763
March 6 2000,0.5524
March 3 2000,0.5532
March 2 2000,0.5581
March 1 2000,0.5433
Feb. 29 2000,0.5326
Feb. 28 2000,0.5285
Feb. 25 2000,0.5276
Feb. 24 2000,0.5318
Feb. 23 2000,0.5367
Feb. 22 2000,0.5507
Feb. 18 2000,0.554
Feb. 17 2000,0.568
Feb. 16 2000,0.5697
Feb. 15 2000,0.5631
Feb. 14 2000,0.5557
Feb. 11 2000,0.5507
Feb. 10 2000,0.5631
Feb. 9 2000,0.5557
Feb. 8 2000,0.5697
Feb. 7 2000,0.5771
Feb. 4 2000,0.568
Feb. 3 2000,0.5779
Feb. 2 2000,0.5845
Feb. 1 2000,0.573
Jan. 31 2000,0.5861
Jan. 28 2000,0.4979
Jan. 27 2000,0.4979
Jan. 26 2000,0.5043
Jan. 25 2000,0.5024
Jan. 24 2000,0.5081
Jan. 21 2000,0.521
Jan. 20 2000,0.512
Jan. 19 2000,0.5216
Jan. 18 2000,0.519
Jan. 14 2000,0.5146
Jan. 13 2000,0.5146
Jan. 12 2000,0.5139
Jan. 11 2000,0.5165
Jan. 10 2000,0.5139
Jan. 7 2000,0.5274
Jan. 6 2000,0.5171
Jan. 5 2000,0.4947
Jan. 4 2000,0.4882
Jan. 3 2000,0.4966
Dec. 31 1999,0.5011
Dec. 30 1999,0.5744
Dec. 29 1999,0.5823
Dec. 28 1999,0.5837
Dec. 27 1999,0.5844
Dec. 23 1999,0.5922
Dec. 22 1999,0.5787
Dec. 21 1999,0.5858
Dec. 20 1999,0.5865
Dec. 17 1999,0.6085
Dec. 16 1999,0.5993
Dec. 15 1999,0.595
Dec. 14 1999,0.5879
Dec. 13 1999,0.5858
Dec. 10 1999,0.5858
Dec. 9 1999,0.5801
Dec. 8 1999,0.5688
Dec. 7 1999,0.5759
Dec. 6 1999,0.5801
Dec. 3 1999,0.5851
Dec. 2 1999,0.5887
Dec. 1 1999,0.5943
Nov. 30 1999,0.5915
Nov. 29 1999,0.5943
Nov. 26 1999,0.6007
Nov. 24 1999,0.6057
Nov. 23 1999,0.6007
Nov. 22 1999,0.6164
Nov. 19 1999,0.627
Nov. 18 1999,0.6306
Nov. 17 1999,0.6299
Nov. 16 1999,0.6284
Nov. 15 1999,0.6249
Nov. 12 1999,0.6263
Nov. 11 1999,0.6228
Nov. 10 1999,0.6228
Nov. 9 1999,0.6121
Nov. 8 1999,0.6071
Nov. 5 1999,0.6022
Nov. 4 1999,0.6064
Nov. 3 1999,0.6064
Nov. 2 1999,0.6164
Nov. 1 1999,0.6242
Oct. 29 1999,0.622
Oct. 28 1999,0.6164
Oct. 27 1999,0.6206
Oct. 26 1999,0.6064
Oct. 25 1999,0.6142
Oct. 22 1999,0.6256
Oct. 21 1999,0.6164
Oct. 20 1999,0.6064
Oct. 19 1999,0.6029
Oct. 18 1999,0.6014
Oct. 15 1999,0.5986
Oct. 14 1999,0.6071
Oct. 13 1999,0.6093
Oct. 12 1999,0.5979
Oct. 11 1999,0.5979
Oct. 8 1999,0.595
Oct. 7 1999,0.5986
Oct. 6 1999,0.6078
Oct. 5 1999,0.6036
Oct. 4 1999,0.6107
Oct. 1 1999,0.6142
Sept. 30 1999,0.6235
Sept. 29 1999,0.6569
Sept. 28 1999,0.6569
Sept. 27 1999,0.6679
Sept. 24 1999,0.6591
Sept. 23 1999,0.6709
Sept. 22 1999,0.6746
Sept. 21 1999,0.6738
Sept. 20 1999,0.6827
Sept. 17 1999,0.6938
Sept. 16 1999,0.6894
Sept. 15 1999,0.6886
Sept. 14 1999,0.6901
Sept. 13 1999,0.6908
Sept. 10 1999,0.6931
Sept. 9 1999,0.7049
Sept. 8 1999,0.6931
Sept. 7 1999,0.6857
Sept. 3 1999,0.6768
Sept. 2 1999,0.6753
Sept. 1 1999,0.6879
Aug. 31 1999,0.6798
Aug. 30 1999,0.6716
Aug. 27 1999,0.6642
Aug. 26 1999,0.6687
Aug. 25 1999,0.6687
Aug. 24 1999,0.6775
Aug. 23 1999,0.6886
Aug. 20 1999,0.6835
Aug. 19 1999,0.6842
Aug. 18 1999,0.6842
Aug. 17 1999,0.6871
Aug. 16 1999,0.6871
Aug. 13 1999,0.6923
Aug. 12 1999,0.6945
Aug. 11 1999,0.6931
Aug. 10 1999,0.6901
Aug. 9 1999,0.6886
Aug. 6 1999,0.679
Aug. 5 1999,0.6724
Aug. 4 1999,0.6672
Aug. 3 1999,0.6724
Aug. 2 1999,0.6716
July 30 1999,0.6709
July 29 1999,0.6694
July 28 1999,0.6775
July 27 1999,0.679
July 26 1999,0.6798
July 23 1999,0.6761
July 22 1999,0.6753
July 21 1999,0.6849
July 20 1999,0.6805
July 19 1999,0.6938
July 16 1999,0.7004
July 15 1999,0.7019
July 14 1999,0.6997
July 13 1999,0.6923
July 12 1999,0.7049
July 9 1999,0.6916
July 8 1999,0.6975
July 7 1999,0.7012
July 6 1999,0.7012
July 2 1999,0.6931
July 1 1999,0.6945
June 30 1999,0.6967
June 29 1999,0.6839
June 28 1999,0.6831
June 25 1999,0.6817
June 24 1999,0.6846
June 23 1999,0.6919
June 22 1999,0.686
June 21 1999,0.6853
June 18 1999,0.6912
June 17 1999,0.6875
June 16 1999,0.6882
June 15 1999,0.6904
June 14 1999,0.6875
June 11 1999,0.6824
June 10 1999,0.6824
June 9 1999,0.6758
June 8 1999,0.6634
June 7 1999,0.6744
June 4 1999,0.6722
June 3 1999,0.6714
June 2 1999,0.6605
June 1 1999,0.6546
May 28 1999,0.6627
May 27 1999,0.659
May 26 1999,0.6693
May 25 1999,0.6488
May 24 1999,0.6576
May 21 1999,0.6773
May 20 1999,0.6634
May 19 1999,0.6605
May 18 1999,0.6503
May 17 1999,0.651
May 14 1999,0.6605
May 13 1999,0.659
May 12 1999,0.651
May 11 1999,0.6656
May 10 1999,0.6656
May 7 1999,0.6678
May 6 1999,0.6736
May 5 1999,0.6722
May 4 1999,0.67
May 3 1999,0.6678
April 30 1999,0.678
April 29 1999,0.6736
April 28 1999,0.6583
April 27 1999,0.6284
April 26 1999,0.6189
April 23 1999,0.6276
April 22 1999,0.6371
April 21 1999,0.6444
April 20 1999,0.6488
April 19 1999,0.6546
April 16 1999,0.6437
April 15 1999,0.6327
April 14 1999,0.6298
April 13 1999,0.643
April 12 1999,0.6386
April 9 1999,0.6422
April 8 1999,0.6364
April 7 1999,0.6342
April 6 1999,0.6364
April 5 1999,0.6444
April 1 1999,0.6386
March 31 1999,0.6342
March 30 1999,0.5977
March 29 1999,0.6019
March 26 1999,0.5913
March 25 1999,0.5899
March 24 1999,0.5899
March 23 1999,0.5786
March 22 1999,0.5857
March 19 1999,0.5644
March 18 1999,0.5687
March 17 1999,0.5616
March 16 1999,0.5517
March 15 1999,0.5439
March 12 1999,0.5545
March 11 1999,0.5467
March 10 1999,0.546
March 9 1999,0.5254
March 8 1999,0.5254
March 5 1999,0.5077
March 4 1999,0.5084
March 3 1999,0.507
March 2 1999,0.5077
March 1 1999,0.5099
Feb. 26 1999,0.5155
Feb. 25 1999,0.512
Feb. 24 1999,0.5226
Feb. 23 1999,0.529
Feb. 22 1999,0.5254
Feb. 19 1999,0.5205
Feb. 18 1999,0.5191
Feb. 17 1999,0.5226
Feb. 16 1999,0.5361
Feb. 12 1999,0.5396
Feb. 11 1999,0.5474
Feb. 10 1999,0.5552
Feb. 9 1999,0.5481
Feb. 8 1999,0.5602
Feb. 5 1999,0.5524
Feb. 4 1999,0.5417
Feb. 3 1999,0.546
Feb. 2 1999,0.5424
Feb. 1 1999,0.541
Jan. 29 1999,0.5389
Jan. 28 1999,0.5502
Jan. 27 1999,0.5594
Jan. 26 1999,0.5686
Jan. 25 1999,0.5757
Jan. 22 1999,0.5927
Jan. 21 1999,0.6005
Jan. 20 1999,0.6076
Jan. 19 1999,0.6034
Jan. 15 1999,0.6111
Jan. 14 1999,0.597
Jan. 13 1999,0.6012
Jan. 12 1999,0.6182
Jan. 11 1999,0.6303
Jan. 8 1999,0.631
Jan. 7 1999,0.6218
Jan. 6 1999,0.6189
Jan. 5 1999,0.6083
Jan. 4 1999,0.614
Dec. 31 1998,0.6225
Dec. 30 1998,0.6692
Dec. 29 1998,0.6678
Dec. 28 1998,0.6635
Dec. 24 1998,0.6499
Dec. 23 1998,0.6542
Dec. 22 1998,0.6414
Dec. 21 1998,0.6442
Dec. 18 1998,0.6492
Dec. 17 1998,0.6464
Dec. 16 1998,0.6535
Dec. 15 1998,0.6478
Dec. 14 1998,0.6471
Dec. 11 1998,0.6478
Dec. 10 1998,0.6542
Dec. 9 1998,0.6614
Dec. 8 1998,0.6549
Dec. 7 1998,0.6557
Dec. 4 1998,0.6571
Dec. 3 1998,0.6471
Dec. 2 1998,0.6571
Dec. 1 1998,0.6642
Nov. 30 1998,0.6542
Nov. 27 1998,0.6714
Nov. 25 1998,0.6657
Nov. 24 1998,0.6735
Nov. 23 1998,0.6792
Nov. 20 1998,0.6757
Nov. 19 1998,0.6735
Nov. 18 1998,0.6792
Nov. 17 1998,0.6828
Nov. 16 1998,0.69
Nov. 13 1998,0.6957
Nov. 12 1998,0.6957
Nov. 11 1998,0.68
Nov. 10 1998,0.6835
Nov. 9 1998,0.6921
Nov. 6 1998,0.6964
Nov. 5 1998,0.6914
Nov. 4 1998,0.7064
Nov. 3 1998,0.7093
Nov. 2 1998,0.7035
Oct. 30 1998,0.7043
Oct. 29 1998,0.7014
Oct. 28 1998,0.69
Oct. 27 1998,0.7064
Oct. 26 1998,0.7121
Oct. 23 1998,0.7057
Oct. 22 1998,0.70
Oct. 21 1998,0.7014
Oct. 20 1998,0.7143
Oct. 19 1998,0.7171
Oct. 16 1998,0.7343
Oct. 15 1998,0.7343
Oct. 14 1998,0.7293
Oct. 13 1998,0.7336
Oct. 12 1998,0.7457
Oct. 9 1998,0.7378
Oct. 8 1998,0.7293
Oct. 7 1998,0.7421
Oct. 6 1998,0.7536
Oct. 5 1998,0.7628
Oct. 2 1998,0.745
Oct. 1 1998,0.7307
Sept. 30 1998,0.7357
Sept. 29 1998,0.7668
Sept. 28 1998,0.7488
Sept. 25 1998,0.7519
Sept. 24 1998,0.7324
Sept. 23 1998,0.7418
Sept. 22 1998,0.7098
Sept. 21 1998,0.7246
Sept. 18 1998,0.716
Sept. 17 1998,0.716
Sept. 16 1998,0.7285
Sept. 15 1998,0.7269
Sept. 14 1998,0.7355
Sept. 11 1998,0.7457
Sept. 10 1998,0.7067
Sept. 9 1998,0.6895
Sept. 8 1998,0.6864
Sept. 4 1998,0.6786
Sept. 3 1998,0.659
Sept. 2 1998,0.6575
Sept. 1 1998,0.6512
Aug. 31 1998,0.638
Aug. 28 1998,0.6575
Aug. 27 1998,0.6536
Aug. 26 1998,0.6746
Aug. 25 1998,0.6731
Aug. 24 1998,0.677
Aug. 21 1998,0.6825
Aug. 20 1998,0.6918
Aug. 19 1998,0.6879
Aug. 18 1998,0.6817
Aug. 17 1998,0.677
Aug. 14 1998,0.6817
Aug. 13 1998,0.6871
Aug. 12 1998,0.6895
Aug. 11 1998,0.6973
Aug. 10 1998,0.7121
Aug. 7 1998,0.7082
Aug. 6 1998,0.6942
Aug. 5 1998,0.6988
Aug. 4 1998,0.7184
Aug. 3 1998,0.7277
July 31 1998,0.7394
July 30 1998,0.7511
July 29 1998,0.7488
July 28 1998,0.741
July 27 1998,0.748
July 24 1998,0.7527
July 23 1998,0.7449
July 22 1998,0.7504
July 21 1998,0.7457
July 20 1998,0.741
July 17 1998,0.7496
July 16 1998,0.7496
July 15 1998,0.7511
July 14 1998,0.7472
July 13 1998,0.7355
July 10 1998,0.755
July 9 1998,0.7574
July 8 1998,0.7582
July 7 1998,0.755
July 6 1998,0.7628
July 2 1998,0.7621
July 1 1998,0.766
June 30 1998,0.7418
June 29 1998,0.795
June 26 1998,0.795
June 25 1998,0.7976
June 24 1998,0.7985
June 23 1998,0.7976
June 22 1998,0.795
June 19 1998,0.7855
June 18 1998,0.783
June 17 1998,0.7967
June 16 1998,0.7786
June 15 1998,0.7666
June 12 1998,0.7812
June 11 1998,0.783
June 10 1998,0.7838
June 9 1998,0.7907
June 8 1998,0.8002
June 5 1998,0.8071
June 4 1998,0.795
June 3 1998,0.783
June 2 1998,0.7821
June 1 1998,0.789
May 29 1998,0.8054
May 28 1998,0.8054
May 27 1998,0.7881
May 26 1998,0.7881
May 22 1998,0.8011
May 21 1998,0.8088
May 20 1998,0.8131
May 19 1998,0.8105
May 18 1998,0.8105
May 15 1998,0.8243
May 14 1998,0.8286
May 13 1998,0.8192
May 12 1998,0.8157
May 11 1998,0.8192
May 8 1998,0.8183
May 7 1998,0.8209
May 6 1998,0.8304
May 5 1998,0.8157
May 4 1998,0.8209
May 1 1998,0.8347
April 30 1998,0.8183
April 29 1998,0.8235
April 28 1998,0.8105
April 27 1998,0.8123
April 24 1998,0.814
April 23 1998,0.826
April 22 1998,0.8347
April 21 1998,0.8476
April 20 1998,0.8442
April 17 1998,0.8519
April 16 1998,0.8433
April 15 1998,0.8398
April 14 1998,0.8295
April 13 1998,0.8304
April 9 1998,0.8347
April 8 1998,0.8355
April 7 1998,0.8485
April 6 1998,0.8485
April 3 1998,0.8485
April 2 1998,0.8536
April 1 1998,0.8467
March 31 1998,0.8416
March 30 1998,0.7838
March 27 1998,0.7848
March 26 1998,0.7978
March 25 1998,0.782
March 24 1998,0.7987
March 23 1998,0.8034
March 20 1998,0.7894
March 19 1998,0.7764
March 18 1998,0.7727
March 17 1998,0.7634
March 16 1998,0.7708
March 13 1998,0.7597
March 12 1998,0.7671
March 11 1998,0.7624
March 10 1998,0.7624
March 9 1998,0.7373
March 6 1998,0.7569
March 5 1998,0.7513
March 4 1998,0.7597
March 3 1998,0.7708
March 2 1998,0.7597
Feb. 27 1998,0.7438
Feb. 26 1998,0.7317
Feb. 25 1998,0.7057
Feb. 24 1998,0.7066
Feb. 23 1998,0.7075
Feb. 20 1998,0.7122
Feb. 19 1998,0.7094
Feb. 18 1998,0.7252
Feb. 17 1998,0.7141
Feb. 13 1998,0.7178
Feb. 12 1998,0.7187
Feb. 11 1998,0.7234
Feb. 10 1998,0.7215
Feb. 9 1998,0.7336
Feb. 6 1998,0.7271
Feb. 5 1998,0.7206
Feb. 4 1998,0.7364
Feb. 3 1998,0.7168
Feb. 2 1998,0.728
