Sept. 29 2016,-0.0268
Sept. 28 2016,-0.0268
Sept. 27 2016,-0.0256
Sept. 26 2016,-0.0258
Sept. 23 2016,-0.0259
Sept. 22 2016,-0.0266
Sept. 21 2016,-0.0267
Sept. 20 2016,-0.0262
Sept. 19 2016,-0.0264
Sept. 16 2016,-0.0264
Sept. 15 2016,-0.0269
Sept. 14 2016,-0.0267
Sept. 13 2016,-0.0274
Sept. 12 2016,-0.0282
Sept. 9 2016,-0.0283
Sept. 8 2016,-0.0289
Sept. 7 2016,-0.0287
Sept. 6 2016,-0.029
Sept. 2 2016,-0.0288
Sept. 1 2016,-0.0286
Aug. 31 2016,-0.0286
Aug. 30 2016,-0.029
Aug. 29 2016,-0.029
Aug. 26 2016,-0.0287
Aug. 25 2016,-0.0288
Aug. 24 2016,-0.0289
Aug. 23 2016,-0.0286
Aug. 22 2016,-0.0284
Aug. 19 2016,-0.0285
Aug. 18 2016,-0.0288
Aug. 17 2016,-0.0285
Aug. 16 2016,-0.0283
Aug. 15 2016,-0.0279
Aug. 12 2016,-0.0277
Aug. 11 2016,-0.0276
Aug. 10 2016,-0.0273
Aug. 9 2016,-0.0274
Aug. 8 2016,-0.0277
Aug. 5 2016,-0.0274
Aug. 4 2016,-0.0276
Aug. 3 2016,-0.0277
Aug. 2 2016,-0.0272
Aug. 1 2016,-0.0274
July 29 2016,-0.0278
July 28 2016,-0.0275
July 27 2016,-0.0276
July 26 2016,-0.0278
July 25 2016,-0.0277
July 22 2016,-0.0281
July 21 2016,-0.0282
July 20 2016,-0.0284
July 19 2016,-0.0284
July 18 2016,-0.0286
July 15 2016,-0.0288
July 14 2016,-0.0287
July 13 2016,-0.0286
July 12 2016,-0.0288
July 11 2016,-0.0284
July 8 2016,-0.0283
July 7 2016,-0.0281
July 6 2016,-0.0281
July 5 2016,-0.028
July 1 2016,-0.0282
June 30 2016,-0.0281
June 29 2016,-0.0111
June 28 2016,-0.0109
June 27 2016,-0.0108
June 24 2016,-0.0111
June 23 2016,-0.0115
June 22 2016,-0.0114
June 21 2016,-0.0114
June 20 2016,-0.0112
June 17 2016,-0.011
June 16 2016,-0.011
June 15 2016,-0.011
June 14 2016,-0.0111
June 13 2016,-0.0111
June 10 2016,-0.0111
June 9 2016,-0.0111
June 8 2016,-0.0111
June 7 2016,-0.0113
June 6 2016,-0.0111
June 3 2016,-0.011
June 2 2016,-0.0111
June 1 2016,-0.0111
May 31 2016,-0.0111
May 27 2016,-0.0112
May 26 2016,-0.0112
May 25 2016,-0.0112
May 24 2016,-0.0112
May 23 2016,-0.011
May 20 2016,-0.011
May 19 2016,-0.011
May 18 2016,-0.011
May 17 2016,-0.0112
May 16 2016,-0.0113
May 13 2016,-0.0111
May 12 2016,-0.0113
May 11 2016,-0.0112
May 10 2016,-0.0113
May 9 2016,-0.0111
May 6 2016,-0.0112
May 5 2016,-0.0112
May 4 2016,-0.0109
May 3 2016,-0.0111
May 2 2016,-0.0112
April 29 2016,-0.0113
April 28 2016,-0.0112
April 27 2016,-0.0114
April 26 2016,-0.0113
April 25 2016,-0.0111
April 22 2016,-0.0112
April 21 2016,-0.011
April 20 2016,-0.0111
April 19 2016,-0.011
April 18 2016,-0.0108
April 15 2016,-0.0106
April 14 2016,-0.0109
April 13 2016,-0.0106
April 12 2016,-0.0107
April 11 2016,-0.0104
April 8 2016,-0.0104
April 7 2016,-0.0102
April 6 2016,-0.0103
April 5 2016,-0.0099
April 4 2016,-0.01
April 1 2016,-0.01
March 31 2016,-0.0101
March 30 2016,
March 29 2016,
March 28 2016,
March 24 2016,
March 23 2016,
March 22 2016,
March 21 2016,
March 18 2016,
March 17 2016,
March 16 2016,
March 15 2016,
March 14 2016,
March 11 2016,
March 10 2016,
March 9 2016,
March 8 2016,
March 7 2016,
March 4 2016,
March 3 2016,
March 2 2016,
March 1 2016,
Feb. 29 2016,
Feb. 26 2016,
Feb. 25 2016,
Feb. 24 2016,
Feb. 23 2016,
Feb. 22 2016,
Feb. 19 2016,
Feb. 18 2016,
Feb. 17 2016,
Feb. 16 2016,
Feb. 12 2016,
Feb. 11 2016,
Feb. 10 2016,
Feb. 9 2016,
Feb. 8 2016,
Feb. 5 2016,
Feb. 4 2016,
Feb. 3 2016,
Feb. 2 2016,
Feb. 1 2016,
Jan. 29 2016,
Jan. 28 2016,
Jan. 27 2016,
Jan. 26 2016,
Jan. 25 2016,
Jan. 22 2016,
Jan. 21 2016,
Jan. 20 2016,
Jan. 19 2016,
Jan. 15 2016,
Jan. 14 2016,
Jan. 13 2016,
Jan. 12 2016,
Jan. 11 2016,
Jan. 8 2016,
Jan. 7 2016,
Jan. 6 2016,
Jan. 5 2016,
Jan. 4 2016,
Dec. 31 2015,
Dec. 30 2015,
Dec. 29 2015,
Dec. 28 2015,
Dec. 24 2015,
Dec. 23 2015,
Dec. 22 2015,
Dec. 21 2015,
Dec. 18 2015,
Dec. 17 2015,
Dec. 16 2015,
Dec. 15 2015,
Dec. 14 2015,
Dec. 11 2015,
Dec. 10 2015,
Dec. 9 2015,
Dec. 8 2015,
Dec. 7 2015,
Dec. 4 2015,
Dec. 3 2015,
Dec. 2 2015,
Dec. 1 2015,
Nov. 30 2015,
Nov. 27 2015,
Nov. 25 2015,
Nov. 24 2015,
Nov. 23 2015,
Nov. 20 2015,
Nov. 19 2015,
Nov. 18 2015,
Nov. 17 2015,
Nov. 16 2015,
Nov. 13 2015,
Nov. 12 2015,
Nov. 11 2015,
Nov. 10 2015,
Nov. 9 2015,
Nov. 6 2015,
Nov. 5 2015,
Nov. 4 2015,
Nov. 3 2015,
Nov. 2 2015,
Oct. 30 2015,
Oct. 29 2015,
Oct. 28 2015,
Oct. 27 2015,
Oct. 26 2015,
Oct. 23 2015,
Oct. 22 2015,
Oct. 21 2015,
Oct. 20 2015,
Oct. 19 2015,
Oct. 16 2015,
Oct. 15 2015,
Oct. 14 2015,
Oct. 13 2015,
Oct. 12 2015,
Oct. 9 2015,
Oct. 8 2015,
Oct. 7 2015,
Oct. 6 2015,
Oct. 5 2015,
Oct. 2 2015,
Oct. 1 2015,
Sept. 30 2015,
Sept. 29 2015,
Sept. 28 2015,
Sept. 25 2015,
Sept. 24 2015,
Sept. 23 2015,
Sept. 22 2015,
Sept. 21 2015,
Sept. 18 2015,
Sept. 17 2015,
Sept. 16 2015,
Sept. 15 2015,
Sept. 14 2015,
Sept. 11 2015,
Sept. 10 2015,
Sept. 9 2015,
Sept. 8 2015,
Sept. 4 2015,
Sept. 3 2015,
Sept. 2 2015,
Sept. 1 2015,
Aug. 31 2015,
Aug. 28 2015,
Aug. 27 2015,
Aug. 26 2015,
Aug. 25 2015,
Aug. 24 2015,
Aug. 21 2015,
Aug. 20 2015,
Aug. 19 2015,
Aug. 18 2015,
Aug. 17 2015,
Aug. 14 2015,
Aug. 13 2015,
Aug. 12 2015,
Aug. 11 2015,
Aug. 10 2015,
Aug. 7 2015,
Aug. 6 2015,
Aug. 5 2015,
Aug. 4 2015,
Aug. 3 2015,
July 31 2015,
July 30 2015,
July 29 2015,
July 28 2015,
July 27 2015,
July 24 2015,
July 23 2015,
July 22 2015,
July 21 2015,
July 20 2015,
July 17 2015,
July 16 2015,
July 15 2015,
July 14 2015,
July 13 2015,
July 10 2015,
July 9 2015,
July 8 2015,
July 7 2015,
July 6 2015,
July 2 2015,
July 1 2015,
June 30 2015,
June 29 2015,
June 26 2015,
June 25 2015,
June 24 2015,
June 23 2015,
June 22 2015,
June 19 2015,
June 18 2015,
June 17 2015,
June 16 2015,
June 15 2015,
June 12 2015,
June 11 2015,
June 10 2015,
June 9 2015,
June 8 2015,
June 5 2015,
June 4 2015,
June 3 2015,
June 2 2015,
June 1 2015,
May 29 2015,
May 28 2015,
May 27 2015,
May 26 2015,
May 22 2015,
May 21 2015,
May 20 2015,
May 19 2015,
May 18 2015,
May 15 2015,
May 14 2015,
May 13 2015,
May 12 2015,
May 11 2015,
May 8 2015,
May 7 2015,
May 6 2015,
May 5 2015,
May 4 2015,
May 1 2015,
April 30 2015,
April 29 2015,
April 28 2015,
April 27 2015,
April 24 2015,
April 23 2015,
April 22 2015,
April 21 2015,
April 20 2015,
April 17 2015,
April 16 2015,
April 15 2015,
April 14 2015,
April 13 2015,
April 10 2015,
April 9 2015,
April 8 2015,
April 7 2015,
April 6 2015,
April 2 2015,
April 1 2015,
March 31 2015,
March 30 2015,
March 27 2015,
March 26 2015,
March 25 2015,
March 24 2015,
March 23 2015,
March 20 2015,
March 19 2015,
March 18 2015,
March 17 2015,
March 16 2015,
March 13 2015,
March 12 2015,
March 11 2015,
March 10 2015,
March 9 2015,
March 6 2015,
March 5 2015,
March 4 2015,
March 3 2015,
March 2 2015,
Feb. 27 2015,
Feb. 26 2015,
Feb. 25 2015,
Feb. 24 2015,
Feb. 23 2015,
Feb. 20 2015,
Feb. 19 2015,
Feb. 18 2015,
Feb. 17 2015,
Feb. 13 2015,
Feb. 12 2015,
Feb. 11 2015,
Feb. 10 2015,
Feb. 9 2015,
Feb. 6 2015,
Feb. 5 2015,
Feb. 4 2015,
Feb. 3 2015,
Feb. 2 2015,
Jan. 30 2015,
Jan. 29 2015,
Jan. 28 2015,
Jan. 27 2015,
Jan. 26 2015,
Jan. 23 2015,
Jan. 22 2015,
Jan. 21 2015,
Jan. 20 2015,
Jan. 16 2015,
Jan. 15 2015,
Jan. 14 2015,
Jan. 13 2015,
Jan. 12 2015,
Jan. 9 2015,
Jan. 8 2015,
Jan. 7 2015,
Jan. 6 2015,
Jan. 5 2015,
Jan. 2 2015,
Dec. 31 2014,
Dec. 30 2014,0.4437
Dec. 29 2014,0.4454
Dec. 26 2014,0.4472
Dec. 24 2014,0.4482
Dec. 23 2014,0.4518
Dec. 22 2014,0.4403
Dec. 19 2014,0.4443
Dec. 18 2014,0.4315
Dec. 17 2014,0.424
Dec. 16 2014,0.4056
Dec. 15 2014,0.3988
Dec. 12 2014,0.4045
Dec. 11 2014,0.4092
Dec. 10 2014,0.4095
Dec. 9 2014,0.4221
Dec. 8 2014,0.4148
Dec. 5 2014,0.4441
Dec. 4 2014,0.4499
Dec. 3 2014,0.4529
Dec. 2 2014,0.4398
Dec. 1 2014,0.433
Nov. 28 2014,0.4172
Nov. 26 2014,0.4505
Nov. 25 2014,0.4517
Nov. 24 2014,0.4616
Nov. 21 2014,0.4582
Nov. 20 2014,0.4544
Nov. 19 2014,0.45
Nov. 18 2014,0.4533
Nov. 17 2014,0.4493
Nov. 14 2014,0.4533
Nov. 13 2014,0.4513
Nov. 12 2014,0.4634
Nov. 11 2014,0.4661
Nov. 10 2014,0.4599
Nov. 7 2014,0.4605
Nov. 6 2014,0.4519
Nov. 5 2014,0.4523
Nov. 4 2014,0.4463
Nov. 3 2014,0.4558
Oct. 31 2014,0.4847
Oct. 30 2014,0.4599
Oct. 29 2014,0.4647
Oct. 28 2014,0.461
Oct. 27 2014,0.4523
Oct. 24 2014,0.4682
Oct. 23 2014,0.476
Oct. 22 2014,0.4692
Oct. 21 2014,0.4763
Oct. 20 2014,0.4641
Oct. 17 2014,0.4622
Oct. 16 2014,0.4521
Oct. 15 2014,0.4459
Oct. 14 2014,0.4527
Oct. 13 2014,0.4598
Oct. 10 2014,0.4789
Oct. 9 2014,0.484
Oct. 8 2014,0.4998
Oct. 7 2014,0.4962
Oct. 6 2014,0.5078
Oct. 3 2014,0.5019
Oct. 2 2014,0.498
Oct. 1 2014,0.4932
Sept. 30 2014,0.5029
Sept. 29 2014,0.3126
Sept. 26 2014,0.3162
Sept. 25 2014,0.3111
Sept. 24 2014,0.3164
Sept. 23 2014,0.3101
Sept. 22 2014,0.3116
Sept. 19 2014,0.3142
Sept. 18 2014,0.3147
Sept. 17 2014,0.3156
Sept. 16 2014,0.3169
Sept. 15 2014,0.316
Sept. 12 2014,0.3132
Sept. 11 2014,0.3162
Sept. 10 2014,0.3168
Sept. 9 2014,0.3162
Sept. 8 2014,0.3169
Sept. 5 2014,0.3257
Sept. 4 2014,0.3291
Sept. 3 2014,0.3294
Sept. 2 2014,0.3291
Aug. 29 2014,0.3335
Aug. 28 2014,0.3344
Aug. 27 2014,0.3324
Aug. 26 2014,0.3317
Aug. 25 2014,0.3321
Aug. 22 2014,0.3294
Aug. 21 2014,0.3288
Aug. 20 2014,0.3271
Aug. 19 2014,0.3273
Aug. 18 2014,0.3235
Aug. 15 2014,0.323
Aug. 14 2014,0.3214
Aug. 13 2014,0.3215
Aug. 12 2014,0.3209
Aug. 11 2014,0.3208
Aug. 8 2014,0.3209
Aug. 7 2014,0.316
Aug. 6 2014,0.3196
Aug. 5 2014,0.3187
Aug. 4 2014,0.3239
Aug. 1 2014,0.3147
July 31 2014,0.3142
July 30 2014,0.3155
July 29 2014,0.3194
July 28 2014,0.321
July 25 2014,0.3218
July 24 2014,0.3244
July 23 2014,0.3267
July 22 2014,0.3256
July 21 2014,0.3234
July 18 2014,0.3245
July 17 2014,0.3214
July 16 2014,0.3271
July 15 2014,0.32
July 14 2014,0.3255
July 11 2014,0.3231
July 10 2014,0.3228
July 9 2014,0.3278
July 8 2014,0.3276
July 7 2014,0.3266
July 3 2014,0.3285
July 2 2014,0.3287
July 1 2014,0.3305
June 30 2014,0.33
June 27 2014,0.3676
June 26 2014,0.3691
June 25 2014,0.369
June 24 2014,0.3648
June 23 2014,0.3783
June 20 2014,0.374
June 19 2014,0.3717
June 18 2014,0.3713
June 17 2014,0.3695
June 16 2014,0.3717
June 13 2014,0.3712
June 12 2014,0.3641
June 11 2014,0.3592
June 10 2014,0.3595
June 9 2014,0.3603
June 6 2014,0.361
June 5 2014,0.3628
June 4 2014,0.3602
June 3 2014,0.3605
June 2 2014,0.3587
May 30 2014,0.3585
May 29 2014,0.359
May 28 2014,0.3562
May 27 2014,0.3504
May 23 2014,0.3487
May 22 2014,0.3496
May 21 2014,0.3509
May 20 2014,0.3433
May 19 2014,0.345
May 16 2014,0.3441
May 15 2014,0.349
May 14 2014,0.3502
May 13 2014,0.3507
May 12 2014,0.3467
May 9 2014,0.3456
May 8 2014,0.3423
May 7 2014,0.346
May 6 2014,0.3446
May 5 2014,0.3405
May 2 2014,0.3396
May 1 2014,0.3416
April 30 2014,0.3443
April 29 2014,0.3484
April 28 2014,0.3477
April 25 2014,0.3466
April 24 2014,0.3493
April 23 2014,0.348
April 22 2014,0.3486
April 21 2014,0.3504
April 17 2014,0.3474
April 16 2014,0.3445
April 15 2014,0.3413
April 14 2014,0.3392
April 11 2014,0.3356
April 10 2014,0.3396
April 9 2014,0.3451
April 8 2014,0.3414
April 7 2014,0.3366
April 4 2014,0.34
April 3 2014,0.3471
April 2 2014,0.3453
April 1 2014,0.3413
March 31 2014,0.3427
March 28 2014,0.4303
March 27 2014,0.4262
March 26 2014,0.4212
March 25 2014,0.4262
March 24 2014,0.4227
March 21 2014,0.4236
March 20 2014,0.4185
March 19 2014,0.4284
March 18 2014,0.438
March 17 2014,0.4361
March 14 2014,0.4346
March 13 2014,0.4314
March 12 2014,0.4341
March 11 2014,0.4342
March 10 2014,0.4378
March 7 2014,0.4374
March 6 2014,0.4335
March 5 2014,0.4361
March 4 2014,0.4378
March 3 2014,0.4325
Feb. 28 2014,0.4346
Feb. 27 2014,0.4302
Feb. 26 2014,0.4287
Feb. 25 2014,0.4315
Feb. 24 2014,0.4326
Feb. 21 2014,0.4296
Feb. 20 2014,0.4296
Feb. 19 2014,0.4275
Feb. 18 2014,0.4336
Feb. 14 2014,0.4312
Feb. 13 2014,0.4155
Feb. 12 2014,0.4151
Feb. 11 2014,0.4125
Feb. 10 2014,0.4084
Feb. 7 2014,0.4079
Feb. 6 2014,0.3984
Feb. 5 2014,0.3931
Feb. 4 2014,0.3924
Feb. 3 2014,0.3929
Jan. 31 2014,0.3943
Jan. 30 2014,0.3976
Jan. 29 2014,0.3955
Jan. 28 2014,0.3977
Jan. 27 2014,0.3922
Jan. 24 2014,0.3963
Jan. 23 2014,0.4027
Jan. 22 2014,0.4096
Jan. 21 2014,0.4051
Jan. 17 2014,0.4079
Jan. 16 2014,0.4133
Jan. 15 2014,0.4119
Jan. 14 2014,0.4157
Jan. 13 2014,0.4122
Jan. 10 2014,0.4226
Jan. 9 2014,0.4271
Jan. 8 2014,0.4269
Jan. 7 2014,0.4303
Jan. 6 2014,0.4224
Jan. 3 2014,0.4211
Jan. 2 2014,0.4226
Dec. 31 2013,0.4282
Dec. 30 2013,
Dec. 27 2013,
Dec. 26 2013,
Dec. 24 2013,
Dec. 23 2013,
Dec. 20 2013,
Dec. 19 2013,
Dec. 18 2013,
Dec. 17 2013,
Dec. 16 2013,
Dec. 13 2013,
Dec. 12 2013,
Dec. 11 2013,
Dec. 10 2013,
Dec. 9 2013,
Dec. 6 2013,
Dec. 5 2013,
Dec. 4 2013,
Dec. 3 2013,
Dec. 2 2013,
Nov. 29 2013,
Nov. 27 2013,
Nov. 26 2013,
Nov. 25 2013,
Nov. 22 2013,
Nov. 21 2013,
Nov. 20 2013,
Nov. 19 2013,
Nov. 18 2013,
Nov. 15 2013,
Nov. 14 2013,
Nov. 13 2013,
Nov. 12 2013,
Nov. 11 2013,
Nov. 8 2013,
Nov. 7 2013,
Nov. 6 2013,
Nov. 5 2013,
Nov. 4 2013,
Nov. 1 2013,
Oct. 31 2013,
Oct. 30 2013,
Oct. 29 2013,
Oct. 28 2013,
Oct. 25 2013,
Oct. 24 2013,
Oct. 23 2013,
Oct. 22 2013,
Oct. 21 2013,
Oct. 18 2013,
Oct. 17 2013,
Oct. 16 2013,
Oct. 15 2013,
Oct. 14 2013,
Oct. 11 2013,
Oct. 10 2013,
Oct. 9 2013,
Oct. 8 2013,
Oct. 7 2013,
Oct. 4 2013,
Oct. 3 2013,
Oct. 2 2013,
Oct. 1 2013,
Sept. 30 2013,
Sept. 27 2013,
Sept. 26 2013,
Sept. 25 2013,
Sept. 24 2013,
Sept. 23 2013,
Sept. 20 2013,
Sept. 19 2013,
Sept. 18 2013,
Sept. 17 2013,
Sept. 16 2013,
Sept. 13 2013,
Sept. 12 2013,
Sept. 11 2013,
Sept. 10 2013,
Sept. 9 2013,
Sept. 6 2013,
Sept. 5 2013,
Sept. 4 2013,
Sept. 3 2013,
Aug. 30 2013,
Aug. 29 2013,
Aug. 28 2013,
Aug. 27 2013,
Aug. 26 2013,
Aug. 23 2013,
Aug. 22 2013,
Aug. 21 2013,
Aug. 20 2013,
Aug. 19 2013,
Aug. 16 2013,
Aug. 15 2013,
Aug. 14 2013,
Aug. 13 2013,
Aug. 12 2013,
Aug. 9 2013,
Aug. 8 2013,
Aug. 7 2013,
Aug. 6 2013,
Aug. 5 2013,
Aug. 2 2013,
Aug. 1 2013,
July 31 2013,
July 30 2013,
July 29 2013,
July 26 2013,
July 25 2013,
July 24 2013,
July 23 2013,
July 22 2013,
July 19 2013,
July 18 2013,
July 17 2013,
July 16 2013,
July 15 2013,
July 12 2013,
July 11 2013,
July 10 2013,
July 9 2013,
July 8 2013,
July 5 2013,
July 3 2013,
July 2 2013,
July 1 2013,
June 28 2013,
June 27 2013,
June 26 2013,
June 25 2013,
June 24 2013,
June 21 2013,
June 20 2013,
June 19 2013,
June 18 2013,
June 17 2013,
June 14 2013,
June 13 2013,
June 12 2013,
June 11 2013,
June 10 2013,
June 7 2013,
June 6 2013,
June 5 2013,
June 4 2013,
June 3 2013,
May 31 2013,
May 30 2013,
May 29 2013,
May 28 2013,
May 24 2013,
May 23 2013,
May 22 2013,
May 21 2013,
May 20 2013,
May 17 2013,
May 16 2013,
May 15 2013,
May 14 2013,
May 13 2013,
May 10 2013,
May 9 2013,
May 8 2013,
May 7 2013,
May 6 2013,
May 3 2013,
May 2 2013,
May 1 2013,
April 30 2013,
April 29 2013,
April 26 2013,
April 25 2013,
April 24 2013,
April 23 2013,
April 22 2013,
April 19 2013,
April 18 2013,
April 17 2013,
April 16 2013,
April 15 2013,
April 12 2013,
April 11 2013,
April 10 2013,
April 9 2013,
April 8 2013,
April 5 2013,
April 4 2013,
April 3 2013,
April 2 2013,
April 1 2013,
March 28 2013,
March 27 2013,
March 26 2013,
March 25 2013,
March 22 2013,
March 21 2013,
March 20 2013,
March 19 2013,
March 18 2013,
March 15 2013,
March 14 2013,
March 13 2013,
March 12 2013,
March 11 2013,
March 8 2013,
March 7 2013,
March 6 2013,
March 5 2013,
March 4 2013,
March 1 2013,
Feb. 28 2013,
Feb. 27 2013,
Feb. 26 2013,
Feb. 25 2013,
Feb. 22 2013,
Feb. 21 2013,
Feb. 20 2013,
Feb. 19 2013,
Feb. 15 2013,
Feb. 14 2013,
Feb. 13 2013,
Feb. 12 2013,
Feb. 11 2013,
Feb. 8 2013,
Feb. 7 2013,
Feb. 6 2013,
Feb. 5 2013,
Feb. 4 2013,
Feb. 1 2013,
Jan. 31 2013,
Jan. 30 2013,
Jan. 29 2013,
Jan. 28 2013,
Jan. 25 2013,
Jan. 24 2013,
Jan. 23 2013,
Jan. 22 2013,
Jan. 18 2013,
Jan. 17 2013,
Jan. 16 2013,
Jan. 15 2013,
Jan. 14 2013,
Jan. 11 2013,
Jan. 10 2013,
Jan. 9 2013,
Jan. 8 2013,
Jan. 7 2013,
Jan. 4 2013,
Jan. 3 2013,
Jan. 2 2013,
Dec. 31 2012,
Dec. 28 2012,
Dec. 27 2012,
Dec. 26 2012,
Dec. 24 2012,
Dec. 21 2012,
Dec. 20 2012,
Dec. 19 2012,
Dec. 18 2012,
Dec. 17 2012,
Dec. 14 2012,
Dec. 13 2012,
Dec. 12 2012,
Dec. 11 2012,
Dec. 10 2012,
Dec. 7 2012,
Dec. 6 2012,
Dec. 5 2012,
Dec. 4 2012,
Dec. 3 2012,
Nov. 30 2012,
Nov. 29 2012,
Nov. 28 2012,
Nov. 27 2012,
Nov. 26 2012,
Nov. 23 2012,
Nov. 21 2012,
Nov. 20 2012,
Nov. 19 2012,
Nov. 16 2012,
Nov. 15 2012,
Nov. 14 2012,
Nov. 13 2012,
Nov. 12 2012,
Nov. 9 2012,
Nov. 8 2012,
Nov. 7 2012,
Nov. 6 2012,
Nov. 5 2012,
Nov. 2 2012,
Nov. 1 2012,
Oct. 31 2012,
Oct. 26 2012,
Oct. 25 2012,
Oct. 24 2012,
Oct. 23 2012,
Oct. 22 2012,
Oct. 19 2012,
Oct. 18 2012,
Oct. 17 2012,
Oct. 16 2012,
Oct. 15 2012,
Oct. 12 2012,
Oct. 11 2012,
Oct. 10 2012,
Oct. 9 2012,
Oct. 8 2012,
Oct. 5 2012,
Oct. 4 2012,
Oct. 3 2012,
Oct. 2 2012,
Oct. 1 2012,
Sept. 28 2012,1.144
Sept. 27 2012,1.147
Sept. 26 2012,1.130
Sept. 25 2012,1.134
Sept. 24 2012,1.154
Sept. 21 2012,1.162
Sept. 20 2012,1.165
Sept. 19 2012,1.163
Sept. 18 2012,1.187
Sept. 17 2012,1.197
Sept. 14 2012,1.222
Sept. 13 2012,1.203
Sept. 12 2012,1.155
Sept. 11 2012,1.149
Sept. 10 2012,1.148
Sept. 7 2012,1.159
Sept. 6 2012,1.121
Sept. 5 2012,1.099
Sept. 4 2012,1.105
Aug. 31 2012,1.130
Aug. 30 2012,1.120
Aug. 29 2012,1.146
Aug. 28 2012,1.163
Aug. 27 2012,1.163
Aug. 24 2012,1.169
Aug. 23 2012,1.160
Aug. 22 2012,1.181
Aug. 21 2012,1.172
Aug. 20 2012,1.178
Aug. 17 2012,1.179
Aug. 16 2012,1.187
Aug. 15 2012,1.184
Aug. 14 2012,1.195
Aug. 13 2012,1.197
Aug. 10 2012,1.215
Aug. 9 2012,1.203
Aug. 8 2012,1.212
Aug. 7 2012,1.206
Aug. 6 2012,1.173
Aug. 3 2012,1.178
Aug. 2 2012,1.139
Aug. 1 2012,1.168
July 31 2012,1.157
July 30 2012,1.186
July 27 2012,1.178
July 26 2012,1.161
July 25 2012,1.110
July 24 2012,1.113
July 23 2012,1.130
July 20 2012,1.159
July 19 2012,1.159
July 18 2012,1.156
July 17 2012,1.151
July 16 2012,1.136
July 13 2012,1.134
July 12 2012,1.116
July 11 2012,1.124
July 10 2012,1.107
July 9 2012,1.133
July 6 2012,1.133
July 5 2012,1.150
July 3 2012,1.170
July 2 2012,1.142
June 29 2012,0.2804
June 28 2012,0.2646
June 27 2012,0.2625
June 26 2012,0.2583
June 25 2012,0.2528
June 22 2012,0.2598
June 21 2012,0.2591
June 20 2012,0.2759
June 19 2012,0.2746
June 18 2012,0.274
June 15 2012,0.2786
June 14 2012,0.2729
June 13 2012,0.2722
June 12 2012,0.2732
June 11 2012,0.2718
June 8 2012,0.278
June 7 2012,0.2777
June 6 2012,0.2765
June 5 2012,0.2654
June 4 2012,0.262
June 1 2012,0.2568
May 31 2012,0.2591
May 30 2012,0.2625
May 29 2012,0.271
May 25 2012,0.2648
May 24 2012,0.266
May 23 2012,0.2643
May 22 2012,0.2643
May 21 2012,0.2644
May 18 2012,0.2604
May 17 2012,0.2572
May 16 2012,0.259
May 15 2012,0.2612
May 14 2012,0.2669
May 11 2012,0.2738
May 10 2012,0.2779
May 9 2012,0.2755
May 8 2012,0.2842
May 7 2012,0.2867
May 4 2012,0.2873
May 3 2012,0.2936
May 2 2012,0.302
May 1 2012,0.3037
April 30 2012,0.2982
April 27 2012,0.2999
April 26 2012,0.3004
April 25 2012,0.2946
April 24 2012,0.2884
April 23 2012,0.2874
April 20 2012,0.2897
April 19 2012,0.2884
April 18 2012,0.2876
April 17 2012,0.2901
April 16 2012,0.2852
April 13 2012,0.2895
April 12 2012,0.2979
April 11 2012,0.2903
April 10 2012,0.2929
April 9 2012,0.2987
April 5 2012,0.305
April 4 2012,0.3087
April 3 2012,0.3154
April 2 2012,0.3187
March 30 2012,0.2235
March 29 2012,0.2216
March 28 2012,0.2226
March 27 2012,0.2309
March 26 2012,0.2327
March 23 2012,0.2291
March 22 2012,0.2247
March 21 2012,0.2293
March 20 2012,0.2299
March 19 2012,0.2382
March 16 2012,0.236
March 15 2012,0.2321
March 14 2012,0.2321
March 13 2012,0.2346
March 12 2012,0.231
March 9 2012,0.2363
March 8 2012,0.2367
March 7 2012,0.2344
March 6 2012,0.2371
March 5 2012,0.2429
March 2 2012,0.2449
March 1 2012,0.2461
Feb. 29 2012,0.2449
Feb. 28 2012,0.2475
Feb. 27 2012,0.2452
Feb. 24 2012,0.2437
Feb. 23 2012,0.2456
Feb. 22 2012,0.2423
Feb. 21 2012,0.245
Feb. 17 2012,0.2439
Feb. 16 2012,0.2448
Feb. 15 2012,0.2435
Feb. 14 2012,0.244
Feb. 13 2012,0.2442
Feb. 10 2012,0.241
Feb. 9 2012,0.2446
Feb. 8 2012,0.2436
Feb. 7 2012,0.246
Feb. 6 2012,0.244
Feb. 3 2012,0.2408
Feb. 2 2012,0.2311
Feb. 1 2012,0.233
Jan. 31 2012,0.2341
Jan. 30 2012,0.2338
Jan. 27 2012,0.2352
Jan. 26 2012,0.2351
Jan. 25 2012,0.2428
Jan. 24 2012,0.2368
Jan. 23 2012,0.2395
Jan. 20 2012,0.2355
Jan. 19 2012,0.2343
Jan. 18 2012,0.2368
Jan. 17 2012,0.233
Jan. 13 2012,0.2291
Jan. 12 2012,0.2295
Jan. 11 2012,0.2266
Jan. 10 2012,0.2297
Jan. 9 2012,0.2275
Jan. 6 2012,0.2247
Jan. 5 2012,0.2256
Jan. 4 2012,0.2274
Jan. 3 2012,0.2267
Dec. 30 2011,0.2357
Dec. 29 2011,0.2358
Dec. 28 2011,0.2336
Dec. 27 2011,0.2401
Dec. 23 2011,0.238
Dec. 22 2011,0.237
Dec. 21 2011,0.2342
Dec. 20 2011,0.2319
Dec. 19 2011,0.2197
Dec. 16 2011,0.2246
Dec. 15 2011,0.2202
Dec. 14 2011,0.2224
Dec. 13 2011,0.2306
Dec. 12 2011,0.2309
Dec. 9 2011,0.2375
Dec. 8 2011,0.2331
Dec. 7 2011,0.2422
Dec. 6 2011,0.2444
Dec. 5 2011,0.2471
Dec. 2 2011,0.2413
Dec. 1 2011,0.2436
Nov. 30 2011,0.2488
Nov. 29 2011,0.2319
Nov. 28 2011,0.228
Nov. 25 2011,0.2181
Nov. 23 2011,0.2208
Nov. 22 2011,0.2305
Nov. 21 2011,0.2324
Nov. 18 2011,0.2373
Nov. 17 2011,0.2376
Nov. 16 2011,0.2455
Nov. 15 2011,0.2486
Nov. 14 2011,0.2461
Nov. 11 2011,0.2511
Nov. 10 2011,0.2468
Nov. 9 2011,0.2428
Nov. 8 2011,0.2548
Nov. 7 2011,0.2478
Nov. 4 2011,0.2456
Nov. 3 2011,0.2395
Nov. 2 2011,0.2344
Nov. 1 2011,0.2278
Oct. 31 2011,0.2338
Oct. 28 2011,0.246
Oct. 27 2011,0.2406
Oct. 26 2011,0.2194
Oct. 25 2011,0.2142
Oct. 24 2011,0.2196
Oct. 21 2011,0.2182
Oct. 20 2011,0.2128
Oct. 19 2011,0.2112
Oct. 18 2011,0.2138
Oct. 17 2011,0.208
Oct. 14 2011,0.2149
Oct. 13 2011,0.205
Oct. 12 2011,0.2038
Oct. 11 2011,0.2035
Oct. 10 2011,0.2054
Oct. 7 2011,0.1943
Oct. 6 2011,0.1976
Oct. 5 2011,0.1905
Oct. 4 2011,0.1843
Oct. 3 2011,0.1725
Sept. 30 2011,0.1799
Sept. 29 2011,0.231
Sept. 28 2011,0.2299
Sept. 27 2011,0.2405
Sept. 26 2011,0.236
Sept. 23 2011,0.2215
Sept. 22 2011,0.2204
Sept. 21 2011,0.234
Sept. 20 2011,0.2476
Sept. 19 2011,0.2528
Sept. 16 2011,0.2554
Sept. 15 2011,0.2588
Sept. 14 2011,0.2539
Sept. 13 2011,0.2466
Sept. 12 2011,0.2438
Sept. 9 2011,0.2469
Sept. 8 2011,0.2551
Sept. 7 2011,0.2592
Sept. 6 2011,0.2536
Sept. 2 2011,0.2557
Sept. 1 2011,0.2633
Aug. 31 2011,0.2659
Aug. 30 2011,0.264
Aug. 29 2011,0.2608
Aug. 26 2011,0.2517
Aug. 25 2011,0.2492
Aug. 24 2011,0.2547
Aug. 23 2011,0.2535
Aug. 22 2011,0.2467
Aug. 19 2011,0.248
Aug. 18 2011,0.2537
Aug. 17 2011,0.2686
Aug. 16 2011,0.2678
Aug. 15 2011,0.2738
Aug. 12 2011,0.2609
Aug. 11 2011,0.26
Aug. 10 2011,0.2491
Aug. 9 2011,0.2588
Aug. 8 2011,0.2441
Aug. 5 2011,0.2678
Aug. 4 2011,0.269
Aug. 3 2011,0.2889
Aug. 2 2011,0.29
Aug. 1 2011,0.2998
July 29 2011,0.301
July 28 2011,0.3058
July 27 2011,0.3109
July 26 2011,0.3214
July 25 2011,0.3292
July 22 2011,0.3307
July 21 2011,0.3313
July 20 2011,0.3255
July 19 2011,0.3279
July 18 2011,0.3227
July 15 2011,0.3229
July 14 2011,0.3169
July 13 2011,0.3157
July 12 2011,0.3128
July 11 2011,0.312
July 8 2011,0.3258
July 7 2011,0.3299
July 6 2011,0.3243
July 5 2011,0.3273
July 1 2011,0.3235
June 30 2011,0.3189
June 29 2011,0.4136
June 28 2011,0.4057
June 27 2011,0.3977
June 24 2011,0.3958
June 23 2011,0.3995
June 22 2011,0.4057
June 21 2011,0.4116
June 20 2011,0.408
June 17 2011,0.4108
June 16 2011,0.4133
June 15 2011,0.4106
June 14 2011,0.4212
June 13 2011,0.4106
June 10 2011,0.4156
June 9 2011,0.4179
June 8 2011,0.412
June 7 2011,0.4078
June 6 2011,0.4098
June 3 2011,0.4189
June 2 2011,0.4172
June 1 2011,0.4168
May 31 2011,0.4335
May 27 2011,0.4284
May 26 2011,0.422
May 25 2011,0.4189
May 24 2011,0.412
May 23 2011,0.3978
May 20 2011,0.4036
May 19 2011,0.4035
May 18 2011,0.4108
May 17 2011,0.4076
May 16 2011,0.406
May 13 2011,0.4115
May 12 2011,0.4144
May 11 2011,0.4166
May 10 2011,0.43
May 9 2011,0.432
May 6 2011,0.4278
May 5 2011,0.4259
May 4 2011,0.4377
May 3 2011,0.4488
May 2 2011,0.4652
April 29 2011,0.4594
April 28 2011,0.4226
April 27 2011,0.414
April 26 2011,0.4137
April 25 2011,0.4035
April 21 2011,0.4041
April 20 2011,0.4054
April 19 2011,0.3968
April 18 2011,0.3902
April 15 2011,0.397
April 14 2011,0.3921
April 13 2011,0.3895
April 12 2011,0.3895
April 11 2011,0.4037
April 8 2011,0.4169
April 7 2011,0.4065
April 6 2011,0.4062
April 5 2011,0.413
April 4 2011,0.4161
April 1 2011,0.4193
March 31 2011,0.42
March 30 2011,0.3215
March 29 2011,0.3216
March 28 2011,0.3125
March 25 2011,0.3124
March 24 2011,0.3092
March 23 2011,0.3101
March 22 2011,0.3103
March 21 2011,0.3129
March 18 2011,0.3046
March 17 2011,0.3032
March 16 2011,0.2972
March 15 2011,0.3035
March 14 2011,0.3068
March 11 2011,0.3059
March 10 2011,0.3019
March 9 2011,0.3125
March 8 2011,0.3127
March 7 2011,0.3208
March 4 2011,0.3196
March 3 2011,0.3204
March 2 2011,0.3123
March 1 2011,0.3105
Feb. 28 2011,0.3159
Feb. 25 2011,0.3194
Feb. 24 2011,0.3153
Feb. 23 2011,0.319
Feb. 22 2011,0.3164
Feb. 18 2011,0.3326
Feb. 17 2011,0.3279
Feb. 16 2011,0.3254
Feb. 15 2011,0.3193
Feb. 14 2011,0.3137
Feb. 11 2011,0.309
Feb. 10 2011,0.3065
Feb. 9 2011,0.3013
Feb. 8 2011,0.3029
Feb. 7 2011,0.3022
Feb. 4 2011,0.3021
Feb. 3 2011,0.3042
Feb. 2 2011,0.3057
Feb. 1 2011,0.3065
Jan. 31 2011,0.2995
Jan. 28 2011,0.2906
Jan. 27 2011,0.3004
Jan. 26 2011,0.3003
Jan. 25 2011,0.301
Jan. 24 2011,0.3011
Jan. 21 2011,0.3035
Jan. 20 2011,0.2987
Jan. 19 2011,0.3045
Jan. 18 2011,0.3053
Jan. 14 2011,0.3015
Jan. 13 2011,0.2987
Jan. 12 2011,0.3021
Jan. 11 2011,0.3003
Jan. 10 2011,0.2968
Jan. 7 2011,0.298
Jan. 6 2011,0.2988
Jan. 5 2011,0.3006
Jan. 4 2011,0.2995
Jan. 3 2011,0.3036
Dec. 31 2010,0.3039
Dec. 30 2010,0.2371
Dec. 29 2010,0.2406
Dec. 28 2010,0.2373
Dec. 27 2010,0.2353
Dec. 23 2010,0.2367
Dec. 22 2010,0.2375
Dec. 21 2010,0.2347
Dec. 20 2010,0.2319
Dec. 17 2010,0.2313
Dec. 16 2010,0.2304
Dec. 15 2010,0.2303
Dec. 14 2010,0.2286
Dec. 13 2010,0.2281
Dec. 10 2010,0.226
Dec. 9 2010,0.2212
Dec. 8 2010,0.2208
Dec. 7 2010,0.2252
Dec. 6 2010,0.226
Dec. 3 2010,0.2229
Dec. 2 2010,0.2204
Dec. 1 2010,0.2192
Nov. 30 2010,0.2142
Nov. 29 2010,0.2161
Nov. 26 2010,0.2129
Nov. 24 2010,0.2161
Nov. 23 2010,0.214
Nov. 22 2010,0.2149
Nov. 19 2010,0.2142
Nov. 18 2010,0.2121
Nov. 17 2010,0.2081
Nov. 16 2010,0.2069
Nov. 15 2010,0.2132
Nov. 12 2010,0.2125
Nov. 11 2010,0.2132
Nov. 10 2010,0.2055
Nov. 9 2010,0.2041
Nov. 8 2010,0.2047
Nov. 5 2010,0.2046
Nov. 4 2010,0.2052
Nov. 3 2010,0.1985
Nov. 2 2010,0.198
Nov. 1 2010,0.1939
Oct. 29 2010,0.191
Oct. 28 2010,0.1916
Oct. 27 2010,0.1929
Oct. 26 2010,0.192
Oct. 25 2010,0.1945
Oct. 22 2010,0.1933
Oct. 21 2010,0.1914
Oct. 20 2010,0.1967
Oct. 19 2010,0.1972
Oct. 18 2010,0.2076
Oct. 15 2010,0.2063
Oct. 14 2010,0.2063
Oct. 13 2010,0.2048
Oct. 12 2010,0.2022
Oct. 11 2010,0.2034
Oct. 8 2010,0.2021
Oct. 7 2010,0.2001
Oct. 6 2010,0.2012
Oct. 5 2010,0.2003
Oct. 4 2010,0.1958
Oct. 1 2010,0.1962
Sept. 30 2010,0.1902
Sept. 29 2010,2.385
Sept. 28 2010,2.350
Sept. 27 2010,2.328
Sept. 24 2010,2.375
Sept. 23 2010,2.321
Sept. 22 2010,2.364
Sept. 21 2010,2.394
Sept. 20 2010,2.404
Sept. 17 2010,2.372
Sept. 16 2010,2.379
Sept. 15 2010,2.432
Sept. 14 2010,2.439
Sept. 13 2010,2.447
Sept. 10 2010,2.434
Sept. 9 2010,2.414
Sept. 8 2010,2.403
Sept. 7 2010,2.379
Sept. 3 2010,2.438
Sept. 2 2010,2.423
Sept. 1 2010,2.392
Aug. 31 2010,2.274
Aug. 30 2010,2.297
Aug. 27 2010,2.347
Aug. 26 2010,2.248
Aug. 25 2010,2.269
Aug. 24 2010,2.304
Aug. 23 2010,2.352
Aug. 20 2010,2.336
Aug. 19 2010,2.346
Aug. 18 2010,2.354
Aug. 17 2010,2.391
Aug. 16 2010,2.362
Aug. 13 2010,2.346
Aug. 12 2010,2.380
Aug. 11 2010,2.376
Aug. 10 2010,2.422
Aug. 9 2010,2.395
Aug. 6 2010,2.376
Aug. 5 2010,2.415
Aug. 4 2010,2.452
Aug. 3 2010,2.448
Aug. 2 2010,2.496
July 30 2010,2.426
July 29 2010,2.418
July 28 2010,2.455
July 27 2010,2.488
July 26 2010,2.581
July 23 2010,2.556
July 22 2010,2.556
July 21 2010,2.492
July 20 2010,2.520
July 19 2010,2.475
July 16 2010,2.471
July 15 2010,2.555
July 14 2010,2.554
July 13 2010,2.562
July 12 2010,2.518
July 9 2010,2.524
July 8 2010,2.518
July 7 2010,2.477
July 6 2010,2.396
July 2 2010,2.377
July 1 2010,2.389
June 30 2010,2.401
June 29 2010,
June 28 2010,
June 25 2010,
June 24 2010,
June 23 2010,
June 22 2010,
June 21 2010,
June 18 2010,
June 17 2010,
June 16 2010,
June 15 2010,
June 14 2010,
June 11 2010,
June 10 2010,
June 9 2010,
June 8 2010,
June 7 2010,
June 4 2010,
June 3 2010,
June 2 2010,
June 1 2010,
May 28 2010,
May 27 2010,
May 26 2010,
May 25 2010,
May 24 2010,
May 21 2010,
May 20 2010,
May 19 2010,
May 18 2010,
May 17 2010,
May 14 2010,
May 13 2010,
May 12 2010,
May 11 2010,
May 10 2010,
May 7 2010,
May 6 2010,
May 5 2010,
May 4 2010,
May 3 2010,
April 30 2010,
April 29 2010,
April 28 2010,
April 27 2010,
April 26 2010,
April 23 2010,
April 22 2010,
April 21 2010,
April 20 2010,
April 19 2010,
April 16 2010,
April 15 2010,
April 14 2010,
April 13 2010,
April 12 2010,
April 9 2010,
April 8 2010,
April 7 2010,
April 6 2010,
April 5 2010,
April 1 2010,
March 31 2010,
March 30 2010,
March 29 2010,
March 26 2010,
March 25 2010,
March 24 2010,
March 23 2010,
March 22 2010,
March 19 2010,
March 18 2010,
March 17 2010,
March 16 2010,
March 15 2010,
March 12 2010,
March 11 2010,
March 10 2010,
March 9 2010,
March 8 2010,
March 5 2010,
March 4 2010,
March 3 2010,
March 2 2010,
March 1 2010,
Feb. 26 2010,
Feb. 25 2010,
Feb. 24 2010,
Feb. 23 2010,
Feb. 22 2010,
Feb. 19 2010,
Feb. 18 2010,
Feb. 17 2010,
Feb. 16 2010,
Feb. 12 2010,
Feb. 11 2010,
Feb. 10 2010,
Feb. 9 2010,
Feb. 8 2010,
Feb. 5 2010,
Feb. 4 2010,
Feb. 3 2010,
Feb. 2 2010,
Feb. 1 2010,
Jan. 29 2010,
Jan. 28 2010,
Jan. 27 2010,
Jan. 26 2010,
Jan. 25 2010,
Jan. 22 2010,
Jan. 21 2010,
Jan. 20 2010,
Jan. 19 2010,
Jan. 15 2010,
Jan. 14 2010,
Jan. 13 2010,
Jan. 12 2010,
Jan. 11 2010,
Jan. 8 2010,
Jan. 7 2010,
Jan. 6 2010,
Jan. 5 2010,
Jan. 4 2010,
Dec. 31 2009,
Dec. 30 2009,
Dec. 29 2009,
Dec. 28 2009,
Dec. 24 2009,
Dec. 23 2009,
Dec. 22 2009,
Dec. 21 2009,
Dec. 18 2009,
Dec. 17 2009,
Dec. 16 2009,
Dec. 15 2009,
Dec. 14 2009,
Dec. 11 2009,
Dec. 10 2009,
Dec. 9 2009,
Dec. 8 2009,
Dec. 7 2009,
Dec. 4 2009,
Dec. 3 2009,
Dec. 2 2009,
Dec. 1 2009,
Nov. 30 2009,
Nov. 27 2009,
Nov. 25 2009,
Nov. 24 2009,
Nov. 23 2009,
Nov. 20 2009,
Nov. 19 2009,
Nov. 18 2009,
Nov. 17 2009,
Nov. 16 2009,
Nov. 13 2009,
Nov. 12 2009,
Nov. 11 2009,
Nov. 10 2009,
Nov. 9 2009,
Nov. 6 2009,
Nov. 5 2009,
Nov. 4 2009,
Nov. 3 2009,
Nov. 2 2009,
Oct. 30 2009,
Oct. 29 2009,
Oct. 28 2009,
Oct. 27 2009,
Oct. 26 2009,
Oct. 23 2009,
Oct. 22 2009,
Oct. 21 2009,
Oct. 20 2009,
Oct. 19 2009,
Oct. 16 2009,
Oct. 15 2009,
Oct. 14 2009,
Oct. 13 2009,
Oct. 12 2009,
Oct. 9 2009,
Oct. 8 2009,
Oct. 7 2009,
Oct. 6 2009,
Oct. 5 2009,
Oct. 2 2009,
Oct. 1 2009,
Sept. 30 2009,
Sept. 29 2009,
Sept. 28 2009,
Sept. 25 2009,
Sept. 24 2009,
Sept. 23 2009,
Sept. 22 2009,
Sept. 21 2009,
Sept. 18 2009,
Sept. 17 2009,
Sept. 16 2009,
Sept. 15 2009,
Sept. 14 2009,
Sept. 11 2009,
Sept. 10 2009,
Sept. 9 2009,
Sept. 8 2009,
Sept. 4 2009,
Sept. 3 2009,
Sept. 2 2009,
Sept. 1 2009,
Aug. 31 2009,
Aug. 28 2009,
Aug. 27 2009,
Aug. 26 2009,
Aug. 25 2009,
Aug. 24 2009,
Aug. 21 2009,
Aug. 20 2009,
Aug. 19 2009,
Aug. 18 2009,
Aug. 17 2009,
Aug. 14 2009,
Aug. 13 2009,
Aug. 12 2009,
Aug. 11 2009,
Aug. 10 2009,
Aug. 7 2009,
Aug. 6 2009,
Aug. 5 2009,
Aug. 4 2009,
Aug. 3 2009,
July 31 2009,
July 30 2009,
July 29 2009,
July 28 2009,
July 27 2009,
July 24 2009,
July 23 2009,
July 22 2009,
July 21 2009,
July 20 2009,
July 17 2009,
July 16 2009,
July 15 2009,
July 14 2009,
July 13 2009,
July 10 2009,
July 9 2009,
July 8 2009,
July 7 2009,
July 6 2009,
July 2 2009,
July 1 2009,
June 30 2009,
June 29 2009,
June 26 2009,
June 25 2009,
June 24 2009,
June 23 2009,
June 22 2009,
June 19 2009,
June 18 2009,
June 17 2009,
June 16 2009,
June 15 2009,
June 12 2009,
June 11 2009,
June 10 2009,
June 9 2009,
June 8 2009,
June 5 2009,
June 4 2009,
June 3 2009,
June 2 2009,
June 1 2009,
May 29 2009,
May 28 2009,
May 27 2009,
May 26 2009,
May 22 2009,
May 21 2009,
May 20 2009,
May 19 2009,
May 18 2009,
May 15 2009,
May 14 2009,
May 13 2009,
May 12 2009,
May 11 2009,
May 8 2009,
May 7 2009,
May 6 2009,
May 5 2009,
May 4 2009,
May 1 2009,
April 30 2009,
April 29 2009,
April 28 2009,
April 27 2009,
April 24 2009,
April 23 2009,
April 22 2009,
April 21 2009,
April 20 2009,
April 17 2009,
April 16 2009,
April 15 2009,
April 14 2009,
April 13 2009,
April 9 2009,
April 8 2009,
April 7 2009,
April 6 2009,
April 3 2009,
April 2 2009,
April 1 2009,
March 31 2009,
March 30 2009,0.2205
March 27 2009,0.2274
March 26 2009,0.2306
March 25 2009,0.2306
March 24 2009,0.2312
March 23 2009,0.2392
March 20 2009,0.2226
March 19 2009,0.2314
March 18 2009,0.223
March 17 2009,0.2181
March 16 2009,0.2103
March 13 2009,0.2146
March 12 2009,0.2215
March 11 2009,0.2112
March 10 2009,0.2102
March 9 2009,0.1977
March 6 2009,0.1983
March 5 2009,0.1963
March 4 2009,0.2073
March 3 2009,0.1914
March 2 2009,0.1918
Feb. 27 2009,0.2035
Feb. 26 2009,0.206
Feb. 25 2009,0.1967
Feb. 24 2009,0.198
Feb. 23 2009,0.1866
Feb. 20 2009,0.1964
Feb. 19 2009,0.2013
Feb. 18 2009,0.2022
Feb. 17 2009,0.2055
Feb. 13 2009,0.222
Feb. 12 2009,0.2191
Feb. 11 2009,0.2189
Feb. 10 2009,0.2175
Feb. 9 2009,0.23
Feb. 6 2009,0.2228
Feb. 5 2009,0.2203
Feb. 4 2009,0.2187
Feb. 3 2009,0.2169
Feb. 2 2009,0.2125
Jan. 30 2009,0.214
Jan. 29 2009,0.223
Jan. 28 2009,0.233
Jan. 27 2009,0.2226
Jan. 26 2009,0.223
Jan. 23 2009,0.2179
Jan. 22 2009,0.2125
Jan. 21 2009,0.2189
Jan. 20 2009,0.1996
Jan. 16 2009,0.21
Jan. 15 2009,0.21
Jan. 14 2009,0.2109
Jan. 13 2009,0.221
Jan. 12 2009,0.2133
Jan. 9 2009,0.2209
Jan. 8 2009,0.2315
Jan. 7 2009,0.228
Jan. 6 2009,0.2419
Jan. 5 2009,0.2423
Jan. 2 2009,0.2439
Dec. 31 2008,0.2354
Dec. 30 2008,0.0907
Dec. 29 2008,0.0874
Dec. 26 2008,0.084
Dec. 24 2008,0.0821
Dec. 23 2008,0.0834
Dec. 22 2008,0.0844
Dec. 19 2008,0.0877
Dec. 18 2008,0.0852
Dec. 17 2008,0.0891
Dec. 16 2008,0.0891
Dec. 15 2008,0.085
Dec. 12 2008,0.0855
Dec. 11 2008,0.0897
Dec. 10 2008,0.0889
Dec. 9 2008,0.08
Dec. 8 2008,0.0794
Dec. 5 2008,0.0717
Dec. 4 2008,0.0682
Dec. 3 2008,0.0744
Dec. 2 2008,0.0734
Dec. 1 2008,0.0712
Nov. 28 2008,0.084
Nov. 26 2008,0.0858
Nov. 25 2008,0.0792
Nov. 24 2008,0.0784
Nov. 21 2008,0.0729
Nov. 20 2008,0.0632
Nov. 19 2008,0.0716
Nov. 18 2008,0.0754
Nov. 17 2008,0.0729
Nov. 14 2008,0.0748
Nov. 13 2008,0.0778
Nov. 12 2008,0.0699
Nov. 11 2008,0.0782
Nov. 10 2008,0.0822
Nov. 7 2008,0.0814
Nov. 6 2008,0.0799
Nov. 5 2008,0.0837
Nov. 4 2008,0.0901
Nov. 3 2008,0.0825
Oct. 31 2008,0.0862
Oct. 30 2008,0.0849
Oct. 29 2008,0.0789
Oct. 28 2008,0.0771
Oct. 27 2008,0.0653
Oct. 24 2008,0.0709
Oct. 23 2008,0.0754
Oct. 22 2008,0.0697
Oct. 21 2008,0.0768
Oct. 20 2008,0.083
Oct. 17 2008,0.0721
Oct. 16 2008,0.0719
Oct. 15 2008,0.0665
Oct. 14 2008,0.0815
Oct. 13 2008,0.0795
Oct. 10 2008,0.0681
Oct. 9 2008,0.0745
Oct. 8 2008,0.0846
Oct. 7 2008,0.0836
Oct. 6 2008,0.0912
Oct. 3 2008,0.0955
Oct. 2 2008,0.096
Oct. 1 2008,0.1046
Sept. 30 2008,0.1093
Sept. 29 2008,0.1502
Sept. 26 2008,0.1787
Sept. 25 2008,0.18
Sept. 24 2008,0.1772
Sept. 23 2008,0.1783
Sept. 22 2008,0.1878
Sept. 19 2008,0.1861
Sept. 18 2008,0.164
Sept. 17 2008,0.1596
Sept. 16 2008,0.1614
Sept. 15 2008,0.1564
Sept. 12 2008,0.1675
Sept. 11 2008,0.1615
Sept. 10 2008,0.1615
Sept. 9 2008,0.1529
Sept. 8 2008,0.1663
Sept. 5 2008,0.1694
Sept. 4 2008,0.1701
Sept. 3 2008,0.1745
Sept. 2 2008,0.1741
Aug. 29 2008,0.1834
Aug. 28 2008,0.1862
Aug. 27 2008,0.1946
Aug. 26 2008,0.1907
Aug. 25 2008,0.1869
Aug. 22 2008,0.189
Aug. 21 2008,0.1937
Aug. 20 2008,0.1877
Aug. 19 2008,0.1797
Aug. 18 2008,0.1748
Aug. 15 2008,0.175
Aug. 14 2008,0.179
Aug. 13 2008,0.1806
Aug. 12 2008,0.1745
Aug. 11 2008,0.1754
Aug. 8 2008,0.1759
Aug. 7 2008,0.1765
Aug. 6 2008,0.1794
Aug. 5 2008,0.1748
Aug. 4 2008,0.1716
Aug. 1 2008,0.1833
July 31 2008,0.1822
July 30 2008,0.1865
July 29 2008,0.1756
July 28 2008,0.1759
July 25 2008,0.175
July 24 2008,0.1695
July 23 2008,0.1669
July 22 2008,0.178
July 21 2008,0.1848
July 18 2008,0.1793
July 17 2008,0.1736
July 16 2008,0.178
July 15 2008,0.1854
July 14 2008,0.1943
July 11 2008,0.1943
July 10 2008,0.1932
July 9 2008,0.1872
July 8 2008,0.1908
July 7 2008,0.1951
July 3 2008,0.2017
July 2 2008,0.2044
July 1 2008,0.2114
June 30 2008,0.2077
June 27 2008,0.2422
June 26 2008,0.2326
June 25 2008,0.2323
June 24 2008,0.2356
June 23 2008,0.2399
June 20 2008,0.2345
June 19 2008,0.2379
June 18 2008,0.2471
June 17 2008,0.2495
June 16 2008,0.2451
June 13 2008,0.2411
June 12 2008,0.242
June 11 2008,0.2519
June 10 2008,0.246
June 9 2008,0.2562
June 6 2008,0.2538
June 5 2008,0.2509
June 4 2008,0.2393
June 3 2008,0.2455
June 2 2008,0.2532
May 30 2008,0.2517
May 29 2008,0.2489
May 28 2008,0.2549
May 27 2008,0.2501
May 23 2008,0.2556
May 22 2008,0.2629
May 21 2008,0.2641
May 20 2008,0.2679
May 19 2008,0.2614
May 16 2008,0.2601
May 15 2008,0.2487
May 14 2008,0.2431
May 13 2008,0.2468
May 12 2008,0.241
May 9 2008,0.2405
May 8 2008,0.2407
May 7 2008,0.2375
May 6 2008,0.2441
May 5 2008,0.235
May 2 2008,0.2293
May 1 2008,0.2218
April 30 2008,0.2278
April 29 2008,0.2279
April 28 2008,0.2342
April 25 2008,0.2378
April 24 2008,0.2268
April 23 2008,0.2313
April 22 2008,0.2356
April 21 2008,0.2322
April 18 2008,0.2269
April 17 2008,0.2269
April 16 2008,0.2278
April 15 2008,0.2176
April 14 2008,0.214
April 11 2008,0.2114
April 10 2008,0.2152
April 9 2008,0.2159
April 8 2008,0.2113
April 7 2008,0.2096
April 4 2008,0.2101
April 3 2008,0.2068
April 2 2008,0.205
April 1 2008,0.205
March 31 2008,0.2003
March 28 2008,0.3383
March 27 2008,0.3382
March 26 2008,0.3417
March 25 2008,0.3316
March 24 2008,0.3268
March 20 2008,0.3231
March 19 2008,0.3196
March 18 2008,0.3417
March 17 2008,0.3265
March 14 2008,0.3478
March 13 2008,0.3575
March 12 2008,0.353
March 11 2008,0.3631
March 10 2008,0.3395
March 7 2008,0.3432
March 6 2008,0.3486
March 5 2008,0.3625
March 4 2008,0.3504
March 3 2008,0.3615
Feb. 29 2008,0.3575
Feb. 28 2008,0.3715
Feb. 27 2008,0.3636
Feb. 26 2008,0.3607
Feb. 25 2008,0.3513
Feb. 22 2008,0.3399
Feb. 21 2008,0.3377
Feb. 20 2008,0.3518
Feb. 19 2008,0.3468
Feb. 15 2008,0.3314
Feb. 14 2008,0.3314
Feb. 13 2008,0.324
Feb. 12 2008,0.3152
Feb. 11 2008,0.3167
Feb. 8 2008,0.3081
Feb. 7 2008,0.3013
Feb. 6 2008,0.2996
Feb. 5 2008,0.3079
Feb. 4 2008,0.3199
Feb. 1 2008,0.3197
Jan. 31 2008,0.3133
Jan. 30 2008,0.3182
Jan. 29 2008,0.3164
Jan. 28 2008,0.2983
Jan. 25 2008,0.2994
Jan. 24 2008,0.3033
Jan. 23 2008,0.2983
Jan. 22 2008,0.3011
Jan. 18 2008,0.3144
Jan. 17 2008,0.3149
Jan. 16 2008,0.3237
Jan. 15 2008,0.3326
Jan. 14 2008,0.3481
Jan. 11 2008,0.336
Jan. 10 2008,0.3373
Jan. 9 2008,0.3507
Jan. 8 2008,0.3442
Jan. 7 2008,0.353
Jan. 4 2008,0.3593
Jan. 3 2008,0.372
Jan. 2 2008,0.362
Dec. 31 2007,0.3557
Dec. 28 2007,1.151
Dec. 27 2007,1.15
Dec. 26 2007,1.150
Dec. 24 2007,1.132
Dec. 21 2007,1.118
Dec. 20 2007,1.071
Dec. 19 2007,1.060
Dec. 18 2007,1.037
Dec. 17 2007,1.015
Dec. 14 2007,1.046
Dec. 13 2007,1.079
Dec. 12 2007,1.068
Dec. 11 2007,1.030
Dec. 10 2007,1.061
Dec. 7 2007,1.066
Dec. 6 2007,1.069
Dec. 5 2007,1.036
Dec. 4 2007,1.022
Dec. 3 2007,1.040
Nov. 30 2007,1.028
Nov. 29 2007,1.031
Nov. 28 2007,1.028
Nov. 27 2007,1.010
Nov. 26 2007,1.021
Nov. 23 2007,1.063
Nov. 21 2007,1.036
Nov. 20 2007,1.051
Nov. 19 2007,1.002
Nov. 16 2007,1.010
Nov. 15 2007,0.9724
Nov. 14 2007,1.006
Nov. 13 2007,1.005
Nov. 12 2007,0.9908
Nov. 9 2007,1.043
Nov. 8 2007,1.060
Nov. 7 2007,1.045
Nov. 6 2007,1.086
Nov. 5 2007,1.042
Nov. 2 2007,1.013
Nov. 1 2007,0.9839
Oct. 31 2007,1.018
Oct. 30 2007,0.9845
Oct. 29 2007,1.035
Oct. 26 2007,1.043
Oct. 25 2007,1.018
Oct. 24 2007,0.9997
Oct. 23 2007,0.9837
Oct. 22 2007,0.9609
Oct. 19 2007,0.9832
Oct. 18 2007,1.034
Oct. 17 2007,1.028
Oct. 16 2007,1.041
Oct. 15 2007,1.019
Oct. 12 2007,1.02
Oct. 11 2007,0.9986
Oct. 10 2007,0.9902
Oct. 9 2007,0.986
Oct. 8 2007,0.9605
Oct. 5 2007,0.9787
Oct. 4 2007,0.9702
Oct. 3 2007,0.9447
Oct. 2 2007,0.9618
Oct. 1 2007,0.9749
Sept. 28 2007,
Sept. 27 2007,
Sept. 26 2007,
Sept. 25 2007,
Sept. 24 2007,
Sept. 21 2007,
Sept. 20 2007,
Sept. 19 2007,
Sept. 18 2007,
Sept. 17 2007,
Sept. 14 2007,
Sept. 13 2007,
Sept. 12 2007,
Sept. 11 2007,
Sept. 10 2007,
Sept. 7 2007,
Sept. 6 2007,
Sept. 5 2007,
Sept. 4 2007,
Aug. 31 2007,
Aug. 30 2007,
Aug. 29 2007,
Aug. 28 2007,
Aug. 27 2007,
Aug. 24 2007,
Aug. 23 2007,
Aug. 22 2007,
Aug. 21 2007,
Aug. 20 2007,
Aug. 17 2007,
Aug. 16 2007,
Aug. 15 2007,
Aug. 14 2007,
Aug. 13 2007,
Aug. 10 2007,
Aug. 9 2007,
Aug. 8 2007,
Aug. 7 2007,
Aug. 6 2007,
Aug. 3 2007,
Aug. 2 2007,
Aug. 1 2007,
July 31 2007,
July 30 2007,
July 27 2007,
July 26 2007,
July 25 2007,
July 24 2007,
July 23 2007,
July 20 2007,
July 19 2007,
July 18 2007,
July 17 2007,
July 16 2007,
July 13 2007,
July 12 2007,
July 11 2007,
July 10 2007,
July 9 2007,
July 6 2007,
July 5 2007,
July 3 2007,
July 2 2007,
June 29 2007,
June 28 2007,
June 27 2007,
June 26 2007,
June 25 2007,
June 22 2007,
June 21 2007,
June 20 2007,
June 19 2007,
June 18 2007,
June 15 2007,
June 14 2007,
June 13 2007,
June 12 2007,
June 11 2007,
June 8 2007,
June 7 2007,
June 6 2007,
June 5 2007,
June 4 2007,
June 1 2007,
May 31 2007,
May 30 2007,
May 29 2007,
May 25 2007,
May 24 2007,
May 23 2007,
May 22 2007,
May 21 2007,
May 18 2007,
May 17 2007,
May 16 2007,
May 15 2007,
May 14 2007,
May 11 2007,
May 10 2007,
May 9 2007,
May 8 2007,
May 7 2007,
May 4 2007,
May 3 2007,
May 2 2007,
May 1 2007,
April 30 2007,
April 27 2007,
April 26 2007,
April 25 2007,
April 24 2007,
April 23 2007,
April 20 2007,
April 19 2007,
April 18 2007,
April 17 2007,
April 16 2007,
April 13 2007,
April 12 2007,
April 11 2007,
April 10 2007,
April 9 2007,
April 5 2007,
April 4 2007,
April 3 2007,
April 2 2007,
March 30 2007,
March 29 2007,
March 28 2007,
March 27 2007,
March 26 2007,
March 23 2007,
March 22 2007,
March 21 2007,
March 20 2007,
March 19 2007,
March 16 2007,
March 15 2007,
March 14 2007,
March 13 2007,
March 12 2007,
March 9 2007,
March 8 2007,
March 7 2007,
March 6 2007,
March 5 2007,
March 2 2007,
March 1 2007,
Feb. 28 2007,
Feb. 27 2007,
Feb. 26 2007,
Feb. 23 2007,
Feb. 22 2007,
Feb. 21 2007,
Feb. 20 2007,
Feb. 16 2007,
Feb. 15 2007,
Feb. 14 2007,
Feb. 13 2007,
Feb. 12 2007,
Feb. 9 2007,
Feb. 8 2007,
Feb. 7 2007,
Feb. 6 2007,
Feb. 5 2007,
Feb. 2 2007,
Feb. 1 2007,
Jan. 31 2007,
Jan. 30 2007,
Jan. 29 2007,
Jan. 26 2007,
Jan. 25 2007,
Jan. 24 2007,
Jan. 23 2007,
Jan. 22 2007,
Jan. 19 2007,
Jan. 18 2007,
Jan. 17 2007,
Jan. 16 2007,
Jan. 12 2007,
Jan. 11 2007,
Jan. 10 2007,
Jan. 9 2007,
Jan. 8 2007,
Jan. 5 2007,
Jan. 4 2007,
Jan. 3 2007,
Dec. 29 2006,
Dec. 28 2006,
Dec. 27 2006,
Dec. 26 2006,
Dec. 22 2006,
Dec. 21 2006,
Dec. 20 2006,
Dec. 19 2006,
Dec. 18 2006,
Dec. 15 2006,
Dec. 14 2006,
Dec. 13 2006,
Dec. 12 2006,
Dec. 11 2006,
Dec. 8 2006,
Dec. 7 2006,
Dec. 6 2006,
Dec. 5 2006,
Dec. 4 2006,
Dec. 1 2006,
Nov. 30 2006,
Nov. 29 2006,
Nov. 28 2006,
Nov. 27 2006,
Nov. 24 2006,
Nov. 22 2006,
Nov. 21 2006,
Nov. 20 2006,
Nov. 17 2006,
Nov. 16 2006,
Nov. 15 2006,
Nov. 14 2006,
Nov. 13 2006,
Nov. 10 2006,
Nov. 9 2006,
Nov. 8 2006,
Nov. 7 2006,
Nov. 6 2006,
Nov. 3 2006,
Nov. 2 2006,
Nov. 1 2006,
Oct. 31 2006,
Oct. 30 2006,
Oct. 27 2006,
Oct. 26 2006,
Oct. 25 2006,
Oct. 24 2006,
Oct. 23 2006,
Oct. 20 2006,
Oct. 19 2006,
Oct. 18 2006,
Oct. 17 2006,
Oct. 16 2006,
Oct. 13 2006,
Oct. 12 2006,
Oct. 11 2006,
Oct. 10 2006,
Oct. 9 2006,
Oct. 6 2006,
Oct. 5 2006,
Oct. 4 2006,
Oct. 3 2006,
Oct. 2 2006,
Sept. 29 2006,0.2155
Sept. 28 2006,0.2131
Sept. 27 2006,0.2135
Sept. 26 2006,0.209
Sept. 25 2006,0.2037
Sept. 22 2006,0.2026
Sept. 21 2006,0.2038
Sept. 20 2006,0.1988
Sept. 19 2006,0.2019
Sept. 18 2006,0.2054
Sept. 15 2006,0.1973
Sept. 14 2006,0.1993
Sept. 13 2006,0.2056
Sept. 12 2006,0.2043
Sept. 11 2006,0.2055
Sept. 8 2006,0.2096
Sept. 7 2006,0.2143
Sept. 6 2006,0.214
Sept. 5 2006,0.2288
Sept. 1 2006,0.2306
Aug. 31 2006,0.2284
Aug. 30 2006,0.232
Aug. 29 2006,0.2354
Aug. 28 2006,0.2358
Aug. 25 2006,0.2393
Aug. 24 2006,0.2366
Aug. 23 2006,0.2351
Aug. 22 2006,0.2388
Aug. 21 2006,0.2368
Aug. 18 2006,0.2348
Aug. 17 2006,0.2303
Aug. 16 2006,0.2302
Aug. 15 2006,0.2325
Aug. 14 2006,0.2293
Aug. 11 2006,0.2356
Aug. 10 2006,0.2367
Aug. 9 2006,0.2382
Aug. 8 2006,0.2361
Aug. 7 2006,0.2403
Aug. 4 2006,0.2357
Aug. 3 2006,0.2395
Aug. 2 2006,0.2412
Aug. 1 2006,0.2414
July 31 2006,0.2413
July 28 2006,0.2388
July 27 2006,0.2389
July 26 2006,0.2387
July 25 2006,0.2329
July 24 2006,0.2315
July 21 2006,0.223
July 20 2006,0.2229
July 19 2006,0.226
July 18 2006,0.2243
July 17 2006,0.2217
July 14 2006,0.231
July 13 2006,0.2294
July 12 2006,0.2311
July 11 2006,0.2285
July 10 2006,0.2305
July 7 2006,0.2298
July 6 2006,0.2324
July 5 2006,0.2348
July 3 2006,0.2343
June 30 2006,0.2297
June 29 2006,0.0637
June 28 2006,0.0633
June 27 2006,0.0616
June 26 2006,0.0623
June 23 2006,0.0602
June 22 2006,0.059
June 21 2006,0.0585
June 20 2006,0.0575
June 19 2006,0.0579
June 16 2006,0.0603
June 15 2006,0.0606
June 14 2006,0.0582
June 13 2006,0.0574
June 12 2006,0.06
June 9 2006,0.0604
June 8 2006,0.0604
June 7 2006,0.059
June 6 2006,0.0611
June 5 2006,0.0607
June 2 2006,0.0629
June 1 2006,0.0622
May 31 2006,0.0617
May 30 2006,0.06
May 26 2006,0.0609
May 25 2006,0.061
May 24 2006,0.0585
May 23 2006,0.0583
May 22 2006,0.058
May 19 2006,0.0586
May 18 2006,0.0575
May 17 2006,0.0578
May 16 2006,0.0604
May 15 2006,0.0618
May 12 2006,0.0637
May 11 2006,0.0662
May 10 2006,0.0667
May 9 2006,0.0658
May 8 2006,0.0646
May 5 2006,0.0651
May 4 2006,0.0647
May 3 2006,0.0657
May 2 2006,0.0663
May 1 2006,0.065
April 28 2006,0.064
April 27 2006,0.0631
April 26 2006,0.0624
April 25 2006,0.0651
April 24 2006,0.0657
April 21 2006,0.0667
April 20 2006,0.0637
April 19 2006,0.0638
April 18 2006,0.0639
April 17 2006,0.0631
April 13 2006,0.06
April 12 2006,0.06
April 11 2006,0.0598
April 10 2006,0.0601
April 7 2006,0.0593
April 6 2006,0.0604
April 5 2006,0.0607
April 4 2006,0.0596
April 3 2006,0.0587
March 31 2006,0.0577
March 30 2006,0.0535
March 29 2006,0.0543
March 28 2006,0.0537
March 27 2006,0.0534
March 24 2006,0.0533
March 23 2006,0.0535
March 22 2006,0.0525
March 21 2006,0.0523
March 20 2006,0.0525
March 17 2006,0.054
March 16 2006,0.054
March 15 2006,0.0537
March 14 2006,0.0532
March 13 2006,0.0524
March 10 2006,0.0512
March 9 2006,0.0511
March 8 2006,0.0512
March 7 2006,0.0517
March 6 2006,0.052
March 3 2006,0.054
March 2 2006,0.0536
March 1 2006,0.0526
Feb. 28 2006,0.052
Feb. 27 2006,0.0516
Feb. 24 2006,0.0525
Feb. 23 2006,0.0511
Feb. 22 2006,0.0513
Feb. 21 2006,0.0522
Feb. 17 2006,0.0511
Feb. 16 2006,0.0504
Feb. 15 2006,0.0489
Feb. 14 2006,0.0496
Feb. 13 2006,0.0497
Feb. 10 2006,0.0494
Feb. 9 2006,0.0499
Feb. 8 2006,0.0509
Feb. 7 2006,0.0512
Feb. 6 2006,0.0534
Feb. 3 2006,0.0519
Feb. 2 2006,0.0523
Feb. 1 2006,0.0534
Jan. 31 2006,0.0555
Jan. 30 2006,0.0537
Jan. 27 2006,0.0518
Jan. 26 2006,0.0509
Jan. 25 2006,0.0507
Jan. 24 2006,0.0515
Jan. 23 2006,0.0519
Jan. 20 2006,0.0517
Jan. 19 2006,0.0519
Jan. 18 2006,0.0518
Jan. 17 2006,0.0524
Jan. 13 2006,0.051
Jan. 12 2006,0.0499
Jan. 11 2006,0.0514
Jan. 10 2006,0.0516
Jan. 9 2006,0.0508
Jan. 6 2006,0.0499
Jan. 5 2006,0.0477
Jan. 4 2006,0.0483
Jan. 3 2006,0.0488
Dec. 30 2005,0.0692
Dec. 29 2005,0.0691
Dec. 28 2005,0.0698
Dec. 27 2005,0.0689
Dec. 23 2005,0.0714
Dec. 22 2005,0.0719
Dec. 21 2005,0.0721
Dec. 20 2005,0.072
Dec. 19 2005,0.0706
Dec. 16 2005,0.07
Dec. 15 2005,0.0724
Dec. 14 2005,0.0733
Dec. 13 2005,0.0723
Dec. 12 2005,0.0715
Dec. 9 2005,0.0709
Dec. 8 2005,0.0723
Dec. 7 2005,0.0715
Dec. 6 2005,0.0728
Dec. 5 2005,0.0722
Dec. 2 2005,0.071
Dec. 1 2005,0.0714
Nov. 30 2005,0.0687
Nov. 29 2005,0.0684
Nov. 28 2005,0.0676
Nov. 25 2005,0.0692
Nov. 23 2005,0.0685
Nov. 22 2005,0.0683
Nov. 21 2005,0.0662
Nov. 18 2005,0.065
Nov. 17 2005,0.0656
Nov. 16 2005,0.0662
Nov. 15 2005,0.065
Nov. 14 2005,0.0644
Nov. 11 2005,0.0641
Nov. 10 2005,0.0633
Nov. 9 2005,0.0659
Nov. 8 2005,0.0666
Nov. 7 2005,0.0666
Nov. 4 2005,0.0682
Nov. 3 2005,0.07
Nov. 2 2005,0.0688
Nov. 1 2005,0.0689
Oct. 31 2005,0.0683
Oct. 28 2005,0.0666
Oct. 27 2005,0.0646
Oct. 26 2005,0.0654
Oct. 25 2005,0.0659
Oct. 24 2005,0.0637
Oct. 21 2005,0.0616
Oct. 20 2005,0.0606
Oct. 19 2005,0.0637
Oct. 18 2005,0.0618
Oct. 17 2005,0.0651
Oct. 14 2005,0.063
Oct. 13 2005,0.0649
Oct. 12 2005,0.0666
Oct. 11 2005,0.0683
Oct. 10 2005,0.0666
Oct. 7 2005,0.0672
Oct. 6 2005,0.0663
Oct. 5 2005,0.0686
Oct. 4 2005,0.0705
Oct. 3 2005,0.0739
Sept. 30 2005,0.074
Sept. 29 2005,0.1169
Sept. 28 2005,0.1171
Sept. 27 2005,0.1172
Sept. 26 2005,0.1176
Sept. 23 2005,0.1156
Sept. 22 2005,0.1177
Sept. 21 2005,0.1189
Sept. 20 2005,0.1171
Sept. 19 2005,0.1195
Sept. 16 2005,0.1165
Sept. 15 2005,0.1159
Sept. 14 2005,0.1156
Sept. 13 2005,0.1132
Sept. 12 2005,0.1145
Sept. 9 2005,0.117
Sept. 8 2005,0.1141
Sept. 7 2005,0.1129
Sept. 6 2005,0.1132
Sept. 2 2005,0.1135
Sept. 1 2005,0.1141
Aug. 31 2005,0.1117
Aug. 30 2005,0.1088
Aug. 29 2005,0.1074
Aug. 26 2005,0.1052
Aug. 25 2005,0.1076
Aug. 24 2005,0.107
Aug. 23 2005,0.1071
Aug. 22 2005,0.1071
Aug. 19 2005,0.1066
Aug. 18 2005,0.1061
Aug. 17 2005,0.1059
Aug. 16 2005,0.1086
Aug. 15 2005,0.1111
Aug. 12 2005,0.1126
Aug. 11 2005,0.1126
Aug. 10 2005,0.1105
Aug. 9 2005,0.1098
Aug. 8 2005,0.1108
Aug. 5 2005,0.1095
Aug. 4 2005,0.1115
Aug. 3 2005,0.1121
Aug. 2 2005,0.1123
Aug. 1 2005,0.1115
July 29 2005,0.1107
July 28 2005,0.1117
July 27 2005,0.1121
July 26 2005,0.1109
July 25 2005,0.1113
July 22 2005,0.1116
July 21 2005,0.1082
July 20 2005,0.1085
July 19 2005,0.1082
July 18 2005,0.1063
July 15 2005,0.106
July 14 2005,0.1069
July 13 2005,0.1098
July 12 2005,0.1108
July 11 2005,0.1093
July 8 2005,0.109
July 7 2005,0.1101
July 6 2005,0.1077
July 5 2005,0.1103
July 1 2005,0.1072
June 30 2005,0.1035
June 29 2005,0.2376
June 28 2005,0.2416
June 27 2005,0.2457
June 24 2005,0.2415
June 23 2005,0.242
June 22 2005,0.2412
June 21 2005,0.2402
June 20 2005,0.2468
June 17 2005,0.2451
June 16 2005,0.242
June 15 2005,0.2396
June 14 2005,0.2347
June 13 2005,0.2319
June 10 2005,0.2325
June 9 2005,0.231
June 8 2005,0.2254
June 7 2005,0.2266
June 6 2005,0.2306
June 3 2005,0.2307
June 2 2005,0.2286
June 1 2005,0.2288
May 31 2005,0.2236
May 27 2005,0.2249
May 26 2005,0.2224
May 25 2005,0.2187
May 24 2005,0.2145
May 23 2005,0.2131
May 20 2005,0.2081
May 19 2005,0.2084
May 18 2005,0.205
May 17 2005,0.2051
May 16 2005,0.2016
May 13 2005,0.2027
May 12 2005,0.2071
May 11 2005,0.2155
May 10 2005,0.211
May 9 2005,0.2163
May 6 2005,0.2155
May 5 2005,0.2142
May 4 2005,0.2107
May 3 2005,0.209
May 2 2005,0.2141
April 29 2005,0.2111
April 28 2005,0.2059
April 27 2005,0.2127
April 26 2005,0.22
April 25 2005,0.2245
April 22 2005,0.2186
April 21 2005,0.2179
April 20 2005,0.2103
April 19 2005,0.2134
April 18 2005,0.2076
April 15 2005,0.2004
April 14 2005,0.2096
April 13 2005,0.2098
April 12 2005,0.2192
April 11 2005,0.2226
April 8 2005,0.2209
April 7 2005,0.2234
April 6 2005,0.2269
April 5 2005,0.2236
April 4 2005,0.2253
April 1 2005,0.2253
March 31 2005,0.2177
March 30 2005,0.2875
March 29 2005,0.283
March 28 2005,0.2863
March 24 2005,0.2887
March 23 2005,0.2849
March 22 2005,0.2944
March 21 2005,0.3004
March 18 2005,0.3062
March 17 2005,0.3009
March 16 2005,0.2937
March 15 2005,0.2923
March 14 2005,0.2995
March 11 2005,0.2949
March 10 2005,0.2916
March 9 2005,0.2937
March 8 2005,0.3032
March 7 2005,0.3014
March 4 2005,0.3046
March 3 2005,0.302
March 2 2005,0.2934
March 1 2005,0.2867
Feb. 28 2005,0.2906
Feb. 25 2005,0.2952
Feb. 24 2005,0.2892
Feb. 23 2005,0.2835
Feb. 22 2005,0.2815
Feb. 18 2005,0.2807
Feb. 17 2005,0.2726
Feb. 16 2005,0.2755
Feb. 15 2005,0.2688
Feb. 14 2005,0.2691
Feb. 11 2005,0.2694
Feb. 10 2005,0.2621
Feb. 9 2005,0.2535
Feb. 8 2005,0.2505
Feb. 7 2005,0.2484
Feb. 4 2005,0.2479
Feb. 3 2005,0.2505
Feb. 2 2005,0.2491
Feb. 1 2005,0.2457
Jan. 31 2005,0.2415
Jan. 28 2005,0.2379
Jan. 27 2005,0.2389
Jan. 26 2005,0.2387
Jan. 25 2005,0.2356
Jan. 24 2005,0.2391
Jan. 21 2005,0.2384
Jan. 20 2005,0.2378
Jan. 19 2005,0.2411
Jan. 18 2005,0.2414
Jan. 14 2005,0.2404
Jan. 13 2005,0.2357
Jan. 12 2005,0.2344
Jan. 11 2005,0.2304
Jan. 10 2005,0.2306
Jan. 7 2005,0.2306
Jan. 6 2005,0.2344
Jan. 5 2005,0.23
Jan. 4 2005,0.2313
Jan. 3 2005,0.2339
Dec. 31 2004,0.2414
Dec. 30 2004,0.2176
Dec. 29 2004,0.2179
Dec. 28 2004,0.2167
Dec. 27 2004,0.2145
Dec. 23 2004,0.217
Dec. 22 2004,0.2164
Dec. 21 2004,0.2189
Dec. 20 2004,0.2188
Dec. 17 2004,0.2121
Dec. 16 2004,0.2131
Dec. 15 2004,0.2144
Dec. 14 2004,0.2107
Dec. 13 2004,0.211
Dec. 10 2004,0.2062
Dec. 9 2004,0.2064
Dec. 8 2004,0.2041
Dec. 7 2004,0.206
Dec. 6 2004,0.2107
Dec. 3 2004,0.2116
Dec. 2 2004,0.2107
Dec. 1 2004,0.2194
Nov. 30 2004,0.2245
Nov. 29 2004,0.2238
Nov. 26 2004,0.2248
Nov. 24 2004,0.2232
Nov. 23 2004,0.2232
Nov. 22 2004,0.2216
Nov. 19 2004,0.2178
Nov. 18 2004,0.2136
Nov. 17 2004,0.2137
Nov. 16 2004,0.2122
Nov. 15 2004,0.2107
Nov. 12 2004,0.2159
Nov. 11 2004,0.2107
Nov. 10 2004,0.2124
Nov. 9 2004,0.212
Nov. 8 2004,0.2138
Nov. 5 2004,0.2162
Nov. 4 2004,0.2146
Nov. 3 2004,0.2105
Nov. 2 2004,0.2048
Nov. 1 2004,0.2071
Oct. 29 2004,0.2081
Oct. 28 2004,0.2047
Oct. 27 2004,0.2106
Oct. 26 2004,0.2154
Oct. 25 2004,0.2179
Oct. 22 2004,0.2154
Oct. 21 2004,0.2157
Oct. 20 2004,0.2131
Oct. 19 2004,0.2086
Oct. 18 2004,0.2084
Oct. 15 2004,0.2099
Oct. 14 2004,0.2077
Oct. 13 2004,0.2047
Oct. 12 2004,0.2123
Oct. 11 2004,0.2146
Oct. 8 2004,0.2169
Oct. 7 2004,0.2159
Oct. 6 2004,0.2181
Oct. 5 2004,0.213
Oct. 4 2004,0.2102
Oct. 1 2004,0.2106
Sept. 30 2004,0.2085
Sept. 29 2004,0.3734
Sept. 28 2004,0.3762
Sept. 27 2004,0.3693
Sept. 24 2004,0.3701
Sept. 23 2004,0.3672
Sept. 22 2004,0.3743
Sept. 21 2004,0.3795
Sept. 20 2004,0.3708
Sept. 17 2004,0.3683
Sept. 16 2004,0.3631
Sept. 15 2004,0.3608
Sept. 14 2004,0.361
Sept. 13 2004,0.3602
Sept. 10 2004,0.3542
Sept. 9 2004,0.3569
Sept. 8 2004,0.3522
Sept. 7 2004,0.3566
Sept. 3 2004,0.3592
Sept. 2 2004,0.3595
Sept. 1 2004,0.3558
Aug. 31 2004,0.3478
Aug. 30 2004,0.3429
Aug. 27 2004,0.3427
Aug. 26 2004,0.3389
Aug. 25 2004,0.3356
Aug. 24 2004,0.3323
Aug. 23 2004,0.3364
Aug. 20 2004,0.3408
Aug. 19 2004,0.3366
Aug. 18 2004,0.3375
Aug. 17 2004,0.3339
Aug. 16 2004,0.3376
Aug. 13 2004,0.3375
Aug. 12 2004,0.336
Aug. 11 2004,0.3344
Aug. 10 2004,0.3335
Aug. 9 2004,0.3299
Aug. 6 2004,0.3229
Aug. 5 2004,0.3301
Aug. 4 2004,0.3349
Aug. 3 2004,0.3365
Aug. 2 2004,0.3327
July 30 2004,0.3314
July 29 2004,0.3316
July 28 2004,0.3284
July 27 2004,0.3277
July 26 2004,0.3249
July 23 2004,0.3304
July 22 2004,0.3288
July 21 2004,0.3297
July 20 2004,0.3352
July 19 2004,0.3367
July 16 2004,0.3339
July 15 2004,0.3314
July 14 2004,0.3302
July 13 2004,0.3274
July 12 2004,0.3258
July 9 2004,0.3297
July 8 2004,0.3275
July 7 2004,0.3258
July 6 2004,0.3288
July 2 2004,0.3252
July 1 2004,0.3263
June 30 2004,0.3259
June 29 2004,0.3773
June 28 2004,0.3739
June 25 2004,0.383
June 24 2004,0.3863
June 23 2004,0.3918
June 22 2004,0.3806
June 21 2004,0.38
June 18 2004,0.3805
June 17 2004,0.3744
June 16 2004,0.3676
June 15 2004,0.3615
June 14 2004,0.3563
June 10 2004,0.3605
June 9 2004,0.3534
June 8 2004,0.3556
June 7 2004,0.3543
June 4 2004,0.3478
June 3 2004,0.3501
June 2 2004,0.3499
June 1 2004,0.3537
May 28 2004,0.3486
May 27 2004,0.3477
May 26 2004,0.3603
May 25 2004,0.3652
May 24 2004,0.3585
May 21 2004,0.3536
May 20 2004,0.3582
May 19 2004,0.3589
May 18 2004,0.3626
May 17 2004,0.3646
May 14 2004,0.3649
May 13 2004,0.3555
May 12 2004,0.3593
May 11 2004,0.3583
May 10 2004,0.3562
May 7 2004,0.3735
May 6 2004,0.3805
May 5 2004,0.3801
May 4 2004,0.385
May 3 2004,0.3844
April 30 2004,0.3723
April 29 2004,0.3712
April 28 2004,0.3786
April 27 2004,0.3859
April 26 2004,0.3816
April 23 2004,0.379
April 22 2004,0.3825
April 21 2004,0.3762
April 20 2004,0.3766
April 19 2004,0.3865
April 16 2004,0.3834
April 15 2004,0.3797
April 14 2004,0.3741
April 13 2004,0.3671
April 12 2004,0.3747
April 8 2004,0.3679
April 7 2004,0.364
April 6 2004,0.3649
April 5 2004,0.3659
April 2 2004,0.3625
April 1 2004,0.3611
March 31 2004,0.3632
March 30 2004,0.2128
March 29 2004,0.2079
March 26 2004,0.2037
March 25 2004,0.2038
March 24 2004,0.2039
March 23 2004,0.2095
March 22 2004,0.2137
March 19 2004,0.2168
March 18 2004,0.2181
March 17 2004,0.2162
March 16 2004,0.2136
March 15 2004,0.2105
March 12 2004,0.2114
March 11 2004,0.2084
March 10 2004,0.211
March 9 2004,0.2146
March 8 2004,0.2173
March 5 2004,0.2159
March 4 2004,0.2107
March 3 2004,0.2121
March 2 2004,0.2126
March 1 2004,0.2174
Feb. 27 2004,0.2079
Feb. 26 2004,0.2077
Feb. 25 2004,0.2082
Feb. 24 2004,0.2072
Feb. 23 2004,0.2066
Feb. 20 2004,0.2077
Feb. 19 2004,0.2068
Feb. 18 2004,0.2065
Feb. 17 2004,0.2087
Feb. 13 2004,0.2093
Feb. 12 2004,0.2091
Feb. 11 2004,0.2112
Feb. 10 2004,0.2107
Feb. 9 2004,0.2066
Feb. 6 2004,0.204
Feb. 5 2004,0.2023
Feb. 4 2004,0.203
Feb. 3 2004,0.2056
Feb. 2 2004,0.2051
Jan. 30 2004,0.2063
Jan. 29 2004,0.2076
Jan. 28 2004,0.2076
Jan. 27 2004,0.2088
Jan. 26 2004,0.2102
Jan. 23 2004,0.209
Jan. 22 2004,0.2073
Jan. 21 2004,0.2107
Jan. 20 2004,0.2078
Jan. 16 2004,0.2069
Jan. 15 2004,0.2037
Jan. 14 2004,0.2084
Jan. 13 2004,0.2073
Jan. 12 2004,0.2068
Jan. 9 2004,0.2014
Jan. 8 2004,0.2019
Jan. 7 2004,0.2003
Jan. 6 2004,0.2026
Jan. 5 2004,0.2047
Jan. 2 2004,0.1969
Dec. 31 2003,0.1978
Dec. 30 2003,0.043
Dec. 29 2003,0.043
Dec. 26 2003,0.0424
Dec. 24 2003,0.0422
Dec. 23 2003,0.0417
Dec. 22 2003,0.0418
Dec. 19 2003,0.0415
Dec. 18 2003,0.0418
Dec. 17 2003,0.0412
Dec. 16 2003,0.0406
Dec. 15 2003,0.0402
Dec. 12 2003,0.0405
Dec. 11 2003,0.04
Dec. 10 2003,0.0392
Dec. 9 2003,0.0395
Dec. 8 2003,0.0391
Dec. 5 2003,0.0392
Dec. 4 2003,0.0391
Dec. 3 2003,0.038
Dec. 2 2003,0.0382
Dec. 1 2003,0.038
Nov. 28 2003,0.037
Nov. 26 2003,0.037
Nov. 25 2003,0.0369
Nov. 24 2003,0.0365
Nov. 21 2003,0.0361
Nov. 20 2003,0.0363
Nov. 19 2003,0.0363
Nov. 18 2003,0.0365
Nov. 17 2003,0.0367
Nov. 14 2003,0.0368
Nov. 13 2003,0.0364
Nov. 12 2003,0.0363
Nov. 11 2003,0.036
Nov. 10 2003,0.0364
Nov. 7 2003,0.0364
Nov. 6 2003,0.0362
Nov. 5 2003,0.0359
Nov. 4 2003,0.0358
Nov. 3 2003,0.0358
Oct. 31 2003,0.0356
Oct. 30 2003,0.0356
Oct. 29 2003,0.0362
Oct. 28 2003,0.036
Oct. 27 2003,0.0366
Oct. 24 2003,0.0368
Oct. 23 2003,0.0366
Oct. 22 2003,0.0364
Oct. 21 2003,0.0367
Oct. 20 2003,0.0359
Oct. 17 2003,0.0365
Oct. 16 2003,0.0367
Oct. 15 2003,0.0366
Oct. 14 2003,0.037
Oct. 13 2003,0.0371
Oct. 10 2003,0.0368
Oct. 9 2003,0.0364
Oct. 8 2003,0.0363
Oct. 7 2003,0.0367
Oct. 6 2003,0.0365
Oct. 3 2003,0.0365
Oct. 2 2003,0.0363
Oct. 1 2003,0.0364
Sept. 30 2003,0.0355
Sept. 29 2003,0.0433
Sept. 26 2003,0.0434
Sept. 25 2003,0.0432
Sept. 24 2003,0.0434
Sept. 23 2003,0.0433
Sept. 22 2003,0.0433
Sept. 19 2003,0.0432
Sept. 18 2003,0.0433
Sept. 17 2003,0.0431
Sept. 16 2003,0.0433
Sept. 15 2003,0.0431
Sept. 12 2003,0.0435
Sept. 11 2003,0.0432
Sept. 10 2003,0.0432
Sept. 9 2003,0.0434
Sept. 8 2003,0.0437
Sept. 5 2003,0.0429
Sept. 4 2003,0.0432
Sept. 3 2003,0.0435
Sept. 2 2003,0.0436
Aug. 29 2003,0.0424
Aug. 28 2003,0.042
Aug. 27 2003,0.0414
Aug. 26 2003,0.0411
Aug. 25 2003,0.0415
Aug. 22 2003,0.0417
Aug. 21 2003,0.0419
Aug. 20 2003,0.0422
Aug. 19 2003,0.0419
Aug. 18 2003,0.0418
Aug. 15 2003,0.0421
Aug. 14 2003,0.0418
Aug. 13 2003,0.0417
Aug. 12 2003,0.0416
Aug. 11 2003,0.0413
Aug. 8 2003,0.0414
Aug. 7 2003,0.0409
Aug. 6 2003,0.0402
Aug. 5 2003,0.0397
Aug. 4 2003,0.0402
Aug. 1 2003,0.0404
July 31 2003,0.0404
July 30 2003,0.04
July 29 2003,0.0401
July 28 2003,0.0406
July 25 2003,0.041
July 24 2003,0.0399
July 23 2003,0.0399
July 22 2003,0.0401
July 21 2003,0.0405
July 18 2003,0.0401
July 17 2003,0.0388
July 16 2003,0.0384
July 15 2003,0.0393
July 14 2003,0.0402
July 11 2003,0.0412
July 10 2003,0.0406
July 9 2003,0.0414
July 8 2003,0.0413
July 7 2003,0.0416
July 3 2003,0.0415
July 2 2003,0.042
July 1 2003,0.0416
June 30 2003,0.0414
June 27 2003,0.1124
June 26 2003,0.1131
June 25 2003,0.113
June 24 2003,0.1121
June 23 2003,0.1131
June 20 2003,0.1124
June 19 2003,0.1127
June 18 2003,0.1134
June 17 2003,0.1131
June 16 2003,0.1139
June 13 2003,0.1138
June 12 2003,0.1143
June 11 2003,0.1148
June 10 2003,0.1131
June 9 2003,0.1122
June 6 2003,0.1122
June 5 2003,0.1152
June 4 2003,0.1151
June 3 2003,0.1134
June 2 2003,0.113
May 30 2003,0.1133
May 29 2003,0.1103
May 28 2003,0.1117
May 27 2003,0.1126
May 23 2003,0.1105
May 22 2003,0.1085
May 21 2003,0.1076
May 20 2003,0.1043
May 19 2003,0.1041
May 16 2003,0.1041
May 15 2003,0.1041
May 14 2003,0.1039
May 13 2003,0.1043
May 12 2003,0.103
May 9 2003,0.1044
May 8 2003,0.1038
May 7 2003,0.1036
May 6 2003,0.1032
May 5 2003,0.1022
May 2 2003,0.1029
May 1 2003,0.101
April 30 2003,0.1003
April 29 2003,0.1006
April 28 2003,0.1013
April 25 2003,0.1015
April 24 2003,0.1016
April 23 2003,0.1018
April 22 2003,0.1027
April 21 2003,0.1028
April 17 2003,0.1025
April 16 2003,0.1011
April 15 2003,0.1019
April 14 2003,0.1021
April 11 2003,0.1013
April 10 2003,0.1024
April 9 2003,0.1017
April 8 2003,0.1023
April 7 2003,0.1036
April 4 2003,0.1042
April 3 2003,0.1029
April 2 2003,0.1036
April 1 2003,0.1039
March 31 2003,0.1006
March 28 2003,
March 27 2003,
March 26 2003,
March 25 2003,
March 24 2003,
March 21 2003,
March 20 2003,
March 19 2003,
March 18 2003,
March 17 2003,
March 14 2003,
March 13 2003,
March 12 2003,
March 11 2003,
March 10 2003,
March 7 2003,
March 6 2003,
March 5 2003,
March 4 2003,
March 3 2003,
Feb. 28 2003,
Feb. 27 2003,
Feb. 26 2003,
Feb. 25 2003,
Feb. 24 2003,
Feb. 21 2003,
Feb. 20 2003,
Feb. 19 2003,
Feb. 18 2003,
Feb. 14 2003,
Feb. 13 2003,
Feb. 12 2003,
Feb. 11 2003,
Feb. 10 2003,
Feb. 7 2003,
Feb. 6 2003,
Feb. 5 2003,
Feb. 4 2003,
Feb. 3 2003,
Jan. 31 2003,
Jan. 30 2003,
Jan. 29 2003,
Jan. 28 2003,
Jan. 27 2003,
Jan. 24 2003,
Jan. 23 2003,
Jan. 22 2003,
Jan. 21 2003,
Jan. 17 2003,
Jan. 16 2003,
Jan. 15 2003,
Jan. 14 2003,
Jan. 13 2003,
Jan. 10 2003,
Jan. 9 2003,
Jan. 8 2003,
Jan. 7 2003,
Jan. 6 2003,
Jan. 3 2003,
Jan. 2 2003,
Dec. 31 2002,
Dec. 30 2002,
Dec. 27 2002,
Dec. 26 2002,
Dec. 24 2002,
Dec. 23 2002,
Dec. 20 2002,
Dec. 19 2002,
Dec. 18 2002,
Dec. 17 2002,
Dec. 16 2002,
Dec. 13 2002,
Dec. 12 2002,
Dec. 11 2002,
Dec. 10 2002,
Dec. 9 2002,
Dec. 6 2002,
Dec. 5 2002,
Dec. 4 2002,
Dec. 3 2002,
Dec. 2 2002,
Nov. 29 2002,
Nov. 27 2002,
Nov. 26 2002,
Nov. 25 2002,
Nov. 22 2002,
Nov. 21 2002,
Nov. 20 2002,
Nov. 19 2002,
Nov. 18 2002,
Nov. 15 2002,
Nov. 14 2002,
Nov. 13 2002,
Nov. 12 2002,
Nov. 11 2002,
Nov. 8 2002,
Nov. 7 2002,
Nov. 6 2002,
Nov. 5 2002,
Nov. 4 2002,
Nov. 1 2002,
Oct. 31 2002,
Oct. 30 2002,
Oct. 29 2002,
Oct. 28 2002,
Oct. 25 2002,
Oct. 24 2002,
Oct. 23 2002,
Oct. 22 2002,
Oct. 21 2002,
Oct. 18 2002,
Oct. 17 2002,
Oct. 16 2002,
Oct. 15 2002,
Oct. 14 2002,
Oct. 11 2002,
Oct. 10 2002,
Oct. 9 2002,
Oct. 8 2002,
Oct. 7 2002,
Oct. 4 2002,
Oct. 3 2002,
Oct. 2 2002,
Oct. 1 2002,
Sept. 30 2002,
Sept. 27 2002,
Sept. 26 2002,
Sept. 25 2002,
Sept. 24 2002,
Sept. 23 2002,
Sept. 20 2002,
Sept. 19 2002,
Sept. 18 2002,
Sept. 17 2002,
Sept. 16 2002,
Sept. 13 2002,
Sept. 12 2002,
Sept. 11 2002,
Sept. 10 2002,
Sept. 9 2002,
Sept. 6 2002,
Sept. 5 2002,
Sept. 4 2002,
Sept. 3 2002,
Aug. 30 2002,
Aug. 29 2002,
Aug. 28 2002,
Aug. 27 2002,
Aug. 26 2002,
Aug. 23 2002,
Aug. 22 2002,
Aug. 21 2002,
Aug. 20 2002,
Aug. 19 2002,
Aug. 16 2002,
Aug. 15 2002,
Aug. 14 2002,
Aug. 13 2002,
Aug. 12 2002,
Aug. 9 2002,
Aug. 8 2002,
Aug. 7 2002,
Aug. 6 2002,
Aug. 5 2002,
Aug. 2 2002,
Aug. 1 2002,
July 31 2002,
July 30 2002,
July 29 2002,
July 26 2002,
July 25 2002,
July 24 2002,
July 23 2002,
July 22 2002,
July 19 2002,
July 18 2002,
July 17 2002,
July 16 2002,
July 15 2002,
July 12 2002,
July 11 2002,
July 10 2002,
July 9 2002,
July 8 2002,
July 5 2002,
July 3 2002,
July 2 2002,
July 1 2002,
June 28 2002,
June 27 2002,
June 26 2002,
June 25 2002,
June 24 2002,
June 21 2002,
June 20 2002,
June 19 2002,
June 18 2002,
June 17 2002,
June 14 2002,
June 13 2002,
June 12 2002,
June 11 2002,
June 10 2002,
June 7 2002,
June 6 2002,
June 5 2002,
June 4 2002,
June 3 2002,
May 31 2002,
May 30 2002,
May 29 2002,
May 28 2002,
May 24 2002,
May 23 2002,
May 22 2002,
May 21 2002,
May 20 2002,
May 17 2002,
May 16 2002,
May 15 2002,
May 14 2002,
May 13 2002,
May 10 2002,
May 9 2002,
May 8 2002,
May 7 2002,
May 6 2002,
May 3 2002,
May 2 2002,
May 1 2002,
April 30 2002,
April 29 2002,
April 26 2002,
April 25 2002,
April 24 2002,
April 23 2002,
April 22 2002,
April 19 2002,
April 18 2002,
April 17 2002,
April 16 2002,
April 15 2002,
April 12 2002,
April 11 2002,
April 10 2002,
April 9 2002,
April 8 2002,
April 5 2002,
April 4 2002,
April 3 2002,
April 2 2002,
April 1 2002,
March 28 2002,
March 27 2002,
March 26 2002,
March 25 2002,
March 22 2002,
March 21 2002,
March 20 2002,
March 19 2002,
March 18 2002,
March 15 2002,
March 14 2002,
March 13 2002,
March 12 2002,
March 11 2002,
March 8 2002,
March 7 2002,
March 6 2002,
March 5 2002,
March 4 2002,
March 1 2002,
Feb. 28 2002,
Feb. 27 2002,
Feb. 26 2002,
Feb. 25 2002,
Feb. 22 2002,
Feb. 21 2002,
Feb. 20 2002,
Feb. 19 2002,
Feb. 15 2002,
Feb. 14 2002,
Feb. 13 2002,
Feb. 12 2002,
Feb. 11 2002,
Feb. 8 2002,
Feb. 7 2002,
Feb. 6 2002,
Feb. 5 2002,
Feb. 4 2002,
Feb. 1 2002,
Jan. 31 2002,
Jan. 30 2002,
Jan. 29 2002,
Jan. 28 2002,
Jan. 25 2002,
Jan. 24 2002,
Jan. 23 2002,
Jan. 22 2002,
Jan. 18 2002,
Jan. 17 2002,
Jan. 16 2002,
Jan. 15 2002,
Jan. 14 2002,
Jan. 11 2002,
Jan. 10 2002,
Jan. 9 2002,
Jan. 8 2002,
Jan. 7 2002,
Jan. 4 2002,
Jan. 3 2002,
Jan. 2 2002,
Dec. 31 2001,
Dec. 28 2001,1.174
Dec. 27 2001,1.162
Dec. 26 2001,1.170
Dec. 24 2001,1.148
Dec. 21 2001,1.140
Dec. 20 2001,1.130
Dec. 19 2001,1.112
Dec. 18 2001,1.098
Dec. 17 2001,1.080
Dec. 14 2001,1.079
Dec. 13 2001,1.062
Dec. 12 2001,1.078
Dec. 11 2001,1.080
Dec. 10 2001,1.089
Dec. 7 2001,1.125
Dec. 6 2001,1.108
Dec. 5 2001,1.166
Dec. 4 2001,1.134
Dec. 3 2001,1.106
Nov. 30 2001,1.090
Nov. 29 2001,1.085
Nov. 28 2001,1.069
Nov. 27 2001,1.089
Nov. 26 2001,1.078
Nov. 23 2001,1.086
Nov. 21 2001,1.076
Nov. 20 2001,1.088
Nov. 19 2001,1.041
Nov. 16 2001,1.047
Nov. 15 2001,1.028
Nov. 14 2001,1.082
Nov. 13 2001,1.128
Nov. 12 2001,1.119
Nov. 9 2001,1.129
Nov. 8 2001,1.097
Nov. 7 2001,1.107
Nov. 6 2001,1.093
Nov. 5 2001,1.095
Nov. 2 2001,1.096
Nov. 1 2001,1.13
Oct. 31 2001,1.104
Oct. 30 2001,1.096
Oct. 29 2001,1.134
Oct. 26 2001,1.142
Oct. 25 2001,1.112
Oct. 24 2001,1.098
Oct. 23 2001,1.102
Oct. 22 2001,1.112
Oct. 19 2001,1.085
Oct. 18 2001,1.085
Oct. 17 2001,1.125
Oct. 16 2001,1.107
Oct. 15 2001,1.107
Oct. 12 2001,1.140
Oct. 11 2001,1.155
Oct. 10 2001,1.144
Oct. 9 2001,1.121
Oct. 8 2001,1.118
Oct. 5 2001,1.103
Oct. 4 2001,1.078
Oct. 3 2001,1.048
Oct. 2 2001,1.082
Oct. 1 2001,1.043
Sept. 28 2001,0.2202
Sept. 27 2001,0.2113
Sept. 26 2001,0.203
Sept. 25 2001,0.1981
Sept. 24 2001,0.2069
Sept. 21 2001,0.2153
Sept. 20 2001,0.2176
Sept. 19 2001,0.2231
Sept. 18 2001,0.2354
Sept. 17 2001,0.2456
Sept. 10 2001,0.2533
Sept. 7 2001,0.257
Sept. 6 2001,0.2568
Sept. 5 2001,0.2563
Sept. 4 2001,0.2551
Aug. 31 2001,0.2489
Aug. 30 2001,0.2507
Aug. 29 2001,0.2524
Aug. 28 2001,0.2529
Aug. 27 2001,0.2522
Aug. 24 2001,0.2545
Aug. 23 2001,0.2512
Aug. 22 2001,0.249
Aug. 21 2001,0.2533
Aug. 20 2001,0.2534
Aug. 17 2001,0.2537
Aug. 16 2001,0.2569
Aug. 15 2001,0.2583
Aug. 14 2001,0.2496
Aug. 13 2001,0.2486
Aug. 10 2001,0.2482
Aug. 9 2001,0.2447
Aug. 8 2001,0.2421
Aug. 7 2001,0.2466
Aug. 6 2001,0.245
Aug. 3 2001,0.247
Aug. 2 2001,0.2492
Aug. 1 2001,0.248
July 31 2001,0.25
July 30 2001,0.251
July 27 2001,0.2479
July 26 2001,0.246
July 25 2001,0.2421
July 24 2001,0.233
July 23 2001,0.2384
July 20 2001,0.2369
July 19 2001,0.2358
July 18 2001,0.232
July 17 2001,0.2403
July 16 2001,0.2411
July 13 2001,0.2442
July 12 2001,0.2435
July 11 2001,0.242
July 10 2001,0.2426
July 9 2001,0.2409
July 6 2001,0.2455
July 5 2001,0.2431
July 3 2001,0.2391
July 2 2001,0.2388
June 29 2001,0.0437
June 28 2001,0.0435
June 27 2001,0.0449
June 26 2001,0.0456
June 25 2001,0.0455
June 22 2001,0.0466
June 21 2001,0.046
June 20 2001,0.0471
June 19 2001,0.0476
June 18 2001,0.0476
June 15 2001,0.0482
June 14 2001,0.0479
June 13 2001,0.0486
June 12 2001,0.0495
June 11 2001,0.0487
June 8 2001,0.0485
June 7 2001,0.0484
June 6 2001,0.049
June 5 2001,0.0503
June 4 2001,0.0495
June 1 2001,0.0486
May 31 2001,0.0493
May 30 2001,0.0492
May 29 2001,0.0495
May 25 2001,0.0486
May 24 2001,0.0491
May 23 2001,0.0494
May 22 2001,0.05
May 21 2001,0.0507
May 18 2001,0.0511
May 17 2001,0.0502
May 16 2001,0.0501
May 15 2001,0.0498
May 14 2001,0.0493
May 11 2001,0.0485
May 10 2001,0.0484
May 9 2001,0.0484
May 8 2001,0.0477
May 7 2001,0.0475
May 4 2001,0.0476
May 3 2001,0.0469
May 2 2001,0.0461
May 1 2001,0.0485
April 30 2001,0.0495
April 27 2001,0.049
April 26 2001,0.049
April 25 2001,0.0489
April 24 2001,0.0478
April 23 2001,0.0472
April 20 2001,0.0451
April 19 2001,0.0445
April 18 2001,0.0445
April 17 2001,0.0454
April 16 2001,0.0439
April 12 2001,0.0429
April 11 2001,0.0431
April 10 2001,0.0434
April 9 2001,0.0428
April 6 2001,0.0418
April 5 2001,0.0417
April 4 2001,0.0412
April 3 2001,0.0401
April 2 2001,0.0404
March 30 2001,0.0226
March 29 2001,0.0219
March 28 2001,0.0222
March 27 2001,0.022
March 26 2001,0.0221
March 23 2001,0.0217
March 22 2001,0.0213
March 21 2001,0.022
March 20 2001,0.0224
March 19 2001,0.0227
March 16 2001,0.0219
March 15 2001,0.0218
March 14 2001,0.0223
March 13 2001,0.0228
March 12 2001,0.0231
March 9 2001,0.0237
March 8 2001,0.0241
March 7 2001,0.0232
March 6 2001,0.0229
March 5 2001,0.023
March 2 2001,0.0225
March 1 2001,0.0218
Feb. 28 2001,0.0219
Feb. 27 2001,0.022
Feb. 26 2001,0.0222
Feb. 23 2001,0.0217
Feb. 22 2001,0.0216
Feb. 21 2001,0.0217
Feb. 20 2001,0.022
Feb. 16 2001,0.0219
Feb. 15 2001,0.022
Feb. 14 2001,0.0221
Feb. 13 2001,0.0221
Feb. 12 2001,0.0223
Feb. 9 2001,0.0223
Feb. 8 2001,0.022
Feb. 7 2001,0.0218
Feb. 6 2001,0.0216
Feb. 5 2001,0.0214
Feb. 2 2001,0.0207
Feb. 1 2001,0.0202
Jan. 31 2001,0.0208
Jan. 30 2001,0.0204
Jan. 29 2001,0.0204
Jan. 26 2001,0.0205
Jan. 25 2001,0.0206
Jan. 24 2001,0.0208
Jan. 23 2001,0.021
Jan. 22 2001,0.0207
Jan. 19 2001,0.0204
Jan. 18 2001,0.0203
Jan. 17 2001,0.0206
Jan. 16 2001,0.021
Jan. 12 2001,0.0211
Jan. 11 2001,0.0214
Jan. 10 2001,0.0214
Jan. 9 2001,0.0213
Jan. 8 2001,0.0219
Jan. 5 2001,0.022
Jan. 4 2001,0.0215
Jan. 3 2001,0.0216
Jan. 2 2001,0.0221
Dec. 29 2000,0.0005
Dec. 28 2000,0.0005
Dec. 27 2000,0.0005
Dec. 26 2000,0.0005
Dec. 22 2000,0.0005
Dec. 21 2000,0.0005
Dec. 20 2000,0.0005
Dec. 19 2000,0.0005
Dec. 18 2000,0.0005
Dec. 15 2000,0.0004
Dec. 14 2000,0.0004
Dec. 13 2000,0.0004
Dec. 12 2000,0.0004
Dec. 11 2000,0.0004
Dec. 8 2000,0.0004
Dec. 7 2000,0.0004
Dec. 6 2000,0.0004
Dec. 5 2000,0.0004
Dec. 4 2000,0.0005
Dec. 1 2000,0.0004
Nov. 30 2000,0.0004
Nov. 29 2000,0.0004
Nov. 28 2000,0.0004
Nov. 27 2000,0.0004
Nov. 24 2000,0.0004
Nov. 22 2000,0.0004
Nov. 21 2000,0.0004
Nov. 20 2000,0.0004
Nov. 17 2000,0.0004
Nov. 16 2000,0.0004
Nov. 15 2000,0.0004
Nov. 14 2000,0.0004
Nov. 13 2000,0.0004
Nov. 10 2000,0.0004
Nov. 9 2000,0.0004
Nov. 8 2000,0.0004
Nov. 7 2000,0.0004
Nov. 6 2000,0.0004
Nov. 3 2000,0.0004
Nov. 2 2000,0.0004
Nov. 1 2000,0.0004
Oct. 31 2000,0.0004
Oct. 30 2000,0.0004
Oct. 27 2000,0.0004
Oct. 26 2000,0.0004
Oct. 25 2000,0.0004
Oct. 24 2000,0.0004
Oct. 23 2000,0.0004
Oct. 20 2000,0.0004
Oct. 19 2000,0.0004
Oct. 18 2000,0.0004
Oct. 17 2000,0.0004
Oct. 16 2000,0.0004
Oct. 13 2000,0.0004
Oct. 12 2000,0.0004
Oct. 11 2000,0.0004
Oct. 10 2000,0.0004
Oct. 9 2000,0.0004
Oct. 6 2000,0.0004
Oct. 5 2000,0.0004
Oct. 4 2000,0.0004
Oct. 3 2000,0.0004
Oct. 2 2000,0.0004
Sept. 29 2000,
Sept. 28 2000,
Sept. 27 2000,
Sept. 26 2000,
Sept. 25 2000,
Sept. 22 2000,
Sept. 21 2000,
Sept. 20 2000,
Sept. 19 2000,
Sept. 18 2000,
Sept. 15 2000,
Sept. 14 2000,
Sept. 13 2000,
Sept. 12 2000,
Sept. 11 2000,
Sept. 8 2000,
Sept. 7 2000,
Sept. 6 2000,
Sept. 5 2000,
Sept. 1 2000,
Aug. 31 2000,
Aug. 30 2000,
Aug. 29 2000,
Aug. 28 2000,
Aug. 25 2000,
Aug. 24 2000,
Aug. 23 2000,
Aug. 22 2000,
Aug. 21 2000,
Aug. 18 2000,
Aug. 17 2000,
Aug. 16 2000,
Aug. 15 2000,
Aug. 14 2000,
Aug. 11 2000,
Aug. 10 2000,
Aug. 9 2000,
Aug. 8 2000,
Aug. 7 2000,
Aug. 4 2000,
Aug. 3 2000,
Aug. 2 2000,
Aug. 1 2000,
July 31 2000,
July 28 2000,
July 27 2000,
July 26 2000,
July 25 2000,
July 24 2000,
July 21 2000,
July 20 2000,
July 19 2000,
July 18 2000,
July 17 2000,
July 14 2000,
July 13 2000,
July 12 2000,
July 11 2000,
July 10 2000,
July 7 2000,
July 6 2000,
July 5 2000,
July 3 2000,
June 30 2000,
June 29 2000,0.0128
June 28 2000,0.0129
June 27 2000,0.0131
June 26 2000,0.0133
June 23 2000,0.014
June 22 2000,0.0138
June 21 2000,0.014
June 20 2000,0.0134
June 19 2000,0.0136
June 16 2000,0.0141
June 15 2000,0.0134
June 14 2000,0.0135
June 13 2000,0.0135
June 12 2000,0.0136
June 9 2000,0.0134
June 8 2000,0.0135
June 7 2000,0.0136
June 6 2000,0.0137
June 5 2000,0.0132
June 2 2000,0.0135
June 1 2000,0.0139
May 31 2000,0.0141
May 30 2000,0.0136
May 26 2000,0.0136
May 25 2000,0.0135
May 24 2000,0.0139
May 23 2000,0.014
May 22 2000,0.0143
May 19 2000,0.0144
May 18 2000,0.0144
May 17 2000,0.0141
May 16 2000,0.0139
May 15 2000,0.0137
May 12 2000,0.0138
May 11 2000,0.0138
May 10 2000,0.0136
May 9 2000,0.0136
May 8 2000,0.0135
May 5 2000,0.0132
May 4 2000,0.0129
May 3 2000,0.0127
May 2 2000,0.013
May 1 2000,0.013
April 28 2000,0.0128
April 27 2000,0.0131
April 26 2000,0.013
April 25 2000,0.0127
April 24 2000,0.0126
April 20 2000,0.0123
April 19 2000,0.0122
April 18 2000,0.012
April 17 2000,0.0124
April 14 2000,0.0128
April 13 2000,0.0129
April 12 2000,0.0129
April 11 2000,0.0128
April 10 2000,0.0127
April 7 2000,0.0128
April 6 2000,0.0129
April 5 2000,0.0125
April 4 2000,0.0123
April 3 2000,0.0124
March 31 2000,0.0124
March 30 2000,0.5615
March 29 2000,0.5407
March 28 2000,0.5303
March 27 2000,0.5268
March 24 2000,0.5251
March 23 2000,0.5216
March 22 2000,0.5182
March 21 2000,0.513
March 20 2000,0.5009
March 17 2000,0.5061
March 16 2000,0.5061
March 15 2000,0.4818
March 14 2000,0.4783
March 13 2000,0.4818
March 10 2000,0.4835
March 9 2000,0.4766
March 8 2000,0.4835
March 7 2000,0.4939
March 6 2000,0.4783
March 3 2000,0.4766
March 2 2000,0.4679
March 1 2000,0.4454
Feb. 29 2000,0.4454
Feb. 28 2000,0.4402
Feb. 25 2000,0.4367
Feb. 24 2000,0.4558
Feb. 23 2000,0.4662
Feb. 22 2000,0.4783
Feb. 18 2000,0.4783
Feb. 17 2000,0.4887
Feb. 16 2000,0.4991
Feb. 15 2000,0.4974
Feb. 14 2000,0.4749
Feb. 11 2000,0.513
Feb. 10 2000,0.5251
Feb. 9 2000,0.5268
Feb. 8 2000,0.5355
Feb. 7 2000,0.539
Feb. 4 2000,0.5407
Feb. 3 2000,0.5407
Feb. 2 2000,0.5442
Feb. 1 2000,0.5494
Jan. 31 2000,0.5511
Jan. 28 2000,0.5546
Jan. 27 2000,0.558
Jan. 26 2000,0.5632
Jan. 25 2000,0.5494
Jan. 24 2000,0.5754
Jan. 21 2000,0.6014
Jan. 20 2000,0.6135
Jan. 19 2000,0.6187
Jan. 18 2000,0.61
Jan. 14 2000,0.61
Jan. 13 2000,0.6204
Jan. 12 2000,0.6014
Jan. 11 2000,0.6048
Jan. 10 2000,0.5823
Jan. 7 2000,0.6014
Jan. 6 2000,0.5892
Jan. 5 2000,0.5684
Jan. 4 2000,0.565
Jan. 3 2000,0.5771
Dec. 31 1999,0.5996
