Sept. 29 2015,14.68
Sept. 28 2015,14.47
Sept. 25 2015,15.44
Sept. 24 2015,15.15
Sept. 23 2015,15.00
Sept. 22 2015,15.35
Sept. 21 2015,15.79
Sept. 18 2015,15.53
Sept. 17 2015,16.11
Sept. 16 2015,15.89
Sept. 15 2015,15.15
Sept. 14 2015,15.11
Sept. 11 2015,14.79
Sept. 10 2015,14.69
Sept. 9 2015,14.62
Sept. 8 2015,16.00
Sept. 4 2015,16.04
Sept. 3 2015,16.54
Sept. 2 2015,16.54
Sept. 1 2015,16.52
Aug. 31 2015,16.95
Aug. 28 2015,16.32
Aug. 27 2015,15.66
Aug. 26 2015,14.36
Aug. 25 2015,13.76
Aug. 24 2015,14.11
Aug. 21 2015,15.42
Aug. 20 2015,15.81
Aug. 19 2015,15.91
Aug. 18 2015,17.14
Aug. 17 2015,17.02
Aug. 14 2015,17.06
Aug. 13 2015,17.67
Aug. 12 2015,18.69
Aug. 11 2015,18.51
Aug. 10 2015,18.61
Aug. 7 2015,18.04
Aug. 6 2015,19.07
Aug. 5 2015,19.40
Aug. 4 2015,20.11
Aug. 3 2015,20.17
July 31 2015,20.60
July 30 2015,21.43
July 29 2015,21.33
July 28 2015,20.78
July 27 2015,20.28
July 24 2015,20.99
July 23 2015,21.67
July 22 2015,21.90
July 21 2015,22.72
July 20 2015,22.78
July 17 2015,23.11
July 16 2015,23.79
July 15 2015,23.92
July 14 2015,24.59
July 13 2015,24.25
July 10 2015,23.98
July 9 2015,24.29
July 8 2015,24.25
July 7 2015,25.21
July 6 2015,24.63
July 2 2015,25.23
July 1 2015,25.28
June 30 2015,26.02
June 29 2015,11.17
June 26 2015,11.61
June 25 2015,11.22
June 24 2015,11.13
June 23 2015,11.13
June 22 2015,10.93
June 19 2015,10.85
June 18 2015,11.10
June 17 2015,11.10
June 16 2015,11.18
June 15 2015,11.06
June 12 2015,11.08
June 11 2015,11.27
June 10 2015,11.32
June 9 2015,11.18
June 8 2015,11.12
June 5 2015,11.28
June 4 2015,11.15
June 3 2015,11.33
June 2 2015,11.33
June 1 2015,11.33
May 29 2015,11.38
May 28 2015,11.39
May 27 2015,11.54
May 26 2015,11.58
May 22 2015,11.75
May 21 2015,11.79
May 20 2015,11.49
May 19 2015,11.44
May 18 2015,11.59
May 15 2015,11.58
May 14 2015,11.56
May 13 2015,11.78
May 12 2015,11.88
May 11 2015,11.88
May 8 2015,12.26
May 7 2015,12.10
May 6 2015,12.47
May 5 2015,12.54
May 4 2015,13.00
May 1 2015,12.87
April 30 2015,13.01
April 29 2015,13.05
April 28 2015,12.85
April 27 2015,12.72
April 24 2015,12.69
April 23 2015,12.78
April 22 2015,12.70
April 21 2015,12.61
April 20 2015,12.96
April 17 2015,12.77
April 16 2015,12.85
April 15 2015,12.85
April 14 2015,12.30
April 13 2015,12.09
April 10 2015,12.21
April 9 2015,12.04
April 8 2015,11.70
April 7 2015,11.78
April 6 2015,11.67
April 2 2015,11.33
April 1 2015,11.15
March 31 2015,10.92
March 30 2015,5.939
March 27 2015,5.820
March 26 2015,5.928
March 25 2015,5.935
March 24 2015,5.820
March 23 2015,5.822
March 20 2015,5.883
March 19 2015,5.773
March 18 2015,5.919
March 17 2015,5.744
March 16 2015,5.845
March 13 2015,5.793
March 12 2015,5.755
March 11 2015,5.796
March 10 2015,5.802
March 9 2015,5.910
March 6 2015,6.018
March 5 2015,6.144
March 4 2015,6.204
March 3 2015,6.234
March 2 2015,6.218
Feb. 27 2015,6.261
Feb. 26 2015,6.292
Feb. 25 2015,6.530
Feb. 24 2015,6.479
Feb. 23 2015,6.414
Feb. 20 2015,6.398
Feb. 19 2015,6.519
Feb. 18 2015,6.521
Feb. 17 2015,6.658
Feb. 13 2015,6.627
Feb. 12 2015,6.467
Feb. 11 2015,6.310
Feb. 10 2015,6.378
Feb. 9 2015,6.362
Feb. 6 2015,6.283
Feb. 5 2015,6.378
Feb. 4 2015,6.288
Feb. 3 2015,6.470
Feb. 2 2015,6.270
Jan. 30 2015,5.978
Jan. 29 2015,5.746
Jan. 28 2015,5.742
Jan. 27 2015,6.061
Jan. 26 2015,6.128
Jan. 23 2015,5.960
Jan. 22 2015,6.029
Jan. 21 2015,5.975
Jan. 20 2015,5.829
Jan. 16 2015,5.978
Jan. 15 2015,5.724
Jan. 14 2015,5.834
Jan. 13 2015,5.818
Jan. 12 2015,5.897
Jan. 9 2015,6.214
Jan. 8 2015,6.234
Jan. 7 2015,6.110
Jan. 6 2015,6.036
Jan. 5 2015,6.128
Jan. 2 2015,6.427
Dec. 31 2014,6.357
Dec. 30 2014,7.851
Dec. 29 2014,7.895
Dec. 26 2014,7.807
Dec. 24 2014,7.834
Dec. 23 2014,7.928
Dec. 22 2014,7.809
Dec. 19 2014,7.798
Dec. 18 2014,7.613
Dec. 17 2014,7.367
Dec. 16 2014,6.992
Dec. 15 2014,6.851
Dec. 12 2014,7.030
Dec. 11 2014,7.251
Dec. 10 2014,7.301
Dec. 9 2014,7.674
Dec. 8 2014,7.528
Dec. 5 2014,8.075
Dec. 4 2014,8.243
Dec. 3 2014,8.434
Dec. 2 2014,8.213
Dec. 1 2014,8.008
Nov. 28 2014,7.989
Nov. 26 2014,8.978
Nov. 25 2014,9.146
Nov. 24 2014,9.274
Nov. 21 2014,9.345
Nov. 20 2014,9.193
Nov. 19 2014,9.052
Nov. 18 2014,8.856
Nov. 17 2014,8.790
Nov. 14 2014,8.939
Nov. 13 2014,8.826
Nov. 12 2014,9.019
Nov. 11 2014,9.152
Nov. 10 2014,9.185
Nov. 7 2014,9.50
Nov. 6 2014,9.486
Nov. 5 2014,9.274
Nov. 4 2014,9.216
Nov. 3 2014,9.550
Oct. 31 2014,9.779
Oct. 30 2014,9.423
Oct. 29 2014,9.497
Oct. 28 2014,9.467
Oct. 27 2014,9.116
Oct. 24 2014,9.530
Oct. 23 2014,9.594
Oct. 22 2014,9.401
Oct. 21 2014,9.635
Oct. 20 2014,9.464
Oct. 17 2014,9.373
Oct. 16 2014,9.254
Oct. 15 2014,9.041
Oct. 14 2014,8.992
Oct. 13 2014,9.094
Oct. 10 2014,9.456
Oct. 9 2014,9.588
Oct. 8 2014,9.989
Oct. 7 2014,9.901
Oct. 6 2014,10.12
Oct. 3 2014,10.12
Oct. 2 2014,10.19
Oct. 1 2014,10.26
Sept. 30 2014,10.38
Sept. 29 2014,10.21
Sept. 26 2014,10.20
Sept. 25 2014,10.09
Sept. 24 2014,10.24
Sept. 23 2014,10.16
Sept. 22 2014,10.24
Sept. 19 2014,10.38
Sept. 18 2014,10.40
Sept. 17 2014,10.67
Sept. 16 2014,10.61
Sept. 15 2014,10.54
Sept. 12 2014,10.47
Sept. 11 2014,10.59
Sept. 10 2014,10.59
Sept. 9 2014,10.60
Sept. 8 2014,10.64
Sept. 5 2014,10.82
Sept. 4 2014,10.72
Sept. 3 2014,10.92
Sept. 2 2014,10.85
Aug. 29 2014,11.03
Aug. 28 2014,10.82
Aug. 27 2014,10.82
Aug. 26 2014,10.76
Aug. 25 2014,10.68
Aug. 22 2014,10.58
Aug. 21 2014,10.66
Aug. 20 2014,10.56
Aug. 19 2014,10.51
Aug. 18 2014,10.30
Aug. 15 2014,10.32
Aug. 14 2014,10.32
Aug. 13 2014,10.36
Aug. 12 2014,10.33
Aug. 11 2014,10.35
Aug. 8 2014,10.34
Aug. 7 2014,10.08
Aug. 6 2014,10.30
Aug. 5 2014,10.17
Aug. 4 2014,10.38
Aug. 1 2014,10.21
July 31 2014,10.25
July 30 2014,10.49
July 29 2014,10.57
July 28 2014,10.64
July 25 2014,10.72
July 24 2014,10.77
July 23 2014,10.71
July 22 2014,10.63
July 21 2014,10.52
July 18 2014,10.53
July 17 2014,10.46
July 16 2014,10.65
July 15 2014,10.40
July 14 2014,10.50
July 11 2014,10.35
July 10 2014,10.42
July 9 2014,10.47
July 8 2014,10.43
July 7 2014,10.47
July 3 2014,10.67
July 2 2014,10.48
July 1 2014,10.52
June 30 2014,10.56
June 27 2014,11.02
June 26 2014,11.07
June 25 2014,11.09
June 24 2014,10.90
June 23 2014,11.22
June 20 2014,11.10
June 19 2014,10.98
June 18 2014,10.88
June 17 2014,10.86
June 16 2014,10.90
June 13 2014,10.92
June 12 2014,10.94
June 11 2014,10.75
June 10 2014,10.66
June 9 2014,10.57
June 6 2014,10.42
June 5 2014,10.35
June 4 2014,10.24
June 3 2014,10.28
June 2 2014,10.18
May 30 2014,10.24
May 29 2014,10.24
May 28 2014,10.21
May 27 2014,10.14
May 23 2014,10.13
May 22 2014,10.11
May 21 2014,10.04
May 20 2014,9.888
May 19 2014,9.952
May 16 2014,10.01
May 15 2014,10.12
May 14 2014,10.22
May 13 2014,10.19
May 12 2014,10.14
May 9 2014,10.03
May 8 2014,9.972
May 7 2014,9.922
May 6 2014,10.11
May 5 2014,10.18
May 2 2014,10.21
May 1 2014,10.15
April 30 2014,10.10
April 29 2014,10.31
April 28 2014,10.11
April 25 2014,10.08
April 24 2014,10.16
April 23 2014,10.19
April 22 2014,10.16
April 21 2014,10.22
April 17 2014,10.26
April 16 2014,10.19
April 15 2014,10.03
April 14 2014,9.927
April 11 2014,9.796
April 10 2014,9.888
April 9 2014,9.908
April 8 2014,9.852
April 7 2014,9.749
April 4 2014,9.941
April 3 2014,9.975
April 2 2014,9.883
April 1 2014,9.894
March 31 2014,9.922
March 28 2014,14.26
March 27 2014,13.96
March 26 2014,13.97
March 25 2014,14.00
March 24 2014,13.86
March 21 2014,13.92
March 20 2014,13.69
March 19 2014,13.48
March 18 2014,13.62
March 17 2014,13.43
March 14 2014,13.39
March 13 2014,13.31
March 12 2014,13.55
March 11 2014,13.74
March 10 2014,13.89
March 7 2014,13.86
March 6 2014,13.69
March 5 2014,13.61
March 4 2014,13.71
March 3 2014,13.58
Feb. 28 2014,13.56
Feb. 27 2014,13.49
Feb. 26 2014,13.67
Feb. 25 2014,13.78
Feb. 24 2014,13.72
Feb. 21 2014,13.47
Feb. 20 2014,13.55
Feb. 19 2014,13.50
Feb. 18 2014,13.58
Feb. 14 2014,13.45
Feb. 13 2014,13.47
Feb. 12 2014,13.48
Feb. 11 2014,13.24
Feb. 10 2014,13.06
Feb. 7 2014,13.20
Feb. 6 2014,12.88
Feb. 5 2014,13.00
Feb. 4 2014,13.09
Feb. 3 2014,12.98
Jan. 31 2014,13.28
Jan. 30 2014,13.38
Jan. 29 2014,13.38
Jan. 28 2014,13.51
Jan. 27 2014,13.33
Jan. 24 2014,13.36
Jan. 23 2014,13.65
Jan. 22 2014,13.93
Jan. 21 2014,13.88
Jan. 17 2014,13.75
Jan. 16 2014,13.83
Jan. 15 2014,13.77
Jan. 14 2014,13.99
Jan. 13 2014,13.81
Jan. 10 2014,14.02
Jan. 9 2014,13.97
Jan. 8 2014,13.93
Jan. 7 2014,14.12
Jan. 6 2014,13.94
Jan. 3 2014,13.98
Jan. 2 2014,14.13
Dec. 31 2013,14.29
Dec. 30 2013,14.73
Dec. 27 2013,14.91
Dec. 26 2013,14.76
Dec. 24 2013,14.75
Dec. 23 2013,14.72
Dec. 20 2013,14.71
Dec. 19 2013,14.61
Dec. 18 2013,14.53
Dec. 17 2013,14.58
Dec. 16 2013,14.89
Dec. 13 2013,14.98
Dec. 12 2013,15.14
Dec. 11 2013,14.93
Dec. 10 2013,15.10
Dec. 9 2013,15.23
Dec. 6 2013,15.30
Dec. 5 2013,15.19
Dec. 4 2013,15.37
Dec. 3 2013,15.15
Dec. 2 2013,15.26
Nov. 29 2013,15.08
Nov. 27 2013,15.16
Nov. 26 2013,15.39
Nov. 25 2013,15.46
Nov. 22 2013,15.74
Nov. 21 2013,15.87
Nov. 20 2013,15.59
Nov. 19 2013,15.45
Nov. 18 2013,15.28
Nov. 15 2013,15.37
Nov. 14 2013,15.24
Nov. 13 2013,15.13
Nov. 12 2013,14.99
Nov. 11 2013,15.18
Nov. 8 2013,15.23
Nov. 7 2013,14.95
Nov. 6 2013,15.25
Nov. 5 2013,14.92
Nov. 4 2013,14.85
Nov. 1 2013,14.76
Oct. 31 2013,14.75
Oct. 30 2013,14.96
Oct. 29 2013,15.06
Oct. 28 2013,15.09
Oct. 25 2013,14.89
Oct. 24 2013,14.90
Oct. 23 2013,14.58
Oct. 22 2013,14.78
Oct. 21 2013,14.65
Oct. 18 2013,14.76
Oct. 17 2013,14.60
Oct. 16 2013,14.59
Oct. 15 2013,14.52
Oct. 14 2013,14.57
Oct. 11 2013,14.59
Oct. 10 2013,14.67
Oct. 9 2013,14.31
Oct. 8 2013,14.29
Oct. 7 2013,14.53
Oct. 4 2013,14.56
Oct. 3 2013,14.25
Oct. 2 2013,14.48
Oct. 1 2013,14.66
Sept. 30 2013,14.59
Sept. 27 2013,15.72
Sept. 26 2013,15.89
Sept. 25 2013,15.97
Sept. 24 2013,16.02
Sept. 23 2013,16.01
Sept. 20 2013,16.17
Sept. 19 2013,16.41
Sept. 18 2013,16.40
Sept. 17 2013,16.18
Sept. 16 2013,15.97
Sept. 13 2013,16.02
Sept. 12 2013,16.21
Sept. 11 2013,16.44
Sept. 10 2013,16.11
Sept. 9 2013,16.32
Sept. 6 2013,16.08
Sept. 5 2013,16.17
Sept. 4 2013,15.99
Sept. 3 2013,15.84
Aug. 30 2013,15.51
Aug. 29 2013,15.56
Aug. 28 2013,15.59
Aug. 27 2013,15.04
Aug. 26 2013,15.01
Aug. 23 2013,15.04
Aug. 22 2013,15.08
Aug. 21 2013,14.77
Aug. 20 2013,14.98
Aug. 19 2013,14.69
Aug. 16 2013,15.43
Aug. 15 2013,15.61
Aug. 14 2013,15.59
Aug. 13 2013,15.48
Aug. 12 2013,15.61
Aug. 9 2013,15.56
Aug. 8 2013,15.62
Aug. 7 2013,15.82
Aug. 6 2013,16.61
Aug. 5 2013,17.04
Aug. 2 2013,16.92
Aug. 1 2013,16.90
July 31 2013,16.38
July 30 2013,16.34
July 29 2013,16.30
July 26 2013,16.40
July 25 2013,16.58
July 24 2013,16.58
July 23 2013,17.00
July 22 2013,16.77
July 19 2013,16.88
July 18 2013,16.55
July 17 2013,16.46
July 16 2013,16.30
July 15 2013,16.47
July 12 2013,16.59
July 11 2013,16.50
July 10 2013,16.32
July 9 2013,16.38
July 8 2013,16.14
July 5 2013,16.04
July 3 2013,15.84
July 2 2013,15.59
July 1 2013,15.69
June 28 2013,15.86
June 27 2013,16.11
June 26 2013,16.22
June 25 2013,16.06
June 24 2013,15.46
June 21 2013,15.72
June 20 2013,15.73
June 19 2013,16.36
June 18 2013,16.54
June 17 2013,16.05
June 14 2013,15.77
June 13 2013,15.77
June 12 2013,15.32
June 11 2013,15.61
June 10 2013,15.92
June 7 2013,15.93
June 6 2013,15.89
June 5 2013,15.62
June 4 2013,16.03
June 3 2013,16.27
May 31 2013,15.78
May 30 2013,16.12
May 29 2013,16.27
May 28 2013,16.28
May 24 2013,16.12
May 23 2013,16.16
May 22 2013,16.23
May 21 2013,16.56
May 20 2013,16.69
May 17 2013,16.58
May 16 2013,16.12
May 15 2013,16.06
May 14 2013,16.23
May 13 2013,15.81
May 10 2013,15.76
May 9 2013,15.95
May 8 2013,15.93
May 7 2013,15.75
May 6 2013,15.40
May 3 2013,15.38
May 2 2013,14.89
May 1 2013,14.63
April 30 2013,14.99
April 29 2013,14.95
April 26 2013,14.55
April 25 2013,14.62
April 24 2013,14.39
April 23 2013,14.08
April 22 2013,13.94
April 19 2013,13.69
April 18 2013,13.81
April 17 2013,13.76
April 16 2013,14.25
April 15 2013,14.05
April 12 2013,14.93
April 11 2013,15.50
April 10 2013,15.56
April 9 2013,15.35
April 8 2013,15.06
April 5 2013,14.90
April 4 2013,15.00
April 3 2013,15.22
April 2 2013,15.40
April 1 2013,15.41
March 28 2013,15.12
March 27 2013,15.25
March 26 2013,15.28
March 25 2013,15.12
March 22 2013,15.32
March 21 2013,15.31
March 20 2013,15.52
March 19 2013,15.23
March 18 2013,15.69
March 15 2013,15.73
March 14 2013,15.59
March 13 2013,15.41
March 12 2013,15.28
March 11 2013,15.12
March 8 2013,15.03
March 7 2013,14.95
March 6 2013,14.69
March 5 2013,14.59
March 4 2013,14.52
March 1 2013,14.75
Feb. 28 2013,15.02
Feb. 27 2013,14.99
Feb. 26 2013,14.74
Feb. 25 2013,14.77
Feb. 22 2013,15.56
Feb. 21 2013,15.42
Feb. 20 2013,15.50
Feb. 19 2013,16.01
Feb. 15 2013,15.54
Feb. 14 2013,15.85
Feb. 13 2013,15.68
Feb. 12 2013,15.52
Feb. 11 2013,15.39
Feb. 8 2013,15.48
Feb. 7 2013,15.25
Feb. 6 2013,15.43
Feb. 5 2013,15.57
Feb. 4 2013,15.32
Feb. 1 2013,15.34
Jan. 31 2013,15.07
Jan. 30 2013,15.04
Jan. 29 2013,15.22
Jan. 28 2013,15.03
Jan. 25 2013,15.15
Jan. 24 2013,15.14
Jan. 23 2013,15.09
Jan. 22 2013,15.04
Jan. 18 2013,14.83
Jan. 17 2013,14.87
Jan. 16 2013,14.49
Jan. 15 2013,14.32
Jan. 14 2013,14.38
Jan. 11 2013,14.42
Jan. 10 2013,14.48
Jan. 9 2013,14.19
Jan. 8 2013,14.32
Jan. 7 2013,14.28
Jan. 4 2013,14.35
Jan. 3 2013,14.17
Jan. 2 2013,14.19
Dec. 31 2012,13.75
Dec. 28 2012,7.218
Dec. 27 2012,7.341
Dec. 26 2012,7.378
Dec. 24 2012,7.431
Dec. 21 2012,7.518
Dec. 20 2012,7.617
Dec. 19 2012,7.562
Dec. 18 2012,7.574
Dec. 17 2012,7.433
Dec. 14 2012,7.462
Dec. 13 2012,7.310
Dec. 12 2012,7.387
Dec. 11 2012,7.317
Dec. 10 2012,7.351
Dec. 7 2012,7.487
Dec. 6 2012,7.438
Dec. 5 2012,7.378
Dec. 4 2012,7.274
Dec. 3 2012,7.458
Nov. 30 2012,7.470
Nov. 29 2012,7.431
Nov. 28 2012,7.523
Nov. 27 2012,7.516
Nov. 26 2012,7.506
Nov. 23 2012,7.731
Nov. 21 2012,7.627
Nov. 20 2012,7.627
Nov. 19 2012,7.538
Nov. 16 2012,7.472
Nov. 15 2012,7.392
Nov. 14 2012,7.276
Nov. 13 2012,7.303
Nov. 12 2012,7.320
Nov. 9 2012,7.370
Nov. 8 2012,7.23
Nov. 7 2012,7.254
Nov. 6 2012,7.557
Nov. 5 2012,7.387
Nov. 2 2012,7.252
Nov. 1 2012,7.354
Oct. 31 2012,7.278
Oct. 26 2012,7.242
Oct. 25 2012,7.312
Oct. 24 2012,7.23
Oct. 23 2012,7.157
Oct. 22 2012,7.286
Oct. 19 2012,7.407
Oct. 18 2012,7.562
Oct. 17 2012,7.586
Oct. 16 2012,7.419
Oct. 15 2012,7.232
Oct. 12 2012,7.114
Oct. 11 2012,7.094
Oct. 10 2012,7.157
Oct. 9 2012,7.167
Oct. 8 2012,7.167
Oct. 5 2012,7.152
Oct. 4 2012,7.225
Oct. 3 2012,7.121
Oct. 2 2012,7.235
Oct. 1 2012,7.228
Sept. 28 2012,7.160
Sept. 27 2012,7.269
Sept. 26 2012,7.160
Sept. 25 2012,7.271
Sept. 24 2012,7.346
Sept. 21 2012,7.453
Sept. 20 2012,7.358
Sept. 19 2012,7.361
Sept. 18 2012,7.339
Sept. 17 2012,7.458
Sept. 14 2012,7.528
Sept. 13 2012,7.228
Sept. 12 2012,7.036
Sept. 11 2012,7.075
Sept. 10 2012,6.894
Sept. 7 2012,6.927
Sept. 6 2012,6.848
Sept. 5 2012,6.581
Sept. 4 2012,6.646
Aug. 31 2012,6.736
Aug. 30 2012,6.600
Aug. 29 2012,6.700
Aug. 28 2012,6.77
Aug. 27 2012,6.688
Aug. 24 2012,6.741
Aug. 23 2012,6.707
Aug. 22 2012,6.702
Aug. 21 2012,6.542
Aug. 20 2012,6.576
Aug. 17 2012,6.562
Aug. 16 2012,6.625
Aug. 15 2012,6.654
Aug. 14 2012,6.630
Aug. 13 2012,6.671
Aug. 10 2012,6.755
Aug. 9 2012,6.680
Aug. 8 2012,6.678
Aug. 7 2012,6.634
Aug. 6 2012,6.467
Aug. 3 2012,6.470
Aug. 2 2012,6.23
Aug. 1 2012,6.421
July 31 2012,6.409
July 30 2012,6.513
July 27 2012,6.545
July 26 2012,6.368
July 25 2012,6.136
July 24 2012,6.155
July 23 2012,6.283
July 20 2012,6.426
July 19 2012,6.477
July 18 2012,6.436
July 17 2012,6.298
July 16 2012,6.194
July 13 2012,6.022
July 12 2012,5.876
July 11 2012,5.966
July 10 2012,5.833
July 9 2012,5.944
July 6 2012,6.044
July 5 2012,6.167
July 3 2012,6.298
July 2 2012,6.126
June 29 2012,5.155
June 28 2012,4.972
June 27 2012,4.919
June 26 2012,4.839
June 25 2012,4.776
June 22 2012,4.786
June 21 2012,4.702
June 20 2012,4.978
June 19 2012,5.002
June 18 2012,4.881
June 15 2012,5.014
June 14 2012,4.962
June 13 2012,4.934
June 12 2012,4.992
June 11 2012,4.923
June 8 2012,5.046
June 7 2012,5.040
June 6 2012,5.032
June 5 2012,4.837
June 4 2012,4.806
June 1 2012,4.816
May 31 2012,5.022
May 30 2012,5.012
May 29 2012,5.145
May 25 2012,5.099
May 24 2012,5.016
May 23 2012,4.905
May 22 2012,4.905
May 21 2012,4.944
May 18 2012,4.865
May 17 2012,4.871
May 16 2012,4.942
May 15 2012,5.002
May 14 2012,5.131
May 11 2012,5.278
May 10 2012,5.440
May 9 2012,5.331
May 8 2012,5.276
May 7 2012,5.306
May 4 2012,5.403
May 3 2012,5.575
May 2 2012,5.823
May 1 2012,6.087
April 30 2012,5.915
April 27 2012,5.990
April 26 2012,6.028
April 25 2012,5.905
April 24 2012,5.925
April 23 2012,5.925
April 20 2012,5.942
April 19 2012,5.929
April 18 2012,5.950
April 17 2012,5.956
April 16 2012,5.944
April 13 2012,5.988
April 12 2012,6.117
April 11 2012,5.893
April 10 2012,5.897
April 9 2012,6.077
April 5 2012,6.157
April 4 2012,6.238
April 3 2012,6.381
April 2 2012,6.498
March 30 2012,5.504
March 29 2012,5.512
March 28 2012,5.498
March 27 2012,5.562
March 26 2012,5.644
March 23 2012,5.635
March 22 2012,5.594
March 21 2012,5.771
March 20 2012,5.872
March 19 2012,5.988
March 16 2012,6.009
March 15 2012,5.842
March 14 2012,5.846
March 13 2012,5.901
March 12 2012,5.846
March 9 2012,5.788
March 8 2012,5.821
March 7 2012,5.724
March 6 2012,5.628
March 5 2012,5.809
March 2 2012,5.819
March 1 2012,5.948
Feb. 29 2012,5.884
Feb. 28 2012,6.087
Feb. 27 2012,6.082
Feb. 24 2012,6.078
Feb. 23 2012,6.049
Feb. 22 2012,5.970
Feb. 21 2012,6.00
Feb. 17 2012,5.863
Feb. 16 2012,5.832
Feb. 15 2012,5.668
Feb. 14 2012,5.724
Feb. 13 2012,5.771
Feb. 10 2012,5.755
Feb. 9 2012,5.660
Feb. 8 2012,5.675
Feb. 7 2012,5.757
Feb. 6 2012,5.712
Feb. 3 2012,5.608
Feb. 2 2012,5.457
Feb. 1 2012,5.483
Jan. 31 2012,5.450
Jan. 30 2012,5.375
Jan. 27 2012,5.424
Jan. 26 2012,5.476
Jan. 25 2012,5.654
Jan. 24 2012,5.588
Jan. 23 2012,5.596
Jan. 20 2012,5.562
Jan. 19 2012,5.550
Jan. 18 2012,5.538
Jan. 17 2012,5.372
Jan. 13 2012,5.290
Jan. 12 2012,5.321
Jan. 11 2012,5.309
Jan. 10 2012,5.396
Jan. 9 2012,5.319
Jan. 6 2012,5.328
Jan. 5 2012,5.427
Jan. 4 2012,5.387
Jan. 3 2012,5.375
Dec. 30 2011,6.652
Dec. 29 2011,6.659
Dec. 28 2011,6.552
Dec. 27 2011,6.668
Dec. 23 2011,6.641
Dec. 22 2011,6.564
Dec. 21 2011,6.396
Dec. 20 2011,6.25
Dec. 19 2011,6.011
Dec. 16 2011,6.223
Dec. 15 2011,6.154
Dec. 14 2011,6.134
Dec. 13 2011,6.282
Dec. 12 2011,6.209
Dec. 9 2011,6.439
Dec. 8 2011,6.218
Dec. 7 2011,6.457
Dec. 6 2011,6.473
Dec. 5 2011,6.484
Dec. 2 2011,6.311
Dec. 1 2011,6.30
Nov. 30 2011,6.354
Nov. 29 2011,6.027
Nov. 28 2011,5.904
Nov. 25 2011,5.604
Nov. 23 2011,5.646
Nov. 22 2011,5.911
Nov. 21 2011,5.977
Nov. 18 2011,5.939
Nov. 17 2011,6.014
Nov. 16 2011,6.280
Nov. 15 2011,6.309
Nov. 14 2011,6.289
Nov. 11 2011,6.439
Nov. 10 2011,6.211
Nov. 9 2011,6.104
Nov. 8 2011,6.423
Nov. 7 2011,6.254
Nov. 4 2011,6.143
Nov. 3 2011,6.077
Nov. 2 2011,5.911
Nov. 1 2011,5.768
Oct. 31 2011,5.916
Oct. 28 2011,6.357
Oct. 27 2011,6.309
Oct. 26 2011,5.986
Oct. 25 2011,5.85
Oct. 24 2011,5.968
Oct. 21 2011,5.866
Oct. 20 2011,5.646
Oct. 19 2011,5.602
Oct. 18 2011,5.646
Oct. 17 2011,5.418
Oct. 14 2011,5.580
Oct. 13 2011,5.375
Oct. 12 2011,5.339
Oct. 11 2011,5.352
Oct. 10 2011,5.432
Oct. 7 2011,5.120
Oct. 6 2011,5.273
Oct. 5 2011,5.146
Oct. 4 2011,4.793
Oct. 3 2011,4.607
Sept. 30 2011,4.904
Sept. 29 2011,4.699
Sept. 28 2011,4.663
Sept. 27 2011,4.876
Sept. 26 2011,4.890
Sept. 23 2011,4.644
Sept. 22 2011,4.642
Sept. 21 2011,4.996
Sept. 20 2011,5.215
Sept. 19 2011,5.299
Sept. 16 2011,5.333
Sept. 15 2011,5.408
Sept. 14 2011,5.185
Sept. 13 2011,5.175
Sept. 12 2011,5.135
Sept. 9 2011,5.225
Sept. 8 2011,5.432
Sept. 7 2011,5.581
Sept. 6 2011,5.274
Sept. 2 2011,5.427
Sept. 1 2011,5.638
Aug. 31 2011,5.667
Aug. 30 2011,5.579
Aug. 29 2011,5.56
Aug. 26 2011,5.450
Aug. 25 2011,5.303
Aug. 24 2011,5.410
Aug. 23 2011,5.472
Aug. 22 2011,5.326
Aug. 19 2011,5.299
Aug. 18 2011,5.387
Aug. 17 2011,5.775
Aug. 16 2011,5.707
Aug. 15 2011,5.798
Aug. 12 2011,5.610
Aug. 11 2011,5.564
Aug. 10 2011,5.324
Aug. 9 2011,5.362
Aug. 8 2011,4.92
Aug. 5 2011,5.499
Aug. 4 2011,5.284
Aug. 3 2011,5.817
Aug. 2 2011,6.130
Aug. 1 2011,6.450
July 29 2011,6.52
July 28 2011,6.545
July 27 2011,6.632
July 26 2011,6.806
July 25 2011,6.838
July 22 2011,6.739
July 21 2011,6.735
July 20 2011,6.533
July 19 2011,6.575
July 18 2011,6.610
July 15 2011,6.670
July 14 2011,6.590
July 13 2011,6.676
July 12 2011,6.636
July 11 2011,6.739
July 8 2011,6.878
July 7 2011,6.968
July 6 2011,6.907
July 5 2011,7.173
July 1 2011,6.937
June 30 2011,7.394
June 29 2011,7.894
June 28 2011,7.856
June 27 2011,7.502
June 24 2011,7.576
June 23 2011,7.893
June 22 2011,8.072
June 21 2011,7.974
June 20 2011,7.814
June 17 2011,7.736
June 16 2011,7.827
June 15 2011,7.763
June 14 2011,7.953
June 13 2011,7.613
June 10 2011,7.684
June 9 2011,7.821
June 8 2011,7.778
June 7 2011,7.829
June 6 2011,7.736
June 3 2011,7.920
June 2 2011,8.029
June 1 2011,8.050
May 31 2011,8.283
May 27 2011,8.161
May 26 2011,8.193
May 25 2011,8.067
May 24 2011,7.933
May 23 2011,7.719
May 20 2011,7.829
May 19 2011,7.939
May 18 2011,7.879
May 17 2011,7.650
May 16 2011,7.690
May 13 2011,7.814
May 12 2011,7.824
May 11 2011,7.772
May 10 2011,8.017
May 9 2011,7.980
May 6 2011,7.580
May 5 2011,7.576
May 4 2011,7.882
May 3 2011,8.037
May 2 2011,8.167
April 29 2011,8.263
April 28 2011,8.044
April 27 2011,8.049
April 26 2011,8.052
April 25 2011,8.041
April 21 2011,8.232
April 20 2011,8.153
April 19 2011,7.841
April 18 2011,7.812
April 15 2011,7.849
April 14 2011,7.824
April 13 2011,7.696
April 12 2011,7.673
April 11 2011,7.916
April 8 2011,8.067
April 7 2011,8.104
April 6 2011,8.089
April 5 2011,8.170
April 4 2011,8.118
April 1 2011,8.188
March 31 2011,8.151
March 30 2011,9.778
March 29 2011,9.644
March 28 2011,9.444
March 25 2011,9.548
March 24 2011,9.368
March 23 2011,9.337
March 22 2011,9.457
March 21 2011,9.573
March 18 2011,9.169
March 17 2011,9.149
March 16 2011,8.999
March 15 2011,9.043
March 14 2011,9.173
March 11 2011,9.265
March 10 2011,8.973
March 9 2011,9.163
March 8 2011,9.267
March 7 2011,9.496
March 4 2011,9.540
March 3 2011,9.725
March 2 2011,9.405
March 1 2011,9.372
Feb. 28 2011,9.160
Feb. 25 2011,8.979
Feb. 24 2011,8.888
Feb. 23 2011,9.082
Feb. 22 2011,8.811
Feb. 18 2011,9.143
Feb. 17 2011,9.248
Feb. 16 2011,9.106
Feb. 15 2011,8.877
Feb. 14 2011,9.058
Feb. 11 2011,8.584
Feb. 10 2011,8.574
Feb. 9 2011,8.558
Feb. 8 2011,8.547
Feb. 7 2011,8.569
Feb. 4 2011,8.469
Feb. 3 2011,8.486
Feb. 2 2011,8.475
Feb. 1 2011,8.606
Jan. 31 2011,8.440
Jan. 28 2011,8.266
Jan. 27 2011,8.248
Jan. 26 2011,8.380
Jan. 25 2011,8.042
Jan. 24 2011,7.784
Jan. 21 2011,7.764
Jan. 20 2011,7.728
Jan. 19 2011,7.766
Jan. 18 2011,7.843
Jan. 14 2011,7.865
Jan. 13 2011,7.937
Jan. 12 2011,7.485
Jan. 11 2011,7.335
Jan. 10 2011,7.230
Jan. 7 2011,7.134
Jan. 6 2011,6.944
Jan. 5 2011,6.896
Jan. 4 2011,6.903
Jan. 3 2011,6.942
Dec. 31 2010,6.838
Dec. 30 2010,7.872
Dec. 29 2010,7.889
Dec. 28 2010,7.797
Dec. 27 2010,7.801
Dec. 23 2010,7.780
Dec. 22 2010,7.806
Dec. 21 2010,7.733
Dec. 20 2010,7.673
Dec. 17 2010,7.524
Dec. 16 2010,7.515
Dec. 15 2010,7.449
Dec. 14 2010,7.472
Dec. 13 2010,7.472
Dec. 10 2010,7.511
Dec. 9 2010,7.442
Dec. 8 2010,7.515
Dec. 7 2010,7.479
Dec. 6 2010,7.432
Dec. 3 2010,7.502
Dec. 2 2010,7.487
Dec. 1 2010,7.297
Nov. 30 2010,7.152
Nov. 29 2010,7.199
Nov. 26 2010,7.154
Nov. 24 2010,7.220
Nov. 23 2010,7.120
Nov. 22 2010,7.329
Nov. 19 2010,7.323
Nov. 18 2010,7.299
Nov. 17 2010,7.100
Nov. 16 2010,7.118
Nov. 15 2010,7.194
Nov. 12 2010,7.209
Nov. 11 2010,7.295
Nov. 10 2010,7.271
Nov. 9 2010,7.182
Nov. 8 2010,7.25
Nov. 5 2010,7.248
Nov. 4 2010,7.229
Nov. 3 2010,7.066
Nov. 2 2010,7.182
Nov. 1 2010,7.583
Oct. 29 2010,7.600
Oct. 28 2010,7.536
Oct. 27 2010,7.541
Oct. 26 2010,7.607
Oct. 25 2010,7.669
Oct. 22 2010,7.609
Oct. 21 2010,7.596
Oct. 20 2010,7.624
Oct. 19 2010,7.50
Oct. 18 2010,7.664
Oct. 15 2010,7.639
Oct. 14 2010,7.588
Oct. 13 2010,7.626
Oct. 12 2010,7.538
Oct. 11 2010,7.534
Oct. 8 2010,7.581
Oct. 7 2010,7.447
Oct. 6 2010,7.447
Oct. 5 2010,7.333
Oct. 4 2010,7.130
Oct. 1 2010,7.224
Sept. 30 2010,7.073
Sept. 29 2010,8.091
Sept. 28 2010,7.963
Sept. 27 2010,7.890
Sept. 24 2010,7.895
Sept. 23 2010,7.711
Sept. 22 2010,7.841
Sept. 21 2010,7.907
Sept. 20 2010,7.926
Sept. 17 2010,7.748
Sept. 16 2010,7.843
Sept. 15 2010,7.870
Sept. 14 2010,7.853
Sept. 13 2010,7.904
Sept. 10 2010,7.922
Sept. 9 2010,7.787
Sept. 8 2010,7.779
Sept. 7 2010,7.779
Sept. 3 2010,7.882
Sept. 2 2010,7.811
Sept. 1 2010,7.733
Aug. 31 2010,7.473
Aug. 30 2010,7.488
Aug. 27 2010,7.583
Aug. 26 2010,7.404
Aug. 25 2010,7.542
Aug. 24 2010,7.654
Aug. 23 2010,7.760
Aug. 20 2010,7.726
Aug. 19 2010,7.843
Aug. 18 2010,7.976
Aug. 17 2010,7.998
Aug. 16 2010,7.973
Aug. 13 2010,8.029
Aug. 12 2010,8.081
Aug. 11 2010,8.150
Aug. 10 2010,8.378
Aug. 9 2010,8.451
Aug. 6 2010,8.429
Aug. 5 2010,8.574
Aug. 4 2010,8.505
Aug. 3 2010,8.370
Aug. 2 2010,8.402
July 30 2010,8.198
July 29 2010,8.176
July 28 2010,8.132
July 27 2010,8.145
July 26 2010,8.179
July 23 2010,8.059
July 22 2010,8.015
July 21 2010,7.897
July 20 2010,8.010
July 19 2010,7.792
July 16 2010,7.770
July 15 2010,7.971
July 14 2010,7.976
July 13 2010,8.081
July 12 2010,7.868
July 9 2010,7.863
July 8 2010,7.863
July 7 2010,7.853
July 6 2010,7.600
July 2 2010,7.556
July 1 2010,7.561
June 30 2010,7.620
June 29 2010,9.093
June 28 2010,9.359
June 25 2010,9.493
June 24 2010,9.522
June 23 2010,9.638
June 22 2010,9.597
June 21 2010,9.887
June 18 2010,9.794
June 17 2010,9.678
June 16 2010,9.629
June 15 2010,9.681
June 14 2010,9.438
June 11 2010,9.383
June 10 2010,9.330
June 9 2010,8.962
June 8 2010,9.133
June 7 2010,8.997
June 4 2010,8.899
June 3 2010,9.20
June 2 2010,9.081
June 1 2010,8.751
May 28 2010,9.012
May 27 2010,9.171
May 26 2010,8.803
May 25 2010,8.875
May 24 2010,9.159
May 21 2010,9.107
May 20 2010,9.104
May 19 2010,9.429
May 18 2010,9.348
May 17 2010,9.162
May 14 2010,9.070
May 13 2010,9.183
May 12 2010,9.191
May 11 2010,9.006
May 10 2010,9.154
May 7 2010,8.823
May 6 2010,8.887
May 5 2010,9.209
May 4 2010,9.319
May 3 2010,9.354
April 30 2010,9.319
April 29 2010,9.391
April 28 2010,9.336
April 27 2010,9.270
April 26 2010,9.577
April 23 2010,9.588
April 22 2010,9.414
April 21 2010,9.432
April 20 2010,9.449
April 19 2010,9.290
April 16 2010,9.281
April 15 2010,9.478
April 14 2010,9.513
April 13 2010,9.336
April 12 2010,9.333
April 9 2010,9.330
April 8 2010,9.238
April 7 2010,9.261
April 6 2010,9.444
April 5 2010,9.397
April 1 2010,9.302
March 31 2010,9.171
March 30 2010,10.16
March 29 2010,10.18
March 26 2010,9.981
March 25 2010,10.06
March 24 2010,10.16
March 23 2010,10.27
March 22 2010,10.25
March 19 2010,10.35
March 18 2010,10.39
March 17 2010,10.46
March 16 2010,10.26
March 15 2010,10.11
March 12 2010,10.19
March 11 2010,10.25
March 10 2010,10.19
March 9 2010,9.994
March 8 2010,9.968
March 5 2010,9.906
March 4 2010,9.573
March 3 2010,9.537
March 2 2010,9.502
March 1 2010,9.437
Feb. 26 2010,9.369
Feb. 25 2010,9.366
Feb. 24 2010,9.440
Feb. 23 2010,9.343
Feb. 22 2010,9.550
Feb. 19 2010,9.699
Feb. 18 2010,9.693
Feb. 17 2010,9.589
Feb. 16 2010,9.608
Feb. 12 2010,9.259
Feb. 11 2010,9.330
Feb. 10 2010,9.188
Feb. 9 2010,9.262
Feb. 8 2010,9.074
Feb. 5 2010,9.210
Feb. 4 2010,9.340
Feb. 3 2010,9.828
Feb. 2 2010,10.00
Feb. 1 2010,9.919
Jan. 29 2010,9.647
Jan. 28 2010,9.764
Jan. 27 2010,9.828
Jan. 26 2010,9.838
Jan. 25 2010,9.938
Jan. 22 2010,9.896
Jan. 21 2010,10.19
Jan. 20 2010,10.42
Jan. 19 2010,10.40
Jan. 15 2010,10.24
Jan. 14 2010,10.35
Jan. 13 2010,10.40
Jan. 12 2010,10.44
Jan. 11 2010,10.58
Jan. 8 2010,10.58
Jan. 7 2010,10.57
Jan. 6 2010,10.63
Jan. 5 2010,10.40
Jan. 4 2010,10.39
Dec. 31 2009,10.10
Dec. 30 2009,13.99
Dec. 29 2009,13.92
Dec. 28 2009,13.98
Dec. 24 2009,14.07
Dec. 23 2009,14.00
Dec. 22 2009,14.02
Dec. 21 2009,13.91
Dec. 18 2009,13.74
Dec. 17 2009,13.74
Dec. 16 2009,13.99
Dec. 15 2009,13.89
Dec. 14 2009,13.98
Dec. 11 2009,13.91
Dec. 10 2009,13.84
Dec. 9 2009,13.80
Dec. 8 2009,13.75
Dec. 7 2009,14.15
Dec. 4 2009,14.06
Dec. 3 2009,14.29
Dec. 2 2009,14.39
Dec. 1 2009,14.60
Nov. 30 2009,14.50
Nov. 27 2009,14.50
Nov. 25 2009,14.90
Nov. 24 2009,14.67
Nov. 23 2009,14.71
Nov. 20 2009,14.68
Nov. 19 2009,14.81
Nov. 18 2009,15.42
Nov. 17 2009,15.51
Nov. 16 2009,15.63
Nov. 13 2009,15.40
Nov. 12 2009,15.28
Nov. 11 2009,15.54
Nov. 10 2009,15.53
Nov. 9 2009,15.37
Nov. 6 2009,14.97
Nov. 5 2009,14.95
Nov. 4 2009,14.56
Nov. 3 2009,14.40
Nov. 2 2009,14.21
Oct. 30 2009,14.21
Oct. 29 2009,14.84
Oct. 28 2009,14.41
Oct. 27 2009,14.94
Oct. 26 2009,14.88
Oct. 23 2009,15.12
Oct. 22 2009,15.37
Oct. 21 2009,15.44
Oct. 20 2009,15.52
Oct. 19 2009,15.68
Oct. 16 2009,15.50
Oct. 15 2009,15.58
Oct. 14 2009,15.06
Oct. 13 2009,14.71
Oct. 12 2009,14.54
Oct. 9 2009,14.36
Oct. 8 2009,14.47
Oct. 7 2009,14.21
Oct. 6 2009,14.19
Oct. 5 2009,13.75
Oct. 2 2009,13.55
Oct. 1 2009,13.77
Sept. 30 2009,14.18
Sept. 29 2009,5.602
Sept. 28 2009,5.658
Sept. 25 2009,5.522
Sept. 24 2009,5.590
Sept. 23 2009,5.703
Sept. 22 2009,5.845
Sept. 21 2009,5.785
Sept. 18 2009,5.852
Sept. 17 2009,5.913
Sept. 16 2009,5.908
Sept. 15 2009,5.749
Sept. 14 2009,5.705
Sept. 11 2009,5.628
Sept. 10 2009,5.635
Sept. 9 2009,5.530
Sept. 8 2009,5.499
Sept. 4 2009,5.365
Sept. 3 2009,5.305
Sept. 2 2009,5.286
Sept. 1 2009,5.293
Aug. 31 2009,5.387
Aug. 28 2009,5.499
Aug. 27 2009,5.517
Aug. 26 2009,5.548
Aug. 25 2009,5.494
Aug. 24 2009,5.569
Aug. 21 2009,5.557
Aug. 20 2009,5.391
Aug. 19 2009,5.349
Aug. 18 2009,5.251
Aug. 17 2009,5.176
Aug. 14 2009,5.414
Aug. 13 2009,5.503
Aug. 12 2009,5.337
Aug. 11 2009,5.223
Aug. 10 2009,5.347
Aug. 7 2009,5.349
Aug. 6 2009,5.412
Aug. 5 2009,5.501
Aug. 4 2009,5.667
Aug. 3 2009,5.696
July 31 2009,5.628
July 30 2009,5.574
July 29 2009,5.448
July 28 2009,5.640
July 27 2009,5.674
July 24 2009,5.611
July 23 2009,5.548
July 22 2009,5.363
July 21 2009,5.419
July 20 2009,5.377
July 17 2009,5.281
July 16 2009,5.26
July 15 2009,5.281
July 14 2009,5.134
July 13 2009,5.058
July 10 2009,4.944
July 9 2009,5.004
July 8 2009,4.892
July 7 2009,4.927
July 6 2009,5.019
July 2 2009,5.061
July 1 2009,5.288
June 30 2009,5.258
June 29 2009,4.600
June 26 2009,4.556
June 25 2009,4.545
June 24 2009,4.502
June 23 2009,4.455
June 22 2009,4.440
June 19 2009,4.728
June 18 2009,4.762
June 17 2009,4.768
June 16 2009,4.846
June 15 2009,4.874
June 12 2009,5.003
June 11 2009,5.068
June 10 2009,5.045
June 9 2009,5.051
June 8 2009,5.008
June 5 2009,4.892
June 4 2009,4.874
June 3 2009,4.782
June 2 2009,5.156
June 1 2009,5.142
May 29 2009,4.920
May 28 2009,4.786
May 27 2009,4.512
May 26 2009,4.625
May 22 2009,4.542
May 21 2009,4.539
May 20 2009,4.688
May 19 2009,4.583
May 18 2009,4.597
May 15 2009,4.418
May 14 2009,4.489
May 13 2009,4.482
May 12 2009,4.770
May 11 2009,4.779
May 8 2009,5.025
May 7 2009,4.886
May 6 2009,5.054
May 5 2009,4.789
May 4 2009,4.835
May 1 2009,4.759
April 30 2009,4.583
April 29 2009,4.708
April 28 2009,4.523
April 27 2009,4.572
April 24 2009,4.796
April 23 2009,4.560
April 22 2009,4.457
April 21 2009,4.522
April 20 2009,4.406
April 17 2009,4.633
April 16 2009,4.552
April 15 2009,4.390
April 14 2009,4.383
April 13 2009,4.452
April 9 2009,4.517
April 8 2009,4.380
April 7 2009,4.281
April 6 2009,4.392
April 3 2009,4.486
April 2 2009,4.438
April 1 2009,4.179
March 31 2009,4.057
March 30 2009,3.436
March 27 2009,3.686
March 26 2009,3.726
March 25 2009,3.629
March 24 2009,3.618
March 23 2009,3.603
March 20 2009,3.277
March 19 2009,3.441
March 18 2009,3.363
March 17 2009,3.367
March 16 2009,3.298
March 13 2009,3.189
March 12 2009,3.181
March 11 2009,3.049
March 10 2009,3.057
March 9 2009,2.864
March 6 2009,2.823
March 5 2009,2.868
March 4 2009,2.964
March 3 2009,2.833
March 2 2009,2.823
Feb. 27 2009,3.140
Feb. 26 2009,3.259
Feb. 25 2009,3.215
Feb. 24 2009,3.262
Feb. 23 2009,3.042
Feb. 20 2009,3.205
Feb. 19 2009,3.341
Feb. 18 2009,3.302
Feb. 17 2009,3.343
Feb. 13 2009,3.644
Feb. 12 2009,3.617
Feb. 11 2009,3.571
Feb. 10 2009,3.555
Feb. 9 2009,3.773
Feb. 6 2009,3.664
Feb. 5 2009,3.606
Feb. 4 2009,3.622
Feb. 3 2009,3.622
Feb. 2 2009,3.628
Jan. 30 2009,3.675
Jan. 29 2009,3.822
Jan. 28 2009,3.980
Jan. 27 2009,3.861
Jan. 26 2009,3.996
Jan. 23 2009,3.918
Jan. 22 2009,3.807
Jan. 21 2009,3.854
Jan. 20 2009,3.575
Jan. 16 2009,3.841
Jan. 15 2009,3.733
Jan. 14 2009,3.703
Jan. 13 2009,3.865
Jan. 12 2009,3.746
Jan. 9 2009,3.895
Jan. 8 2009,4.009
Jan. 7 2009,3.874
Jan. 6 2009,4.031
Jan. 5 2009,3.960
Jan. 2 2009,3.911
Dec. 31 2008,3.692
Dec. 30 2008,3.001
Dec. 29 2008,2.919
Dec. 26 2008,2.789
Dec. 24 2008,2.754
Dec. 23 2008,2.789
Dec. 22 2008,2.803
Dec. 19 2008,2.922
Dec. 18 2008,2.881
Dec. 17 2008,3.029
Dec. 16 2008,2.979
Dec. 15 2008,2.783
Dec. 12 2008,2.806
Dec. 11 2008,2.815
Dec. 10 2008,2.865
Dec. 9 2008,2.717
Dec. 8 2008,2.682
Dec. 5 2008,2.512
Dec. 4 2008,2.429
Dec. 3 2008,2.628
Dec. 2 2008,2.705
Dec. 1 2008,2.614
Nov. 28 2008,2.948
Nov. 26 2008,2.976
Nov. 25 2008,2.839
Nov. 24 2008,2.760
Nov. 21 2008,2.536
Nov. 20 2008,2.205
Nov. 19 2008,2.715
Nov. 18 2008,2.849
Nov. 17 2008,2.796
Nov. 14 2008,3.006
Nov. 13 2008,3.142
Nov. 12 2008,2.718
Nov. 11 2008,3.011
Nov. 10 2008,3.211
Nov. 7 2008,3.221
Nov. 6 2008,3.155
Nov. 5 2008,3.374
Nov. 4 2008,3.479
Nov. 3 2008,3.143
Oct. 31 2008,3.277
Oct. 30 2008,3.123
Oct. 29 2008,2.887
Oct. 28 2008,2.810
Oct. 27 2008,2.498
Oct. 24 2008,2.653
Oct. 23 2008,2.838
Oct. 22 2008,2.533
Oct. 21 2008,2.968
Oct. 20 2008,3.083
Oct. 17 2008,2.922
Oct. 16 2008,2.974
Oct. 15 2008,2.704
Oct. 14 2008,3.362
Oct. 13 2008,3.551
Oct. 10 2008,2.878
Oct. 9 2008,3.027
Oct. 8 2008,3.300
Oct. 7 2008,3.441
Oct. 6 2008,3.768
Oct. 3 2008,4.007
Oct. 2 2008,4.047
Oct. 1 2008,4.370
Sept. 30 2008,4.490
Sept. 29 2008,5.540
Sept. 26 2008,6.036
Sept. 25 2008,6.143
Sept. 24 2008,5.947
Sept. 23 2008,5.756
Sept. 22 2008,6.106
Sept. 19 2008,6.406
Sept. 18 2008,5.894
Sept. 17 2008,5.916
Sept. 16 2008,6.231
Sept. 15 2008,6.034
Sept. 12 2008,6.806
Sept. 11 2008,6.460
Sept. 10 2008,6.211
Sept. 9 2008,5.879
Sept. 8 2008,6.489
Sept. 5 2008,6.448
Sept. 4 2008,6.469
Sept. 3 2008,6.520
Sept. 2 2008,6.362
Aug. 29 2008,6.662
Aug. 28 2008,6.723
Aug. 27 2008,6.761
Aug. 26 2008,6.578
Aug. 25 2008,6.554
Aug. 22 2008,6.648
Aug. 21 2008,6.801
Aug. 20 2008,6.735
Aug. 19 2008,6.593
Aug. 18 2008,6.541
Aug. 15 2008,6.630
Aug. 14 2008,6.788
Aug. 13 2008,6.990
Aug. 12 2008,6.735
Aug. 11 2008,6.908
Aug. 8 2008,6.798
Aug. 7 2008,6.653
Aug. 6 2008,6.806
Aug. 5 2008,6.560
Aug. 4 2008,6.683
Aug. 1 2008,7.067
July 31 2008,7.313
July 30 2008,6.671
July 29 2008,6.248
July 28 2008,6.262
July 25 2008,6.291
July 24 2008,6.118
July 23 2008,6.310
July 22 2008,6.472
July 21 2008,6.529
July 18 2008,6.412
July 17 2008,6.435
July 16 2008,6.435
July 15 2008,6.466
July 14 2008,6.749
July 11 2008,6.885
July 10 2008,6.945
July 9 2008,7.072
July 8 2008,7.227
July 7 2008,7.369
July 3 2008,7.574
July 2 2008,7.622
July 1 2008,7.802
June 30 2008,7.667
June 27 2008,6.012
June 26 2008,5.973
June 25 2008,6.163
June 24 2008,6.214
June 23 2008,6.164
June 20 2008,5.955
June 19 2008,6.120
June 18 2008,6.262
June 17 2008,6.229
June 16 2008,6.043
June 13 2008,6.032
June 12 2008,6.008
June 11 2008,5.982
June 10 2008,5.966
June 9 2008,5.941
June 6 2008,5.812
June 5 2008,5.986
June 4 2008,5.860
June 3 2008,6.078
June 2 2008,6.058
May 30 2008,6.032
May 29 2008,5.947
May 28 2008,6.006
May 27 2008,5.98
May 23 2008,6.079
May 22 2008,6.204
May 21 2008,6.351
May 20 2008,6.239
May 19 2008,6.272
May 16 2008,6.461
May 15 2008,6.244
May 14 2008,6.133
May 13 2008,6.279
May 12 2008,6.261
May 9 2008,6.169
May 8 2008,6.210
May 7 2008,6.110
May 6 2008,6.198
May 5 2008,6.063
May 2 2008,5.962
May 1 2008,5.623
April 30 2008,5.349
April 29 2008,5.385
April 28 2008,5.447
April 25 2008,5.446
April 24 2008,5.454
April 23 2008,5.638
April 22 2008,5.681
April 21 2008,5.776
April 18 2008,5.726
April 17 2008,5.710
April 16 2008,5.595
April 15 2008,5.384
April 14 2008,5.435
April 11 2008,5.272
April 10 2008,5.368
April 9 2008,5.539
April 8 2008,5.669
April 7 2008,5.702
April 4 2008,5.728
April 3 2008,5.610
April 2 2008,5.572
April 1 2008,5.447
March 31 2008,5.352
March 28 2008,5.439
March 27 2008,5.502
March 26 2008,5.582
March 25 2008,5.514
March 24 2008,5.53
March 20 2008,5.446
March 19 2008,5.295
March 18 2008,5.683
March 17 2008,5.467
March 14 2008,5.932
March 13 2008,6.132
March 12 2008,6.070
March 11 2008,6.362
March 10 2008,6.077
March 7 2008,6.024
March 6 2008,6.081
March 5 2008,6.279
March 4 2008,6.188
March 3 2008,6.299
Feb. 29 2008,6.223
Feb. 28 2008,6.339
Feb. 27 2008,6.364
Feb. 26 2008,6.255
Feb. 25 2008,6.138
Feb. 22 2008,6.034
Feb. 21 2008,5.947
Feb. 20 2008,6.176
Feb. 19 2008,6.149
Feb. 15 2008,5.953
Feb. 14 2008,5.937
Feb. 13 2008,5.924
Feb. 12 2008,5.777
Feb. 11 2008,5.759
Feb. 8 2008,5.780
Feb. 7 2008,5.418
Feb. 6 2008,5.371
Feb. 5 2008,5.500
Feb. 4 2008,5.728
Feb. 1 2008,5.747
Jan. 31 2008,5.510
Jan. 30 2008,5.960
Jan. 29 2008,6.102
Jan. 28 2008,5.862
Jan. 25 2008,5.738
Jan. 24 2008,5.852
Jan. 23 2008,5.529
Jan. 22 2008,5.466
Jan. 18 2008,5.559
Jan. 17 2008,5.587
Jan. 16 2008,5.906
Jan. 15 2008,6.107
Jan. 14 2008,6.424
Jan. 11 2008,6.380
Jan. 10 2008,6.552
Jan. 9 2008,6.699
Jan. 8 2008,6.856
Jan. 7 2008,6.901
Jan. 4 2008,6.973
Jan. 3 2008,7.244
Jan. 2 2008,7.188
Dec. 31 2007,7.124
Dec. 28 2007,6.585
Dec. 27 2007,6.539
Dec. 26 2007,6.608
Dec. 24 2007,6.533
Dec. 21 2007,6.483
Dec. 20 2007,6.317
Dec. 19 2007,6.182
Dec. 18 2007,6.18
Dec. 17 2007,6.024
Dec. 14 2007,6.157
Dec. 13 2007,6.298
Dec. 12 2007,6.273
Dec. 11 2007,6.176
Dec. 10 2007,6.231
Dec. 7 2007,6.253
Dec. 6 2007,6.175
Dec. 5 2007,5.979
Dec. 4 2007,5.900
Dec. 3 2007,5.994
Nov. 30 2007,5.901
Nov. 29 2007,5.839
Nov. 28 2007,5.788
Nov. 27 2007,5.631
Nov. 26 2007,5.678
Nov. 23 2007,5.951
Nov. 21 2007,5.940
Nov. 20 2007,6.069
Nov. 19 2007,5.947
Nov. 16 2007,6.071
Nov. 15 2007,5.743
Nov. 14 2007,5.906
Nov. 13 2007,6.076
Nov. 12 2007,6.060
Nov. 9 2007,6.301
Nov. 8 2007,6.441
Nov. 7 2007,6.346
Nov. 6 2007,6.474
Nov. 5 2007,6.202
Nov. 2 2007,6.300
Nov. 1 2007,6.088
Oct. 31 2007,6.242
Oct. 30 2007,6.056
Oct. 29 2007,6.387
Oct. 26 2007,6.412
Oct. 25 2007,6.296
Oct. 24 2007,6.204
Oct. 23 2007,6.094
Oct. 22 2007,6.134
Oct. 19 2007,6.135
Oct. 18 2007,6.275
Oct. 17 2007,6.114
Oct. 16 2007,6.274
Oct. 15 2007,6.267
Oct. 12 2007,6.159
Oct. 11 2007,6.100
Oct. 10 2007,6.234
Oct. 9 2007,6.163
Oct. 8 2007,6.184
Oct. 5 2007,6.172
Oct. 4 2007,6.091
Oct. 3 2007,6.000
Oct. 2 2007,6.061
Oct. 1 2007,6.074
Sept. 28 2007,5.365
Sept. 27 2007,5.392
Sept. 26 2007,5.414
Sept. 25 2007,5.359
Sept. 24 2007,5.436
Sept. 21 2007,5.481
Sept. 20 2007,5.490
Sept. 19 2007,5.493
Sept. 18 2007,5.432
Sept. 17 2007,5.310
Sept. 14 2007,5.260
Sept. 13 2007,5.163
Sept. 12 2007,5.078
Sept. 11 2007,4.976
Sept. 10 2007,5.007
Sept. 7 2007,5.129
Sept. 6 2007,5.324
Sept. 5 2007,5.275
Sept. 4 2007,5.240
Aug. 31 2007,5.071
Aug. 30 2007,5.010
Aug. 29 2007,5.053
Aug. 28 2007,4.763
Aug. 27 2007,4.973
Aug. 24 2007,5.056
Aug. 23 2007,4.813
Aug. 22 2007,4.887
Aug. 21 2007,4.817
Aug. 20 2007,4.884
Aug. 17 2007,5.028
Aug. 16 2007,4.728
Aug. 15 2007,4.705
Aug. 14 2007,4.915
Aug. 13 2007,5.059
Aug. 10 2007,4.880
Aug. 9 2007,4.633
Aug. 8 2007,4.899
Aug. 7 2007,4.931
Aug. 6 2007,4.633
Aug. 3 2007,4.687
Aug. 2 2007,4.868
Aug. 1 2007,5.102
July 31 2007,5.194
July 30 2007,5.363
July 27 2007,5.189
July 26 2007,5.359
July 25 2007,5.591
July 24 2007,5.463
July 23 2007,5.762
July 20 2007,5.764
July 19 2007,5.937
July 18 2007,5.973
July 17 2007,5.846
July 16 2007,5.947
July 13 2007,6.12
July 12 2007,6.000
July 11 2007,5.916
July 10 2007,6.028
July 9 2007,6.013
July 6 2007,5.984
July 5 2007,5.904
July 3 2007,5.925
July 2 2007,5.759
June 29 2007,5.525
June 28 2007,5.505
June 27 2007,5.518
June 26 2007,5.576
June 25 2007,5.722
June 22 2007,5.724
June 21 2007,5.828
June 20 2007,5.693
June 19 2007,5.961
June 18 2007,6.052
June 15 2007,6.105
June 14 2007,5.943
June 13 2007,5.809
June 12 2007,5.666
June 11 2007,5.755
June 8 2007,5.780
June 7 2007,5.690
June 6 2007,5.759
June 5 2007,5.863
June 4 2007,5.914
June 1 2007,5.840
May 31 2007,5.704
May 30 2007,5.625
May 29 2007,5.478
May 25 2007,5.510
May 24 2007,5.390
May 23 2007,5.429
May 22 2007,5.359
May 21 2007,5.348
May 18 2007,5.276
May 17 2007,5.227
May 16 2007,5.149
May 15 2007,5.135
May 14 2007,5.018
May 11 2007,4.948
May 10 2007,4.863
May 9 2007,4.907
May 8 2007,4.857
May 7 2007,4.81
May 4 2007,4.810
May 3 2007,4.772
May 2 2007,4.715
May 1 2007,4.666
April 30 2007,4.679
April 27 2007,4.736
April 26 2007,4.755
April 25 2007,4.725
April 24 2007,4.597
April 23 2007,4.625
April 20 2007,4.633
April 19 2007,4.631
April 18 2007,4.668
April 17 2007,4.604
April 16 2007,4.709
April 13 2007,4.699
April 12 2007,4.720
April 11 2007,4.669
April 10 2007,4.670
April 9 2007,4.696
April 5 2007,4.736
April 4 2007,4.699
April 3 2007,4.640
April 2 2007,4.628
March 30 2007,4.534
March 29 2007,4.674
March 28 2007,4.694
March 27 2007,4.699
March 26 2007,4.706
March 23 2007,4.640
March 22 2007,4.656
March 21 2007,4.553
March 20 2007,4.496
March 19 2007,4.382
March 16 2007,4.280
March 15 2007,4.308
March 14 2007,4.286
March 13 2007,4.214
March 12 2007,4.291
March 9 2007,4.346
March 8 2007,4.320
March 7 2007,4.268
March 6 2007,4.178
March 5 2007,4.091
March 2 2007,4.094
March 1 2007,4.181
Feb. 28 2007,4.162
Feb. 27 2007,4.119
Feb. 26 2007,4.256
Feb. 23 2007,4.248
Feb. 22 2007,4.227
Feb. 21 2007,4.212
Feb. 20 2007,4.148
Feb. 16 2007,4.177
Feb. 15 2007,4.188
Feb. 14 2007,4.258
Feb. 13 2007,4.239
Feb. 12 2007,4.130
Feb. 9 2007,4.181
Feb. 8 2007,4.229
Feb. 7 2007,4.095
Feb. 6 2007,4.108
Feb. 5 2007,4.138
Feb. 2 2007,4.112
Feb. 1 2007,4.171
Jan. 31 2007,4.145
Jan. 30 2007,4.098
Jan. 29 2007,4.001
Jan. 26 2007,4.075
Jan. 25 2007,4.077
Jan. 24 2007,4.164
Jan. 23 2007,4.140
Jan. 22 2007,4.014
Jan. 19 2007,4.000
Jan. 18 2007,3.908
Jan. 17 2007,3.947
Jan. 16 2007,3.908
Jan. 12 2007,3.981
Jan. 11 2007,3.828
Jan. 10 2007,3.895
Jan. 9 2007,3.937
Jan. 8 2007,3.980
Jan. 5 2007,3.942
Jan. 4 2007,3.865
Jan. 3 2007,4.008
Dec. 29 2006,4.133
Dec. 28 2006,4.161
Dec. 27 2006,4.142
Dec. 26 2006,4.067
Dec. 22 2006,4.056
Dec. 21 2006,4.102
Dec. 20 2006,4.180
Dec. 19 2006,4.249
Dec. 18 2006,4.131
Dec. 15 2006,4.267
Dec. 14 2006,4.360
Dec. 13 2006,4.245
Dec. 12 2006,4.179
Dec. 11 2006,4.199
Dec. 8 2006,4.188
Dec. 7 2006,4.192
Dec. 6 2006,4.281
Dec. 5 2006,4.249
Dec. 4 2006,4.264
Dec. 1 2006,4.274
Nov. 30 2006,4.217
Nov. 29 2006,4.226
Nov. 28 2006,4.108
Nov. 27 2006,4.100
Nov. 24 2006,4.079
Nov. 22 2006,4.055
Nov. 21 2006,4.077
Nov. 20 2006,3.980
Nov. 17 2006,3.976
Nov. 16 2006,3.882
Nov. 15 2006,4.015
Nov. 14 2006,3.995
Nov. 13 2006,3.990
Nov. 10 2006,3.954
Nov. 9 2006,3.999
Nov. 8 2006,3.948
Nov. 7 2006,3.938
Nov. 6 2006,4.011
Nov. 3 2006,3.956
Nov. 2 2006,3.842
Nov. 1 2006,3.841
Oct. 31 2006,3.861
Oct. 30 2006,3.811
Oct. 27 2006,3.858
Oct. 26 2006,3.880
Oct. 25 2006,3.914
Oct. 24 2006,3.895
Oct. 23 2006,3.900
Oct. 20 2006,3.871
Oct. 19 2006,3.855
Oct. 18 2006,3.778
Oct. 17 2006,3.786
Oct. 16 2006,3.803
Oct. 13 2006,3.714
Oct. 12 2006,3.588
Oct. 11 2006,3.534
Oct. 10 2006,3.552
Oct. 9 2006,3.416
Oct. 6 2006,3.434
Oct. 5 2006,3.370
Oct. 4 2006,3.304
Oct. 3 2006,3.214
Oct. 2 2006,3.380
Sept. 29 2006,4.105
Sept. 28 2006,4.057
Sept. 27 2006,4.074
Sept. 26 2006,3.949
Sept. 25 2006,3.807
Sept. 22 2006,3.800
Sept. 21 2006,3.827
Sept. 20 2006,3.775
Sept. 19 2006,3.920
Sept. 18 2006,4.032
Sept. 15 2006,3.908
Sept. 14 2006,3.927
Sept. 13 2006,4.031
Sept. 12 2006,3.982
Sept. 11 2006,3.997
Sept. 8 2006,4.123
Sept. 7 2006,4.241
Sept. 6 2006,4.245
Sept. 5 2006,4.436
Sept. 1 2006,4.536
Aug. 31 2006,4.457
Aug. 30 2006,4.532
Aug. 29 2006,4.692
Aug. 28 2006,4.786
Aug. 25 2006,4.918
Aug. 24 2006,4.887
Aug. 23 2006,4.817
Aug. 22 2006,4.873
Aug. 21 2006,4.801
Aug. 18 2006,4.655
Aug. 17 2006,4.609
Aug. 16 2006,4.724
Aug. 15 2006,4.689
Aug. 14 2006,4.608
Aug. 11 2006,4.769
Aug. 10 2006,4.863
Aug. 9 2006,4.921
Aug. 8 2006,4.830
Aug. 7 2006,4.737
Aug. 4 2006,4.654
Aug. 3 2006,4.625
Aug. 2 2006,4.730
Aug. 1 2006,4.833
July 31 2006,4.838
July 28 2006,4.769
July 27 2006,4.776
July 26 2006,4.849
July 25 2006,4.750
July 24 2006,4.685
July 21 2006,4.490
July 20 2006,4.555
July 19 2006,4.630
July 18 2006,4.601
July 17 2006,4.534
July 14 2006,4.690
July 13 2006,4.638
July 12 2006,4.620
July 11 2006,4.731
July 10 2006,4.583
July 7 2006,4.576
July 6 2006,4.586
July 5 2006,4.532
July 3 2006,4.445
June 30 2006,4.446
June 29 2006,5.796
June 28 2006,5.675
June 27 2006,5.537
June 26 2006,5.333
June 23 2006,5.322
June 22 2006,5.195
June 21 2006,5.144
June 20 2006,4.983
June 19 2006,4.982
June 16 2006,5.172
June 15 2006,5.191
June 14 2006,4.979
June 13 2006,4.844
June 12 2006,5.014
June 9 2006,5.090
June 8 2006,5.161
June 7 2006,5.143
June 6 2006,5.342
June 5 2006,5.342
June 2 2006,5.438
June 1 2006,5.328
May 31 2006,5.206
May 30 2006,5.167
May 26 2006,5.272
May 25 2006,5.252
May 24 2006,5.088
May 23 2006,5.145
May 22 2006,5.025
May 19 2006,5.238
May 18 2006,5.183
May 17 2006,5.191
May 16 2006,5.322
May 15 2006,5.220
May 12 2006,5.436
May 11 2006,5.594
May 10 2006,5.687
May 9 2006,5.609
May 8 2006,5.607
May 5 2006,5.636
May 4 2006,5.584
May 3 2006,5.616
May 2 2006,5.700
May 1 2006,5.628
April 28 2006,5.505
April 27 2006,5.451
April 26 2006,5.681
April 25 2006,5.743
April 24 2006,5.817
April 21 2006,5.969
April 20 2006,5.874
April 19 2006,5.863
April 18 2006,5.863
April 17 2006,5.714
April 13 2006,5.527
April 12 2006,5.500
April 11 2006,5.498
April 10 2006,5.490
April 7 2006,5.418
April 6 2006,5.499
April 5 2006,5.526
April 4 2006,5.419
April 3 2006,5.321
March 31 2006,5.284
March 30 2006,6.105
March 29 2006,6.101
March 28 2006,6.183
March 27 2006,6.195
March 24 2006,6.128
March 23 2006,6.113
March 22 2006,6.044
March 21 2006,5.999
March 20 2006,5.923
March 17 2006,6.053
March 16 2006,6.146
March 15 2006,5.923
March 14 2006,5.796
March 13 2006,5.635
March 10 2006,5.509
March 9 2006,5.455
March 8 2006,5.512
March 7 2006,5.464
March 6 2006,5.532
March 3 2006,5.734
March 2 2006,5.759
March 1 2006,5.746
Feb. 28 2006,5.596
Feb. 27 2006,5.667
Feb. 24 2006,5.724
Feb. 23 2006,5.643
Feb. 22 2006,5.624
Feb. 21 2006,5.628
Feb. 17 2006,5.638
Feb. 16 2006,5.508
Feb. 15 2006,5.353
Feb. 14 2006,5.274
Feb. 13 2006,5.346
Feb. 10 2006,5.266
Feb. 9 2006,5.382
Feb. 8 2006,5.497
Feb. 7 2006,5.536
Feb. 6 2006,5.800
Feb. 3 2006,5.677
Feb. 2 2006,5.796
Feb. 1 2006,6.019
Jan. 31 2006,6.094
Jan. 30 2006,6.068
Jan. 27 2006,5.948
Jan. 26 2006,5.747
Jan. 25 2006,5.704
Jan. 24 2006,5.774
Jan. 23 2006,5.751
Jan. 20 2006,5.757
Jan. 19 2006,5.735
Jan. 18 2006,5.638
Jan. 17 2006,5.675
Jan. 13 2006,5.654
Jan. 12 2006,5.494
Jan. 11 2006,5.539
Jan. 10 2006,5.509
Jan. 9 2006,5.387
Jan. 6 2006,5.287
Jan. 5 2006,5.222
Jan. 4 2006,5.240
Jan. 3 2006,5.172
Dec. 30 2005,6.577
Dec. 29 2005,6.548
Dec. 28 2005,6.613
Dec. 27 2005,6.468
Dec. 23 2005,6.706
Dec. 22 2005,6.744
Dec. 21 2005,6.682
Dec. 20 2005,6.627
Dec. 19 2005,6.627
Dec. 16 2005,6.666
Dec. 15 2005,6.783
Dec. 14 2005,6.930
Dec. 13 2005,6.681
Dec. 12 2005,6.674
Dec. 9 2005,6.657
Dec. 8 2005,6.734
Dec. 7 2005,6.633
Dec. 6 2005,6.638
Dec. 5 2005,6.657
Dec. 2 2005,6.558
Dec. 1 2005,6.594
Nov. 30 2005,6.396
Nov. 29 2005,6.322
Nov. 28 2005,6.243
Nov. 25 2005,6.580
Nov. 23 2005,6.550
Nov. 22 2005,6.597
Nov. 21 2005,6.447
Nov. 18 2005,6.367
Nov. 17 2005,6.328
Nov. 16 2005,6.298
Nov. 15 2005,6.162
Nov. 14 2005,6.290
Nov. 11 2005,6.176
Nov. 10 2005,6.077
Nov. 9 2005,6.386
Nov. 8 2005,6.435
Nov. 7 2005,6.362
Nov. 4 2005,6.573
Nov. 3 2005,6.810
Nov. 2 2005,6.639
Nov. 1 2005,6.437
Oct. 31 2005,6.490
Oct. 28 2005,6.466
Oct. 27 2005,6.179
Oct. 26 2005,6.589
Oct. 25 2005,6.556
Oct. 24 2005,6.429
Oct. 21 2005,6.183
Oct. 20 2005,6.071
Oct. 19 2005,6.475
Oct. 18 2005,6.351
Oct. 17 2005,6.628
Oct. 14 2005,6.446
Oct. 13 2005,6.462
Oct. 12 2005,6.709
Oct. 11 2005,6.859
Oct. 10 2005,6.694
Oct. 7 2005,6.726
Oct. 6 2005,6.467
Oct. 5 2005,6.588
Oct. 4 2005,6.997
Oct. 3 2005,7.466
Sept. 30 2005,7.436
Sept. 29 2005,9.856
Sept. 28 2005,9.901
Sept. 27 2005,9.852
Sept. 26 2005,9.808
Sept. 23 2005,9.665
Sept. 22 2005,9.934
Sept. 21 2005,9.983
Sept. 20 2005,9.646
Sept. 19 2005,9.753
Sept. 16 2005,9.584
Sept. 15 2005,9.504
Sept. 14 2005,9.463
Sept. 13 2005,9.363
Sept. 12 2005,9.435
Sept. 9 2005,9.549
Sept. 8 2005,9.252
Sept. 7 2005,9.304
Sept. 6 2005,9.26
Sept. 2 2005,9.171
Sept. 1 2005,9.418
Aug. 31 2005,9.064
Aug. 30 2005,8.737
Aug. 29 2005,8.469
Aug. 26 2005,8.344
Aug. 25 2005,8.395
Aug. 24 2005,8.476
Aug. 23 2005,8.403
Aug. 22 2005,8.492
Aug. 19 2005,8.485
Aug. 18 2005,8.309
Aug. 17 2005,8.327
Aug. 16 2005,8.586
Aug. 15 2005,8.777
Aug. 12 2005,8.937
Aug. 11 2005,8.974
Aug. 10 2005,8.854
Aug. 9 2005,8.688
Aug. 8 2005,8.655
Aug. 5 2005,8.451
Aug. 4 2005,8.498
Aug. 3 2005,8.489
Aug. 2 2005,8.547
Aug. 1 2005,8.410
July 29 2005,8.226
July 28 2005,8.314
July 27 2005,8.158
July 26 2005,8.130
July 25 2005,8.173
July 22 2005,8.090
July 21 2005,7.882
July 20 2005,7.880
July 19 2005,7.842
July 18 2005,7.708
July 15 2005,7.784
July 14 2005,7.848
July 13 2005,8.128
July 12 2005,8.132
July 11 2005,7.954
July 8 2005,7.911
July 7 2005,7.921
July 6 2005,7.772
July 5 2005,8.008
July 1 2005,7.828
June 30 2005,7.522
June 29 2005,9.306
June 28 2005,9.392
June 27 2005,9.674
June 24 2005,9.535
June 23 2005,9.478
June 22 2005,9.408
June 21 2005,9.199
June 20 2005,9.511
June 17 2005,9.563
June 16 2005,9.354
June 15 2005,9.184
June 14 2005,9.060
June 13 2005,9.011
June 10 2005,9.041
June 9 2005,9.037
June 8 2005,8.809
June 7 2005,8.667
June 6 2005,8.686
June 3 2005,8.702
June 2 2005,8.627
June 1 2005,8.635
May 31 2005,8.440
May 27 2005,8.512
May 26 2005,8.420
May 25 2005,8.338
May 24 2005,8.275
May 23 2005,8.198
May 20 2005,8.045
May 19 2005,8.131
May 18 2005,7.970
May 17 2005,7.910
May 16 2005,7.781
May 13 2005,7.892
May 12 2005,8.010
May 11 2005,8.437
May 10 2005,8.47
May 9 2005,8.578
May 6 2005,8.411
May 5 2005,8.371
May 4 2005,8.268
May 3 2005,8.131
May 2 2005,8.329
April 29 2005,8.106
April 28 2005,7.983
April 27 2005,8.224
April 26 2005,8.334
April 25 2005,8.440
April 22 2005,8.345
April 21 2005,8.219
April 20 2005,8.024
April 19 2005,8.031
April 18 2005,7.817
April 15 2005,7.659
April 14 2005,7.979
April 13 2005,7.943
April 12 2005,8.207
April 11 2005,8.442
April 8 2005,8.312
April 7 2005,8.426
April 6 2005,8.423
April 5 2005,8.308
April 4 2005,8.399
April 1 2005,8.399
March 31 2005,8.167
March 30 2005,8.188
March 29 2005,8.048
March 28 2005,8.114
March 24 2005,8.159
March 23 2005,8.127
March 22 2005,8.190
March 21 2005,8.424
March 18 2005,8.390
March 17 2005,8.382
March 16 2005,8.197
March 15 2005,8.159
March 14 2005,8.270
March 11 2005,8.209
March 10 2005,8.168
March 9 2005,8.363
March 8 2005,8.654
March 7 2005,8.708
March 4 2005,8.715
March 3 2005,8.579
March 2 2005,8.382
March 1 2005,8.365
Feb. 28 2005,8.461
Feb. 25 2005,8.334
Feb. 24 2005,8.077
Feb. 23 2005,7.914
Feb. 22 2005,7.875
Feb. 18 2005,7.959
Feb. 17 2005,7.771
Feb. 16 2005,7.843
Feb. 15 2005,7.684
Feb. 14 2005,7.558
Feb. 11 2005,7.63
Feb. 10 2005,7.551
Feb. 9 2005,7.351
Feb. 8 2005,7.274
Feb. 7 2005,7.212
Feb. 4 2005,7.239
Feb. 3 2005,7.255
Feb. 2 2005,7.149
Feb. 1 2005,7.003
Jan. 31 2005,6.922
Jan. 28 2005,6.856
Jan. 27 2005,6.951
Jan. 26 2005,7.042
Jan. 25 2005,7.001
Jan. 24 2005,6.894
Jan. 21 2005,6.802
Jan. 20 2005,6.745
Jan. 19 2005,6.872
Jan. 18 2005,6.928
Jan. 14 2005,6.845
Jan. 13 2005,6.845
Jan. 12 2005,6.774
Jan. 11 2005,6.710
Jan. 10 2005,6.661
Jan. 7 2005,6.579
Jan. 6 2005,6.484
Jan. 5 2005,6.386
Jan. 4 2005,6.465
Jan. 3 2005,6.538
Dec. 31 2004,6.722
Dec. 30 2004,6.146
Dec. 29 2004,6.104
Dec. 28 2004,6.046
Dec. 27 2004,6.049
Dec. 23 2004,6.123
Dec. 22 2004,6.092
Dec. 21 2004,6.141
Dec. 20 2004,6.094
Dec. 17 2004,6.128
Dec. 16 2004,6.123
Dec. 15 2004,6.166
Dec. 14 2004,6.079
Dec. 13 2004,6.062
Dec. 10 2004,6.021
Dec. 9 2004,6.069
Dec. 8 2004,6.059
Dec. 7 2004,6.033
Dec. 6 2004,6.130
Dec. 3 2004,6.159
Dec. 2 2004,6.133
Dec. 1 2004,6.273
Nov. 30 2004,6.476
Nov. 29 2004,6.507
Nov. 26 2004,6.544
Nov. 24 2004,6.499
Nov. 23 2004,6.442
Nov. 22 2004,6.412
Nov. 19 2004,6.299
Nov. 18 2004,6.163
Nov. 17 2004,6.140
Nov. 16 2004,6.066
Nov. 15 2004,6.048
Nov. 12 2004,6.274
Nov. 11 2004,6.144
Nov. 10 2004,6.131
Nov. 9 2004,6.148
Nov. 8 2004,6.194
Nov. 5 2004,6.309
Nov. 4 2004,6.243
Nov. 3 2004,6.166
Nov. 2 2004,6.084
Nov. 1 2004,6.179
Oct. 29 2004,6.258
Oct. 28 2004,6.184
Oct. 27 2004,6.250
Oct. 26 2004,6.460
Oct. 25 2004,6.593
Oct. 22 2004,6.617
Oct. 21 2004,6.590
Oct. 20 2004,6.627
Oct. 19 2004,6.475
Oct. 18 2004,6.529
Oct. 15 2004,6.601
Oct. 14 2004,6.609
Oct. 13 2004,6.455
Oct. 12 2004,6.678
Oct. 11 2004,6.736
Oct. 8 2004,6.772
Oct. 7 2004,6.773
Oct. 6 2004,6.918
Oct. 5 2004,6.831
Oct. 4 2004,6.846
Oct. 1 2004,6.89
Sept. 30 2004,6.778
Sept. 29 2004,6.301
Sept. 28 2004,6.407
Sept. 27 2004,6.244
Sept. 24 2004,6.253
Sept. 23 2004,6.110
Sept. 22 2004,6.173
Sept. 21 2004,6.193
Sept. 20 2004,6.002
Sept. 17 2004,5.972
Sept. 16 2004,5.883
Sept. 15 2004,5.863
Sept. 14 2004,5.876
Sept. 13 2004,5.818
Sept. 10 2004,5.778
Sept. 9 2004,5.799
Sept. 8 2004,5.710
Sept. 7 2004,5.710
Sept. 3 2004,5.694
Sept. 2 2004,5.724
Sept. 1 2004,5.654
Aug. 31 2004,5.597
Aug. 30 2004,5.466
Aug. 27 2004,5.492
Aug. 26 2004,5.455
Aug. 25 2004,5.386
Aug. 24 2004,5.293
Aug. 23 2004,5.244
Aug. 20 2004,5.306
Aug. 19 2004,5.315
Aug. 18 2004,5.338
Aug. 17 2004,5.321
Aug. 16 2004,5.497
Aug. 13 2004,5.412
Aug. 12 2004,5.375
Aug. 11 2004,5.391
Aug. 10 2004,5.480
Aug. 9 2004,5.547
Aug. 6 2004,5.428
Aug. 5 2004,5.525
Aug. 4 2004,5.642
Aug. 3 2004,5.813
Aug. 2 2004,5.786
July 30 2004,5.797
July 29 2004,5.774
July 28 2004,5.696
July 27 2004,5.678
July 26 2004,5.637
July 23 2004,5.670
July 22 2004,5.723
July 21 2004,5.704
July 20 2004,5.798
July 19 2004,5.775
July 16 2004,5.795
July 15 2004,5.734
July 14 2004,5.695
July 13 2004,5.633
July 12 2004,5.662
July 9 2004,5.732
July 8 2004,5.764
July 7 2004,5.724
July 6 2004,5.872
July 2 2004,5.845
July 1 2004,5.782
June 30 2004,5.801
June 29 2004,6.018
June 28 2004,6.015
June 25 2004,6.072
June 24 2004,6.050
June 23 2004,6.091
June 22 2004,5.940
June 21 2004,5.961
June 18 2004,5.948
June 17 2004,5.905
June 16 2004,5.776
June 15 2004,5.664
June 14 2004,5.548
June 10 2004,5.610
June 9 2004,5.512
June 8 2004,5.612
June 7 2004,5.567
June 4 2004,5.407
June 3 2004,5.476
June 2 2004,5.577
June 1 2004,5.569
May 28 2004,5.421
May 27 2004,5.361
May 26 2004,5.476
May 25 2004,5.444
May 24 2004,5.327
May 21 2004,5.281
May 20 2004,5.282
May 19 2004,5.285
May 18 2004,5.330
May 17 2004,5.382
May 14 2004,5.462
May 13 2004,5.411
May 12 2004,5.511
May 11 2004,5.433
May 10 2004,5.311
May 7 2004,5.518
May 6 2004,5.612
May 5 2004,5.603
May 4 2004,5.580
May 3 2004,5.500
April 30 2004,5.457
April 29 2004,5.519
April 28 2004,5.561
April 27 2004,5.714
April 26 2004,5.592
April 23 2004,5.542
April 22 2004,5.522
April 21 2004,5.436
April 20 2004,5.415
April 19 2004,5.577
April 16 2004,5.595
April 15 2004,5.527
April 14 2004,5.426
April 13 2004,5.475
April 12 2004,5.537
April 8 2004,5.463
April 7 2004,5.350
April 6 2004,5.390
April 5 2004,5.390
April 2 2004,5.327
April 1 2004,5.345
March 31 2004,5.475
March 30 2004,5.114
March 29 2004,4.930
March 26 2004,4.930
March 25 2004,4.817
March 24 2004,5.052
March 23 2004,5.185
March 22 2004,5.233
March 19 2004,5.316
March 18 2004,5.542
March 17 2004,5.507
March 16 2004,5.394
March 15 2004,5.404
March 12 2004,5.402
March 11 2004,5.338
March 10 2004,5.455
March 9 2004,5.535
March 8 2004,5.556
March 5 2004,5.527
March 4 2004,5.473
March 3 2004,5.504
March 2 2004,5.485
March 1 2004,5.643
Feb. 27 2004,5.499
Feb. 26 2004,5.390
Feb. 25 2004,5.340
Feb. 24 2004,5.316
Feb. 23 2004,5.326
Feb. 20 2004,5.304
Feb. 19 2004,5.321
Feb. 18 2004,5.305
Feb. 17 2004,5.283
Feb. 13 2004,5.241
Feb. 12 2004,5.224
Feb. 11 2004,5.243
Feb. 10 2004,5.141
Feb. 9 2004,5.092
Feb. 6 2004,5.048
Feb. 5 2004,4.955
Feb. 4 2004,4.989
Feb. 3 2004,5.138
Feb. 2 2004,5.110
Jan. 30 2004,5.083
Jan. 29 2004,5.155
Jan. 28 2004,5.235
Jan. 27 2004,5.391
Jan. 26 2004,5.408
Jan. 23 2004,5.357
Jan. 22 2004,5.338
Jan. 21 2004,5.396
Jan. 20 2004,5.340
Jan. 16 2004,5.228
Jan. 15 2004,5.243
Jan. 14 2004,5.315
Jan. 13 2004,5.357
Jan. 12 2004,5.318
Jan. 9 2004,5.321
Jan. 8 2004,5.336
Jan. 7 2004,5.313
Jan. 6 2004,5.335
Jan. 5 2004,5.333
Jan. 2 2004,5.203
Dec. 31 2003,5.178
Dec. 30 2003,6.721
Dec. 29 2003,6.687
Dec. 26 2003,6.580
Dec. 24 2003,6.556
Dec. 23 2003,6.477
Dec. 22 2003,6.491
Dec. 19 2003,6.475
Dec. 18 2003,6.473
Dec. 17 2003,6.256
Dec. 16 2003,6.191
Dec. 15 2003,6.141
Dec. 12 2003,6.222
Dec. 11 2003,6.218
Dec. 10 2003,6.135
Dec. 9 2003,6.103
Dec. 8 2003,6.087
Dec. 5 2003,6.087
Dec. 4 2003,6.074
Dec. 3 2003,6.004
Dec. 2 2003,6.081
Dec. 1 2003,6.052
Nov. 28 2003,5.964
Nov. 26 2003,5.976
Nov. 25 2003,5.974
Nov. 24 2003,5.899
Nov. 21 2003,5.889
Nov. 20 2003,5.861
Nov. 19 2003,5.877
Nov. 18 2003,5.831
Nov. 17 2003,5.911
Nov. 14 2003,6.010
Nov. 13 2003,5.962
Nov. 12 2003,5.881
Nov. 11 2003,5.863
Nov. 10 2003,5.899
Nov. 7 2003,5.992
Nov. 6 2003,5.926
Nov. 5 2003,5.915
Nov. 4 2003,5.911
Nov. 3 2003,5.980
Oct. 31 2003,5.956
Oct. 30 2003,5.873
Oct. 29 2003,5.879
Oct. 28 2003,5.905
Oct. 27 2003,5.948
Oct. 24 2003,5.895
Oct. 23 2003,5.952
Oct. 22 2003,5.968
Oct. 21 2003,6.018
Oct. 20 2003,6.034
Oct. 17 2003,6.058
Oct. 16 2003,6.083
Oct. 15 2003,6.066
Oct. 14 2003,6.093
Oct. 13 2003,6.113
Oct. 10 2003,6.085
Oct. 9 2003,5.958
Oct. 8 2003,5.942
Oct. 7 2003,5.932
Oct. 6 2003,5.847
Oct. 3 2003,5.835
Oct. 2 2003,5.823
Oct. 1 2003,5.865
Sept. 30 2003,5.740
Sept. 29 2003,6.984
Sept. 26 2003,6.984
Sept. 25 2003,6.952
Sept. 24 2003,7.026
Sept. 23 2003,6.991
Sept. 22 2003,6.991
Sept. 19 2003,7.026
Sept. 18 2003,6.996
Sept. 17 2003,6.962
Sept. 16 2003,7.041
Sept. 15 2003,7.100
Sept. 12 2003,7.098
Sept. 11 2003,7.048
Sept. 10 2003,7.098
Sept. 9 2003,7.170
Sept. 8 2003,7.291
Sept. 5 2003,7.123
Sept. 4 2003,7.138
Sept. 3 2003,7.098
Sept. 2 2003,7.026
Aug. 29 2003,6.912
Aug. 28 2003,6.86
Aug. 27 2003,6.798
Aug. 26 2003,6.677
Aug. 25 2003,6.721
Aug. 22 2003,6.647
Aug. 21 2003,6.741
Aug. 20 2003,6.667
Aug. 19 2003,6.692
Aug. 18 2003,6.709
Aug. 15 2003,6.783
Aug. 14 2003,6.770
Aug. 13 2003,6.753
Aug. 12 2003,6.630
Aug. 11 2003,6.605
Aug. 8 2003,6.431
Aug. 7 2003,6.317
Aug. 6 2003,6.29
Aug. 5 2003,6.198
Aug. 4 2003,6.255
Aug. 1 2003,6.305
July 31 2003,6.379
July 30 2003,6.377
July 29 2003,6.367
July 28 2003,6.449
July 25 2003,6.518
July 24 2003,6.466
July 23 2003,6.446
July 22 2003,6.476
July 21 2003,6.461
July 18 2003,6.580
July 17 2003,6.441
July 16 2003,6.362
July 15 2003,6.369
July 14 2003,6.481
July 11 2003,6.510
July 10 2003,6.481
July 9 2003,6.617
July 8 2003,6.620
July 7 2003,6.555
July 3 2003,6.572
July 2 2003,6.592
July 1 2003,6.57
June 30 2003,6.530
June 27 2003,7.196
June 26 2003,7.174
June 25 2003,7.182
June 24 2003,7.169
June 23 2003,7.265
June 20 2003,7.361
June 19 2003,7.262
June 18 2003,7.292
June 17 2003,7.320
June 16 2003,7.407
June 13 2003,7.292
June 12 2003,7.311
June 11 2003,7.407
June 10 2003,7.235
June 9 2003,7.199
June 6 2003,7.268
June 5 2003,7.259
June 4 2003,7.213
June 3 2003,7.169
June 2 2003,7.097
May 30 2003,7.059
May 29 2003,6.958
May 28 2003,6.966
May 27 2003,7.029
May 23 2003,6.872
May 22 2003,6.722
May 21 2003,6.680
May 20 2003,6.568
May 19 2003,6.562
May 16 2003,6.771
May 15 2003,6.744
May 14 2003,6.667
May 13 2003,6.593
May 12 2003,6.469
May 9 2003,6.447
May 8 2003,6.483
May 7 2003,6.543
May 6 2003,6.425
May 5 2003,6.365
May 2 2003,6.362
May 1 2003,6.261
April 30 2003,6.247
April 29 2003,6.189
April 28 2003,6.296
April 25 2003,6.220
April 24 2003,6.269
April 23 2003,6.294
April 22 2003,6.370
April 21 2003,6.346
April 17 2003,6.368
April 16 2003,6.343
April 15 2003,6.447
April 14 2003,6.365
April 11 2003,6.321
April 10 2003,6.343
April 9 2003,6.392
April 8 2003,6.412
April 7 2003,6.502
April 4 2003,6.582
April 3 2003,6.521
April 2 2003,6.626
April 1 2003,6.691
March 31 2003,6.576
March 28 2003,9.655
March 27 2003,9.590
March 26 2003,9.454
March 25 2003,9.422
March 24 2003,9.337
March 21 2003,9.309
March 20 2003,9.446
March 19 2003,9.370
March 18 2003,9.285
March 17 2003,9.193
March 14 2003,8.936
March 13 2003,9.036
March 12 2003,9.028
March 11 2003,9.297
March 10 2003,9.402
March 7 2003,9.418
March 6 2003,9.366
March 5 2003,9.390
March 4 2003,9.197
March 3 2003,9.249
Feb. 28 2003,9.273
Feb. 27 2003,9.108
Feb. 26 2003,9.100
Feb. 25 2003,9.044
Feb. 24 2003,9.056
Feb. 21 2003,9.012
Feb. 20 2003,8.859
Feb. 19 2003,8.868
Feb. 18 2003,9.004
Feb. 14 2003,8.610
Feb. 13 2003,8.667
Feb. 12 2003,8.711
Feb. 11 2003,8.940
Feb. 10 2003,8.880
Feb. 7 2003,8.739
Feb. 6 2003,8.819
Feb. 5 2003,8.839
Feb. 4 2003,8.771
Feb. 3 2003,8.594
Jan. 31 2003,8.394
Jan. 30 2003,8.434
Jan. 29 2003,8.546
Jan. 28 2003,8.153
Jan. 27 2003,8.112
Jan. 24 2003,8.305
Jan. 23 2003,8.474
Jan. 22 2003,8.410
Jan. 21 2003,8.506
Jan. 17 2003,8.679
Jan. 16 2003,8.775
Jan. 15 2003,8.719
Jan. 14 2003,8.699
Jan. 13 2003,8.622
Jan. 10 2003,8.574
Jan. 9 2003,8.574
Jan. 8 2003,8.526
Jan. 7 2003,8.590
Jan. 6 2003,8.968
Jan. 3 2003,8.643
Jan. 2 2003,8.727
Dec. 31 2002,8.550
Dec. 30 2002,
Dec. 27 2002,
Dec. 26 2002,
Dec. 24 2002,
Dec. 23 2002,
Dec. 20 2002,
Dec. 19 2002,
Dec. 18 2002,
Dec. 17 2002,
Dec. 16 2002,
Dec. 13 2002,
Dec. 12 2002,
Dec. 11 2002,
Dec. 10 2002,
Dec. 9 2002,
Dec. 6 2002,
Dec. 5 2002,
Dec. 4 2002,
Dec. 3 2002,
Dec. 2 2002,
Nov. 29 2002,
Nov. 27 2002,
Nov. 26 2002,
Nov. 25 2002,
Nov. 22 2002,
Nov. 21 2002,
Nov. 20 2002,
Nov. 19 2002,
Nov. 18 2002,
Nov. 15 2002,
Nov. 14 2002,
Nov. 13 2002,
Nov. 12 2002,
Nov. 11 2002,
Nov. 8 2002,
Nov. 7 2002,
Nov. 6 2002,
Nov. 5 2002,
Nov. 4 2002,
Nov. 1 2002,
Oct. 31 2002,
Oct. 30 2002,
Oct. 29 2002,
Oct. 28 2002,
Oct. 25 2002,
Oct. 24 2002,
Oct. 23 2002,
Oct. 22 2002,
Oct. 21 2002,
Oct. 18 2002,
Oct. 17 2002,
Oct. 16 2002,
Oct. 15 2002,
Oct. 14 2002,
Oct. 11 2002,
Oct. 10 2002,
Oct. 9 2002,
Oct. 8 2002,
Oct. 7 2002,
Oct. 4 2002,
Oct. 3 2002,
Oct. 2 2002,
Oct. 1 2002,
Sept. 30 2002,
Sept. 27 2002,
Sept. 26 2002,
Sept. 25 2002,
Sept. 24 2002,
Sept. 23 2002,
Sept. 20 2002,
Sept. 19 2002,
Sept. 18 2002,
Sept. 17 2002,
Sept. 16 2002,
Sept. 13 2002,
Sept. 12 2002,
Sept. 11 2002,
Sept. 10 2002,
Sept. 9 2002,
Sept. 6 2002,
Sept. 5 2002,
Sept. 4 2002,
Sept. 3 2002,
Aug. 30 2002,
Aug. 29 2002,
Aug. 28 2002,
Aug. 27 2002,
Aug. 26 2002,
Aug. 23 2002,
Aug. 22 2002,
Aug. 21 2002,
Aug. 20 2002,
Aug. 19 2002,
Aug. 16 2002,
Aug. 15 2002,
Aug. 14 2002,
Aug. 13 2002,
Aug. 12 2002,
Aug. 9 2002,
Aug. 8 2002,
Aug. 7 2002,
Aug. 6 2002,
Aug. 5 2002,
Aug. 2 2002,
Aug. 1 2002,
July 31 2002,
July 30 2002,
July 29 2002,
July 26 2002,
July 25 2002,
July 24 2002,
July 23 2002,
July 22 2002,
July 19 2002,
July 18 2002,
July 17 2002,
July 16 2002,
July 15 2002,
July 12 2002,
July 11 2002,
July 10 2002,
July 9 2002,
July 8 2002,
July 5 2002,
July 3 2002,
July 2 2002,
July 1 2002,
June 28 2002,
June 27 2002,
June 26 2002,
June 25 2002,
June 24 2002,
June 21 2002,
June 20 2002,
June 19 2002,
June 18 2002,
June 17 2002,
June 14 2002,
June 13 2002,
June 12 2002,
June 11 2002,
June 10 2002,
June 7 2002,
June 6 2002,
June 5 2002,
June 4 2002,
June 3 2002,
May 31 2002,
May 30 2002,
May 29 2002,
May 28 2002,
May 24 2002,
May 23 2002,
May 22 2002,
May 21 2002,
May 20 2002,
May 17 2002,
May 16 2002,
May 15 2002,
May 14 2002,
May 13 2002,
May 10 2002,
May 9 2002,
May 8 2002,
May 7 2002,
May 6 2002,
May 3 2002,
May 2 2002,
May 1 2002,
April 30 2002,
April 29 2002,
April 26 2002,
April 25 2002,
April 24 2002,
April 23 2002,
April 22 2002,
April 19 2002,
April 18 2002,
April 17 2002,
April 16 2002,
April 15 2002,
April 12 2002,
April 11 2002,
April 10 2002,
April 9 2002,
April 8 2002,
April 5 2002,
April 4 2002,
April 3 2002,
April 2 2002,
April 1 2002,
March 28 2002,17.61
March 27 2002,17.61
March 26 2002,17.44
March 25 2002,17.38
March 22 2002,17.38
March 21 2002,17.71
March 20 2002,17.74
March 19 2002,18.07
March 18 2002,18.22
March 15 2002,18.09
March 14 2002,17.86
March 13 2002,17.98
March 12 2002,18.02
March 11 2002,17.60
March 8 2002,17.25
March 7 2002,17.40
March 6 2002,17.48
March 5 2002,17.13
March 4 2002,17.42
March 1 2002,17.25
Feb. 28 2002,16.82
Feb. 27 2002,16.84
Feb. 26 2002,16.94
Feb. 25 2002,17.23
Feb. 22 2002,16.98
Feb. 21 2002,16.74
Feb. 20 2002,16.56
Feb. 19 2002,16.68
Feb. 15 2002,17.02
Feb. 14 2002,16.87
Feb. 13 2002,16.73
Feb. 12 2002,16.81
Feb. 11 2002,16.87
Feb. 8 2002,16.81
Feb. 7 2002,16.91
Feb. 6 2002,17.15
Feb. 5 2002,16.98
Feb. 4 2002,16.91
Feb. 1 2002,17.35
Jan. 31 2002,17.16
Jan. 30 2002,16.95
Jan. 29 2002,16.76
Jan. 28 2002,17.13
Jan. 25 2002,17.41
Jan. 24 2002,17.49
Jan. 23 2002,17.13
Jan. 22 2002,16.75
Jan. 18 2002,16.80
Jan. 17 2002,17.09
Jan. 16 2002,17.16
Jan. 15 2002,17.62
Jan. 14 2002,17.31
Jan. 11 2002,17.60
Jan. 10 2002,17.85
Jan. 9 2002,18.34
Jan. 8 2002,18.31
Jan. 7 2002,18.36
Jan. 4 2002,18.20
Jan. 3 2002,17.96
Jan. 2 2002,18.20
Dec. 31 2001,18.35
Dec. 28 2001,6.714
Dec. 27 2001,6.664
Dec. 26 2001,6.602
Dec. 24 2001,6.470
Dec. 21 2001,6.433
Dec. 20 2001,6.306
Dec. 19 2001,6.294
Dec. 18 2001,6.216
Dec. 17 2001,6.147
Dec. 14 2001,6.210
Dec. 13 2001,6.104
Dec. 12 2001,6.190
Dec. 11 2001,6.125
Dec. 10 2001,6.136
Dec. 7 2001,6.256
Dec. 6 2001,6.154
Dec. 5 2001,6.339
Dec. 4 2001,6.254
Dec. 3 2001,6.170
Nov. 30 2001,6.093
Nov. 29 2001,6.065
Nov. 28 2001,6.018
Nov. 27 2001,6.123
Nov. 26 2001,6.080
Nov. 23 2001,6.172
Nov. 21 2001,6.027
Nov. 20 2001,6.076
Nov. 19 2001,5.797
Nov. 16 2001,5.819
Nov. 15 2001,5.701
Nov. 14 2001,5.929
Nov. 13 2001,6.186
Nov. 12 2001,6.190
Nov. 9 2001,6.268
Nov. 8 2001,6.129
Nov. 7 2001,6.042
Nov. 6 2001,5.981
Nov. 5 2001,6.102
Nov. 2 2001,6.096
Nov. 1 2001,6.323
Oct. 31 2001,6.152
Oct. 30 2001,6.080
Oct. 29 2001,6.304
Oct. 26 2001,6.363
Oct. 25 2001,6.252
Oct. 24 2001,6.214
Oct. 23 2001,6.283
Oct. 22 2001,6.290
Oct. 19 2001,6.285
Oct. 18 2001,6.230
Oct. 17 2001,6.466
Oct. 16 2001,6.546
Oct. 15 2001,6.464
Oct. 12 2001,6.622
Oct. 11 2001,6.664
Oct. 10 2001,6.691
Oct. 9 2001,6.513
Oct. 8 2001,6.433
Oct. 5 2001,6.475
Oct. 4 2001,6.388
Oct. 3 2001,6.256
Oct. 2 2001,6.174
Oct. 1 2001,5.886
Sept. 28 2001,6.324
Sept. 27 2001,6.135
Sept. 26 2001,5.976
Sept. 25 2001,6.028
Sept. 24 2001,6.028
Sept. 21 2001,6.324
Sept. 20 2001,6.572
Sept. 19 2001,6.596
Sept. 18 2001,7.033
Sept. 17 2001,7.281
Sept. 10 2001,7.539
Sept. 7 2001,7.660
Sept. 6 2001,7.589
Sept. 5 2001,7.504
Sept. 4 2001,7.449
Aug. 31 2001,7.449
Aug. 30 2001,7.449
Aug. 29 2001,7.435
Aug. 28 2001,7.338
Aug. 27 2001,7.296
Aug. 24 2001,7.305
Aug. 23 2001,7.232
Aug. 22 2001,7.239
Aug. 21 2001,7.203
Aug. 20 2001,7.199
Aug. 17 2001,7.227
Aug. 16 2001,7.324
Aug. 15 2001,7.336
Aug. 14 2001,7.137
Aug. 13 2001,7.114
Aug. 10 2001,7.092
Aug. 9 2001,7.012
Aug. 8 2001,6.976
Aug. 7 2001,7.045
Aug. 6 2001,6.979
Aug. 3 2001,6.998
Aug. 2 2001,7.069
Aug. 1 2001,6.998
July 31 2001,7.014
July 30 2001,7.036
July 27 2001,7.054
July 26 2001,7.017
July 25 2001,6.820
July 24 2001,6.534
July 23 2001,6.678
July 20 2001,6.669
July 19 2001,6.619
July 18 2001,6.466
July 17 2001,6.655
July 16 2001,6.643
July 13 2001,6.754
July 12 2001,6.657
July 11 2001,6.674
July 10 2001,6.771
July 9 2001,6.790
July 6 2001,6.972
July 5 2001,6.865
July 3 2001,6.759
July 2 2001,6.827
June 29 2001,9.303
June 28 2001,8.887
June 27 2001,9.174
June 26 2001,9.521
June 25 2001,9.458
June 22 2001,9.518
June 21 2001,9.395
June 20 2001,9.653
June 19 2001,9.909
June 18 2001,9.880
June 15 2001,9.981
June 14 2001,9.940
June 13 2001,10.04
June 12 2001,10.17
June 11 2001,10.07
June 8 2001,10.08
June 7 2001,9.991
June 6 2001,10.07
June 5 2001,10.43
June 4 2001,10.32
June 1 2001,10.14
May 31 2001,10.20
May 30 2001,10.17
May 29 2001,10.23
May 25 2001,10.20
May 24 2001,10.32
May 23 2001,10.18
May 22 2001,10.38
May 21 2001,10.54
May 18 2001,10.52
May 17 2001,10.39
May 16 2001,10.50
May 15 2001,10.30
May 14 2001,10.19
May 11 2001,10.03
May 10 2001,10.05
May 9 2001,10.06
May 8 2001,9.795
May 7 2001,9.767
May 4 2001,9.675
May 3 2001,9.499
May 2 2001,9.537
May 1 2001,9.978
April 30 2001,10.08
April 27 2001,9.962
April 26 2001,10.00
April 25 2001,10.04
April 24 2001,10.07
April 23 2001,9.890
April 20 2001,9.363
April 19 2001,9.184
April 18 2001,9.328
April 17 2001,9.433
April 16 2001,9.388
April 12 2001,9.161
April 11 2001,8.938
April 10 2001,9.080
April 9 2001,8.966
April 6 2001,8.761
April 5 2001,8.714
April 4 2001,8.421
April 3 2001,8.310
April 2 2001,8.411
March 30 2001,13.46
March 29 2001,13.33
March 28 2001,13.39
March 27 2001,13.49
March 26 2001,13.38
March 23 2001,13.24
March 22 2001,13.19
March 21 2001,13.74
March 20 2001,14.19
March 19 2001,14.12
March 16 2001,13.84
March 15 2001,13.88
March 14 2001,14.10
March 13 2001,14.22
March 12 2001,14.47
March 9 2001,14.66
March 8 2001,14.76
March 7 2001,14.70
March 6 2001,14.32
March 5 2001,14.22
March 2 2001,14.01
March 1 2001,13.79
Feb. 28 2001,13.80
Feb. 27 2001,13.93
Feb. 26 2001,13.97
Feb. 23 2001,13.91
Feb. 22 2001,13.95
Feb. 21 2001,13.99
Feb. 20 2001,14.14
Feb. 16 2001,14.07
Feb. 15 2001,14.24
Feb. 14 2001,14.35
Feb. 13 2001,14.24
Feb. 12 2001,14.46
Feb. 9 2001,14.36
Feb. 8 2001,14.11
Feb. 7 2001,14.12
Feb. 6 2001,14.17
Feb. 5 2001,13.97
Feb. 2 2001,13.79
Feb. 1 2001,13.49
Jan. 31 2001,13.67
Jan. 30 2001,13.50
Jan. 29 2001,13.72
Jan. 26 2001,13.58
Jan. 25 2001,13.67
Jan. 24 2001,13.64
Jan. 23 2001,13.74
Jan. 22 2001,13.49
Jan. 19 2001,13.49
Jan. 18 2001,13.39
Jan. 17 2001,13.71
Jan. 16 2001,13.99
Jan. 12 2001,13.83
Jan. 11 2001,13.71
Jan. 10 2001,13.74
Jan. 9 2001,13.77
Jan. 8 2001,13.95
Jan. 5 2001,14.11
Jan. 4 2001,13.71
Jan. 3 2001,13.64
Jan. 2 2001,13.95
Dec. 29 2000,7.299
Dec. 28 2000,7.562
Dec. 27 2000,7.480
Dec. 26 2000,7.348
Dec. 22 2000,7.118
Dec. 21 2000,7.019
Dec. 20 2000,6.871
Dec. 19 2000,7.019
Dec. 18 2000,6.921
Dec. 15 2000,6.806
Dec. 14 2000,6.691
Dec. 13 2000,6.937
Dec. 12 2000,6.937
Dec. 11 2000,6.888
Dec. 8 2000,6.954
Dec. 7 2000,7.019
Dec. 6 2000,7.019
Dec. 5 2000,7.019
Dec. 4 2000,7.069
Dec. 1 2000,7.102
Nov. 30 2000,6.937
Nov. 29 2000,7.233
Nov. 28 2000,7.480
Nov. 27 2000,7.414
Nov. 24 2000,7.348
Nov. 22 2000,7.348
Nov. 21 2000,7.332
Nov. 20 2000,7.266
Nov. 17 2000,7.299
Nov. 16 2000,7.299
Nov. 15 2000,7.233
Nov. 14 2000,7.184
Nov. 13 2000,7.118
Nov. 10 2000,7.151
Nov. 9 2000,6.986
Nov. 8 2000,7.102
Nov. 7 2000,7.184
Nov. 6 2000,7.167
Nov. 3 2000,7.233
Nov. 2 2000,7.233
Nov. 1 2000,7.397
Oct. 31 2000,7.151
Oct. 30 2000,7.134
Oct. 27 2000,6.904
Oct. 26 2000,7.003
Oct. 25 2000,6.954
Oct. 24 2000,7.151
Oct. 23 2000,7.282
Oct. 20 2000,7.480
Oct. 19 2000,7.315
Oct. 18 2000,7.233
Oct. 17 2000,7.496
Oct. 16 2000,7.512
Oct. 13 2000,7.529
Oct. 12 2000,7.841
Oct. 11 2000,7.628
Oct. 10 2000,7.660
Oct. 9 2000,7.463
Oct. 6 2000,7.184
Oct. 5 2000,7.282
Oct. 4 2000,7.365
Oct. 3 2000,7.578
Oct. 2 2000,7.677
Sept. 29 2000,6.535
Sept. 28 2000,6.506
Sept. 27 2000,6.506
Sept. 26 2000,6.319
Sept. 25 2000,6.118
Sept. 22 2000,6.247
Sept. 21 2000,6.406
Sept. 20 2000,6.535
Sept. 19 2000,6.506
Sept. 18 2000,6.693
Sept. 15 2000,6.708
Sept. 14 2000,6.463
Sept. 13 2000,6.492
Sept. 12 2000,6.665
Sept. 11 2000,6.736
Sept. 8 2000,6.535
Sept. 7 2000,6.535
Sept. 6 2000,6.607
Sept. 5 2000,6.449
Sept. 1 2000,6.348
Aug. 31 2000,6.319
Aug. 30 2000,6.290
Aug. 29 2000,6.377
Aug. 28 2000,6.190
Aug. 25 2000,6.276
Aug. 24 2000,6.146
Aug. 23 2000,6.492
Aug. 22 2000,6.334
Aug. 21 2000,6.276
Aug. 18 2000,6.218
Aug. 17 2000,6.348
Aug. 16 2000,6.233
Aug. 15 2000,6.132
Aug. 14 2000,6.118
Aug. 11 2000,6.089
Aug. 10 2000,6.146
Aug. 9 2000,6.002
Aug. 8 2000,5.873
Aug. 7 2000,5.945
Aug. 4 2000,5.945
Aug. 3 2000,5.930
Aug. 2 2000,5.786
Aug. 1 2000,5.643
July 31 2000,5.599
July 28 2000,5.643
July 27 2000,5.700
July 26 2000,5.455
July 25 2000,5.484
July 24 2000,5.527
July 21 2000,5.657
July 20 2000,5.858
July 19 2000,5.844
July 18 2000,5.887
July 17 2000,5.858
July 14 2000,5.930
July 13 2000,5.830
July 12 2000,5.858
July 11 2000,5.988
July 10 2000,5.815
July 7 2000,5.671
July 6 2000,5.657
July 5 2000,5.643
July 3 2000,5.930
June 30 2000,5.772
June 29 2000,8.236
June 28 2000,8.120
June 27 2000,8.198
June 26 2000,8.295
June 23 2000,8.430
June 22 2000,8.430
June 21 2000,8.566
June 20 2000,8.430
June 19 2000,8.430
June 16 2000,8.682
June 15 2000,8.372
June 14 2000,8.837
June 13 2000,8.605
June 12 2000,8.643
June 9 2000,8.236
June 8 2000,8.353
June 7 2000,8.140
June 6 2000,8.295
June 5 2000,8.023
June 2 2000,8.159
June 1 2000,8.333
May 31 2000,8.430
May 30 2000,7.984
May 26 2000,8.023
May 25 2000,7.616
May 24 2000,7.830
May 23 2000,7.771
May 22 2000,7.771
May 19 2000,7.868
May 18 2000,7.868
May 17 2000,7.984
May 16 2000,7.771
May 15 2000,7.946
May 12 2000,7.752
May 11 2000,7.674
May 10 2000,7.248
May 9 2000,7.326
May 8 2000,7.481
May 5 2000,7.345
May 4 2000,7.229
May 3 2000,7.132
May 2 2000,7.403
May 1 2000,7.170
April 28 2000,7.229
April 27 2000,7.519
April 26 2000,7.461
April 25 2000,7.519
April 24 2000,7.326
April 20 2000,7.345
April 19 2000,7.888
April 18 2000,7.422
April 17 2000,7.326
April 14 2000,7.539
April 13 2000,7.810
April 12 2000,7.926
April 11 2000,7.519
April 10 2000,7.403
April 7 2000,7.616
April 6 2000,7.655
April 5 2000,7.539
April 4 2000,7.830
April 3 2000,8.004
March 31 2000,8.081
March 30 2000,9.787
March 29 2000,9.254
March 28 2000,8.745
March 27 2000,9.012
March 24 2000,8.818
March 23 2000,8.818
March 22 2000,9.278
March 21 2000,9.472
March 20 2000,9.351
March 17 2000,9.424
March 16 2000,10.05
March 15 2000,9.738
March 14 2000,9.569
March 13 2000,9.690
March 10 2000,9.690
March 9 2000,9.690
March 8 2000,9.520
March 7 2000,9.666
March 6 2000,8.963
March 3 2000,8.987
March 2 2000,9.133
March 1 2000,8.697
Feb. 29 2000,8.382
Feb. 28 2000,8.261
Feb. 25 2000,8.236
Feb. 24 2000,8.358
Feb. 23 2000,8.503
Feb. 22 2000,8.915
Feb. 18 2000,9.012
Feb. 17 2000,9.424
Feb. 16 2000,9.472
Feb. 15 2000,9.278
Feb. 14 2000,9.060
Feb. 11 2000,8.915
Feb. 10 2000,9.278
Feb. 9 2000,9.060
Feb. 8 2000,9.472
Feb. 7 2000,9.690
Feb. 4 2000,9.424
Feb. 3 2000,9.714
Feb. 2 2000,9.908
Feb. 1 2000,9.569
Jan. 31 2000,9.956
Jan. 28 2000,9.448
Jan. 27 2000,9.448
Jan. 26 2000,9.690
Jan. 25 2000,9.617
Jan. 24 2000,9.835
Jan. 21 2000,10.32
Jan. 20 2000,9.981
Jan. 19 2000,10.34
Jan. 18 2000,10.25
Jan. 14 2000,10.08
Jan. 13 2000,10.08
Jan. 12 2000,10.05
Jan. 11 2000,10.15
Jan. 10 2000,10.05
Jan. 7 2000,10.56
Jan. 6 2000,10.17
Jan. 5 2000,9.327
Jan. 4 2000,9.084
Jan. 3 2000,9.399
Dec. 31 1999,9.569
Dec. 30 1999,8.75
Dec. 29 1999,8.991
Dec. 28 1999,9.035
Dec. 27 1999,9.057
Dec. 23 1999,9.298
Dec. 22 1999,8.882
Dec. 21 1999,9.101
Dec. 20 1999,9.123
Dec. 17 1999,9.803
Dec. 16 1999,9.518
Dec. 15 1999,9.386
Dec. 14 1999,9.167
Dec. 13 1999,9.101
Dec. 10 1999,9.101
Dec. 9 1999,8.925
Dec. 8 1999,8.575
Dec. 7 1999,8.794
Dec. 6 1999,8.925
Dec. 3 1999,9.079
Dec. 2 1999,9.189
Dec. 1 1999,9.364
Nov. 30 1999,9.276
Nov. 29 1999,9.364
Nov. 26 1999,9.561
Nov. 24 1999,9.715
Nov. 23 1999,9.561
Nov. 22 1999,10.04
Nov. 19 1999,10.37
Nov. 18 1999,10.48
Nov. 17 1999,10.46
Nov. 16 1999,10.42
Nov. 15 1999,10.31
Nov. 12 1999,10.35
Nov. 11 1999,10.24
Nov. 10 1999,10.24
Nov. 9 1999,9.912
Nov. 8 1999,9.759
Nov. 5 1999,9.605
Nov. 4 1999,9.737
Nov. 3 1999,9.737
Nov. 2 1999,10.04
Nov. 1 1999,10.29
Oct. 29 1999,10.22
Oct. 28 1999,10.04
Oct. 27 1999,10.18
Oct. 26 1999,9.737
Oct. 25 1999,9.978
Oct. 22 1999,10.33
Oct. 21 1999,10.04
Oct. 20 1999,9.737
Oct. 19 1999,9.627
Oct. 18 1999,9.583
Oct. 15 1999,9.496
Oct. 14 1999,9.759
Oct. 13 1999,9.825
Oct. 12 1999,9.474
Oct. 11 1999,9.474
Oct. 8 1999,9.386
Oct. 7 1999,9.496
Oct. 6 1999,9.781
Oct. 5 1999,9.649
Oct. 4 1999,9.868
Oct. 1 1999,9.978
Sept. 30 1999,10.26
Sept. 29 1999,14.63
Sept. 28 1999,14.63
Sept. 27 1999,15.10
Sept. 24 1999,14.72
Sept. 23 1999,15.23
Sept. 22 1999,15.38
Sept. 21 1999,15.35
Sept. 20 1999,15.73
Sept. 17 1999,16.20
Sept. 16 1999,16.01
Sept. 15 1999,15.98
Sept. 14 1999,16.04
Sept. 13 1999,16.07
Sept. 10 1999,16.17
Sept. 9 1999,16.67
Sept. 8 1999,16.17
Sept. 7 1999,15.85
Sept. 3 1999,15.48
Sept. 2 1999,15.41
Sept. 1 1999,15.95
Aug. 31 1999,15.60
Aug. 30 1999,15.26
Aug. 27 1999,14.94
Aug. 26 1999,15.13
Aug. 25 1999,15.13
Aug. 24 1999,15.51
Aug. 23 1999,15.98
Aug. 20 1999,15.76
Aug. 19 1999,15.79
Aug. 18 1999,15.79
Aug. 17 1999,15.91
Aug. 16 1999,15.91
Aug. 13 1999,16.13
Aug. 12 1999,16.23
Aug. 11 1999,16.17
Aug. 10 1999,16.04
Aug. 9 1999,15.98
Aug. 6 1999,15.57
Aug. 5 1999,15.29
Aug. 4 1999,15.07
Aug. 3 1999,15.29
Aug. 2 1999,15.26
July 30 1999,15.23
July 29 1999,15.16
July 28 1999,15.51
July 27 1999,15.57
July 26 1999,15.60
July 23 1999,15.44
July 22 1999,15.41
July 21 1999,15.82
July 20 1999,15.63
July 19 1999,16.20
July 16 1999,16.48
July 15 1999,16.54
July 14 1999,16.45
July 13 1999,16.13
July 12 1999,16.67
July 9 1999,16.10
July 8 1999,16.35
July 7 1999,16.51
July 6 1999,16.51
July 2 1999,16.17
July 1 1999,16.23
June 30 1999,16.32
June 29 1999,14.50
June 28 1999,14.47
June 25 1999,14.41
June 24 1999,14.53
June 23 1999,14.81
June 22 1999,14.58
June 21 1999,14.55
June 18 1999,14.78
June 17 1999,14.64
June 16 1999,14.67
June 15 1999,14.75
June 14 1999,14.64
June 11 1999,14.44
June 10 1999,14.44
June 9 1999,14.18
June 8 1999,13.70
June 7 1999,14.13
June 4 1999,14.04
June 3 1999,14.01
June 2 1999,13.58
June 1 1999,13.36
May 28 1999,13.67
May 27 1999,13.53
May 26 1999,13.93
May 25 1999,13.13
May 24 1999,13.47
May 21 1999,14.24
May 20 1999,13.70
May 19 1999,13.58
May 18 1999,13.18
May 17 1999,13.21
May 14 1999,13.58
May 13 1999,13.53
May 12 1999,13.21
May 11 1999,13.78
May 10 1999,13.78
May 7 1999,13.87
May 6 1999,14.10
May 5 1999,14.04
May 4 1999,13.96
May 3 1999,13.87
April 30 1999,14.27
April 29 1999,14.10
April 28 1999,13.50
April 27 1999,12.33
April 26 1999,11.96
April 23 1999,12.30
April 22 1999,12.67
April 21 1999,12.96
April 20 1999,13.13
April 19 1999,13.36
April 16 1999,12.93
April 15 1999,12.50
April 14 1999,12.39
April 13 1999,12.90
April 12 1999,12.73
April 9 1999,12.87
April 8 1999,12.64
April 7 1999,12.56
April 6 1999,12.64
April 5 1999,12.96
April 1 1999,12.73
March 31 1999,12.56
March 30 1999,10.89
March 29 1999,11.04
March 26 1999,10.67
March 25 1999,10.62
March 24 1999,10.62
March 23 1999,10.23
March 22 1999,10.48
March 19 1999,9.747
March 18 1999,9.893
March 17 1999,9.649
March 16 1999,9.308
March 15 1999,9.04
March 12 1999,9.406
March 11 1999,9.137
March 10 1999,9.113
March 9 1999,8.406
March 8 1999,8.406
March 5 1999,7.797
March 4 1999,7.822
March 3 1999,7.773
March 2 1999,7.797
March 1 1999,7.870
Feb. 26 1999,8.065
Feb. 25 1999,7.944
Feb. 24 1999,8.309
Feb. 23 1999,8.528
Feb. 22 1999,8.406
Feb. 19 1999,8.236
Feb. 18 1999,8.187
Feb. 17 1999,8.309
Feb. 16 1999,8.772
Feb. 12 1999,8.894
Feb. 11 1999,9.162
Feb. 10 1999,9.430
Feb. 9 1999,9.186
Feb. 8 1999,9.600
Feb. 5 1999,9.332
Feb. 4 1999,8.967
Feb. 3 1999,9.113
Feb. 2 1999,8.991
Feb. 1 1999,8.942
Jan. 29 1999,8.869
Jan. 28 1999,9.259
Jan. 27 1999,9.576
Jan. 26 1999,9.893
Jan. 25 1999,10.14
Jan. 22 1999,10.72
Jan. 21 1999,10.99
Jan. 20 1999,11.23
Jan. 19 1999,11.09
Jan. 15 1999,11.35
Jan. 14 1999,10.87
Jan. 13 1999,11.01
Jan. 12 1999,11.60
Jan. 11 1999,12.01
Jan. 8 1999,12.04
Jan. 7 1999,11.72
Jan. 6 1999,11.62
Jan. 5 1999,11.26
Jan. 4 1999,11.45
Dec. 31 1998,11.74
Dec. 30 1998,8.195
Dec. 29 1998,8.160
Dec. 28 1998,8.057
Dec. 24 1998,7.728
Dec. 23 1998,7.832
Dec. 22 1998,7.521
Dec. 21 1998,7.590
Dec. 18 1998,7.711
Dec. 17 1998,7.642
Dec. 16 1998,7.815
Dec. 15 1998,7.676
Dec. 14 1998,7.659
Dec. 11 1998,7.676
Dec. 10 1998,7.832
Dec. 9 1998,8.005
Dec. 8 1998,7.849
Dec. 7 1998,7.866
Dec. 4 1998,7.901
Dec. 3 1998,7.659
Dec. 2 1998,7.901
Dec. 1 1998,8.074
Nov. 30 1998,7.832
Nov. 27 1998,8.247
Nov. 25 1998,8.109
Nov. 24 1998,8.299
Nov. 23 1998,8.437
Nov. 20 1998,8.351
Nov. 19 1998,8.299
Nov. 18 1998,8.437
Nov. 17 1998,8.524
Nov. 16 1998,8.696
Nov. 13 1998,8.835
Nov. 12 1998,8.835
Nov. 11 1998,8.454
Nov. 10 1998,8.541
Nov. 9 1998,8.748
Nov. 6 1998,8.852
Nov. 5 1998,8.731
Nov. 4 1998,9.094
Nov. 3 1998,9.163
Nov. 2 1998,9.025
Oct. 30 1998,9.042
Oct. 29 1998,8.973
Oct. 28 1998,8.696
Oct. 27 1998,9.094
Oct. 26 1998,9.232
Oct. 23 1998,9.077
Oct. 22 1998,8.938
Oct. 21 1998,8.973
Oct. 20 1998,9.284
Oct. 19 1998,9.353
Oct. 16 1998,9.768
Oct. 15 1998,9.768
Oct. 14 1998,9.647
Oct. 13 1998,9.751
Oct. 12 1998,10.04
Oct. 9 1998,9.855
Oct. 8 1998,9.647
Oct. 7 1998,9.958
Oct. 6 1998,10.24
Oct. 5 1998,10.46
Oct. 2 1998,10.03
Oct. 1 1998,9.682
Sept. 30 1998,9.803
Sept. 29 1998,8.348
Sept. 28 1998,8.017
Sept. 25 1998,8.075
Sept. 24 1998,7.716
Sept. 23 1998,7.888
Sept. 22 1998,7.299
Sept. 21 1998,7.572
Sept. 18 1998,7.414
Sept. 17 1998,7.414
Sept. 16 1998,7.644
Sept. 15 1998,7.615
Sept. 14 1998,7.773
Sept. 11 1998,7.960
Sept. 10 1998,7.241
Sept. 9 1998,6.925
Sept. 8 1998,6.868
Sept. 4 1998,6.724
Sept. 3 1998,6.365
Sept. 2 1998,6.336
Sept. 1 1998,6.221
Aug. 31 1998,5.977
Aug. 28 1998,6.336
Aug. 27 1998,6.264
Aug. 26 1998,6.652
Aug. 25 1998,6.624
Aug. 24 1998,6.695
Aug. 21 1998,6.796
Aug. 20 1998,6.968
Aug. 19 1998,6.897
Aug. 18 1998,6.782
Aug. 17 1998,6.695
Aug. 14 1998,6.782
Aug. 13 1998,6.882
Aug. 12 1998,6.925
Aug. 11 1998,7.069
Aug. 10 1998,7.342
Aug. 7 1998,7.270
Aug. 6 1998,7.012
Aug. 5 1998,7.098
Aug. 4 1998,7.457
Aug. 3 1998,7.629
July 31 1998,7.845
July 30 1998,8.060
July 29 1998,8.017
July 28 1998,7.874
July 27 1998,8.003
July 24 1998,8.089
July 23 1998,7.945
July 22 1998,8.046
July 21 1998,7.960
July 20 1998,7.874
July 17 1998,8.032
July 16 1998,8.032
July 15 1998,8.060
July 14 1998,7.988
July 13 1998,7.773
July 10 1998,8.132
July 9 1998,8.175
July 8 1998,8.190
July 7 1998,8.132
July 6 1998,8.276
July 2 1998,8.262
July 1 1998,8.333
June 30 1998,7.888
June 29 1998,8.303
June 26 1998,8.303
June 25 1998,8.348
June 24 1998,8.364
June 23 1998,8.348
June 22 1998,8.303
June 19 1998,8.136
June 18 1998,8.091
June 17 1998,8.333
June 16 1998,8.015
June 15 1998,7.803
June 12 1998,8.061
June 11 1998,8.091
June 10 1998,8.106
June 9 1998,8.227
June 8 1998,8.394
June 5 1998,8.515
June 4 1998,8.303
June 3 1998,8.091
June 2 1998,8.076
June 1 1998,8.197
May 29 1998,8.485
May 28 1998,8.485
May 27 1998,8.182
May 26 1998,8.182
May 22 1998,8.409
May 21 1998,8.546
May 20 1998,8.621
May 19 1998,8.576
May 18 1998,8.576
May 15 1998,8.818
May 14 1998,8.894
May 13 1998,8.727
May 12 1998,8.667
May 11 1998,8.727
May 8 1998,8.712
May 7 1998,8.758
May 6 1998,8.924
May 5 1998,8.667
May 4 1998,8.758
May 1 1998,9.00
April 30 1998,8.712
April 29 1998,8.803
April 28 1998,8.576
April 27 1998,8.606
April 24 1998,8.636
April 23 1998,8.848
April 22 1998,9.00
April 21 1998,9.227
April 20 1998,9.167
April 17 1998,9.303
April 16 1998,9.152
April 15 1998,9.091
April 14 1998,8.909
April 13 1998,8.924
April 9 1998,9.00
April 8 1998,9.015
April 7 1998,9.242
April 6 1998,9.242
April 3 1998,9.242
April 2 1998,9.333
April 1 1998,9.212
March 31 1998,9.121
March 30 1998,9.973
March 27 1998,9.99
March 26 1998,10.22
March 25 1998,9.940
March 24 1998,10.24
March 23 1998,10.32
March 20 1998,10.07
March 19 1998,9.839
March 18 1998,9.772
March 17 1998,9.605
March 16 1998,9.739
March 13 1998,9.538
March 12 1998,9.672
March 11 1998,9.588
March 10 1998,9.588
March 9 1998,9.137
March 6 1998,9.488
March 5 1998,9.388
March 4 1998,9.538
March 3 1998,9.739
March 2 1998,9.538
Feb. 27 1998,9.254
Feb. 26 1998,9.036
Feb. 25 1998,8.568
Feb. 24 1998,8.584
Feb. 23 1998,8.601
Feb. 20 1998,8.685
Feb. 19 1998,8.634
Feb. 18 1998,8.919
Feb. 17 1998,8.718
Feb. 13 1998,8.785
Feb. 12 1998,8.802
Feb. 11 1998,8.886
Feb. 10 1998,8.852
Feb. 9 1998,9.070
Feb. 6 1998,8.952
Feb. 5 1998,8.835
Feb. 4 1998,9.120
Feb. 3 1998,8.768
Feb. 2 1998,8.969
